Workbook

Sheet Data
A1: Run Date | C1: time | D1: RoomTemp:
A3: N2 w/pump off:
A4: N2 w/pump on:
D5: =D3/D4 -> #DIV/0!
A6: Site Name
A7: Sampling Date
A9: Sample | B9: Index | C9: Time | D9: N28 | E9: N29 | F9: N30 | G9: Ar | H9: O2 | I9: Time
A10: Calibrate_20C | B10: 4384 | C10: 0.52340278 | D10: 2.818135e-10 | G10: 1.203577e-11 | H10: 1.360045e-10 | I10: =N10-N$10 -> 0 | J10: 0.52340278 | K10: 12 | L10: 33 | M10: 42 | N10: =(K10)*60+L10+M10/60 -> 753.7
A11: Calibrate_20C | B11: 4391 | C11: 0.52351852 | D11: 2.81585e-10 | G11: 1.203473e-11 | H11: 1.3596e-10 | I11: =N11-N$10 -> 0.16666667 | J11: 0.52351852 | K11: 12 | L11: 33 | M11: 52 | N11: =(K11)*60+L11+M11/60 -> 753.86667
A12: Calibrate_20C | B12: 4395 | C12: 0.52359954 | D12: 2.815194e-10 | G12: 1.202796e-11 | H12: 1.359599e-10 | I12: =N12-N$10 -> 0.28333333 | J12: 0.52359954 | K12: 12 | L12: 33 | M12: 59 | N12: =(K12)*60+L12+M12/60 -> 753.98333
A13: Calibrate_30C | B13: 4628 | C13: 0.52775463 | D13: 2.498668e-10 | G13: 1.013802e-11 | H13: 1.15499e-10 | I13: =N13-N$10 -> 6.2666667 | J13: 0.52775463 | K13: 12 | L13: 39 | M13: 58 | N13: =(K13)*60+L13+M13/60 -> 759.96667
A14: Calibrate_30C | B14: 4633 | C14: 0.52784722 | D14: 2.501551e-10 | G14: 1.014492e-11 | H14: 1.155769e-10 | I14: =N14-N$10 -> 6.4 | J14: 0.52784722 | K14: 12 | L14: 40 | M14: 6 | N14: =(K14)*60+L14+M14/60 -> 760.1
A15: Calibrate_30C | B15: 4635 | C15: 0.52788194 | D15: 2.499926e-10 | G15: 1.013835e-11 | H15: 1.154703e-10 | I15: =N15-N$10 -> 6.45 | J15: 0.52788194 | K15: 12 | L15: 40 | M15: 9 | N15: =(K15)*60+L15+M15/60 -> 760.15
A16: grassesIN_T0_1 | B16: 4942 | C16: 0.53335648 | D16: 2.531977e-10 | G16: 1.058717e-11 | H16: 9.673242e-11 | I16: =N16-N$10 -> 14.333333 | J16: 0.53335648 | K16: 12 | L16: 48 | M16: 2 | N16: =(K16)*60+L16+M16/60 -> 768.03333
A17: grassesIN_T0_2 | B17: 4946 | C17: 0.53342593 | D17: 2.532855e-10 | G17: 1.059599e-11 | H17: 9.665579e-11 | I17: =N17-N$10 -> 14.433333 | J17: 0.53342593 | K17: 12 | L17: 48 | M17: 8 | N17: =(K17)*60+L17+M17/60 -> 768.13333
A18: grassesIN_T0_3 | B18: 4950 | C18: 0.53350694 | D18: 2.534145e-10 | G18: 1.060106e-11 | H18: 9.669117e-11 | I18: =N18-N$10 -> 14.55 | J18: 0.53350694 | K18: 12 | L18: 48 | M18: 15 | N18: =(K18)*60+L18+M18/60 -> 768.25
A19: 1_T0_1 | B19: 5065 | C19: 0.53555556 | D19: 2.468768e-10 | G19: 1.030786e-11 | H19: 7.128617e-11 | I19: =N19-N$10 -> 17.5 | J19: 0.53555556 | K19: 12 | L19: 51 | M19: 12 | N19: =(K19)*60+L19+M19/60 -> 771.2
A20: 1_T0_2 | B20: 5068 | C20: 0.53561343 | D20: 2.467791e-10 | G20: 1.03053e-11 | H20: 7.111498e-11 | I20: =N20-N$10 -> 17.583333 | J20: 0.53561343 | K20: 12 | L20: 51 | M20: 17 | N20: =(K20)*60+L20+M20/60 -> 771.28333
A21: 1_T0_3 | B21: 5070 | C21: 0.53564815 | D21: 2.467689e-10 | G21: 1.030689e-11 | H21: 7.102859e-11 | I21: =N21-N$10 -> 17.633333 | J21: 0.53564815 | K21: 12 | L21: 51 | M21: 20 | N21: =(K21)*60+L21+M21/60 -> 771.33333
... A27: Calibrate_20C | B27: 5382 | C27: 0.54121528 | D27: 2.823771e-10 | G27: 1.196707e-11 | H27: 1.337087e-10 | I27: =N27-N$10 -> 25.65 | J27: 0.54121528 | K27: 12 | L27: 59 | M27: 21 | N27: =(K27)*60+L27+M27/60 -> 779.35
A28: Calibrate_30C | B28: 5549 | C28: 0.54420139 | D28: 2.423149e-10 | G28: 9.894056e-12 | H28: 1.120657e-10 | I28: =N28-N$10 -> 29.95 | J28: 0.54420139 | K28: 1 | L28: 3 | M28: 39 | N28: =(12+K28)*60+L28+M28/60 -> 783.65
A29: Calibrate_30C | B29: 5554 | C29: 0.54428241 | D29: 2.421794e-10 | G29: 9.884355e-12 | H29: 1.120074e-10 | I29: =N29-N$10 -> 30.066667 | J29: 0.54428241 | K29: 1 | L29: 3 | M29: 46 | N29: =(12+K29)*60+L29+M29/60 -> 783.76667
A30: Calibrate_30C | B30: 5558 | C30: 0.54435185 | D30: 2.421555e-10 | G30: 9.884537e-12 | H30: 1.120135e-10 | I30: =N30-N$10 -> 30.166667 | J30: 0.54435185 | K30: 1 | L30: 3 | M30: 52 | N30: =(12+K30)*60+L30+M30/60 -> 783.86667
A31: 3_T0_1 | B31: 5740 | C31: 0.54760417 | D31: 2.4775e-10 | G31: 1.037639e-11 | H31: 9.744901e-11 | I31: =N31-N$10 -> 34.85 | J31: 0.54760417 | K31: 1 | L31: 8 | M31: 33 | N31: =(12+K31)*60+L31+M31/60 -> 788.55
A32: 3_T0_2 | B32: 5744 | C32: 0.54767361 | D32: 2.477313e-10 | G32: 1.037721e-11 | H32: 9.742399e-11 | I32: =N32-N$10 -> 34.95 | J32: 0.54767361 | K32: 1 | L32: 8 | M32: 39 | N32: =(12+K32)*60+L32+M32/60 -> 788.65
A33: 3_T0_3 | B33: 5745 | C33: 0.54769676 | D33: 2.476856e-10 | G33: 1.037691e-11 | H33: 9.744171e-11 | I33: =N33-N$10 -> 34.983333 | J33: 0.54769676 | K33: 1 | L33: 8 | M33: 41 | N33: =(12+K33)*60+L33+M33/60 -> 788.68333
A34: openwaterIN_T0_1 | B34: 5895 | C34: 0.55037037 | D34: 2.504726e-10 | G34: 1.047354e-11 | H34: 9.500548e-11 | I34: =N34-N$10 -> 38.833333 | J34: 0.55037037 | K34: 1 | L34: 12 | M34: 32 | N34: =(12+K34)*60+L34+M34/60 -> 792.53333
A35: openwaterIN_T0_2 | B35: 5900 | C35: 0.55046296 | D35: 2.503256e-10 | G35: 1.046105e-11 | H35: 9.496401e-11 | I35: =N35-N$10 -> 38.966667 | J35: 0.55046296 | K35: 1 | L35: 12 | M35: 40 | N35: =(12+K35)*60+L35+M35/60 -> 792.66667
A36: openwaterIN_T0_3 | B36: 5906 | C36: 0.55056713 | D36: 2.502046e-10 | G36: 1.045602e-11 | H36: 9.489412e-11 | I36: =N36-N$10 -> 39.116667 | J36: 0.55056713 | K36: 1 | L36: 12 | M36: 49 | N36: =(12+K36)*60+L36+M36/60 -> 792.81667
A37: 4_T0_1 | B37: 6016 | C37: 0.55253472 | D37: 2.483189e-10 | G37: 1.038426e-11 | H37: 7.975403e-11 | I37: =N37-N$10 -> 41.95 | J37: 0.55253472 | K37: 1 | L37: 15 | M37: 39 | N37: =(12+K37)*60+L37+M37/60 -> 795.65
A38: 4_T0_2 | B38: 6019 | C38: 0.55258102 | D38: 2.482318e-10 | G38: 1.038185e-11 | H38: 7.963923e-11 | I38: =N38-N$10 -> 42.016667 | J38: 0.55258102 | K38: 1 | L38: 15 | M38: 43 | N38: =(12+K38)*60+L38+M38/60 -> 795.71667
A39: 4_T0_3 | B39: 6023 | C39: 0.55266204 | D39: 2.482256e-10 | G39: 1.037825e-11 | H39: 7.953364e-11 | I39: =N39-N$10 -> 42.133333 | J39: 0.55266204 | K39: 1 | L39: 15 | M39: 50 | N39: =(12+K39)*60+L39+M39/60 -> 795.83333
... A255: Calibrate_30C | B255: 16246 | C255: 0.73518519 | D255: 2.007826e-10 | G255: 8.202767e-12 | H255: 9.349865e-11 | I255: =N255-N$10 -> 304.96667 | J255: 0.73518519 | K255: 5 | L255: 38 | M255: 40 | N255: =(12+K255)*60+L255+M255/60 -> 1058.6667

Sheet Regs
A1: 20/0 | D1: SUMMARY OUTPUT
A3: N2/Ar | B3: time(min) | D3: Regression Statistics
A4: =Data!D10/Data!G10 -> 23.414663 | B4: =Data!I10 -> 0 | D4: Multiple R | E4: 0.32819059
A5: =Data!D11/Data!G11 -> 23.3977 | B5: =Data!I11 -> 0.16666667 | D5: R Square | E5: 0.10770906
A6: =Data!D12/Data!G12 -> 23.405415 | B6: =Data!I12 -> 0.28333333 | D6: Adjusted R Square | E6: 0.05194088
A7: =Data!D25/Data!G25 -> 23.638415 | B7: =Data!I25 -> 25.45 | D7: Standard Error | E7: 0.073523614
A8: =Data!D26/Data!G26 -> 23.597249 | B8: =Data!I26 -> 25.55 | D8: Observations | E8: 18
A9: =Data!D27/Data!G27 -> 23.596177 | B9: =Data!I27 -> 25.65
A10: =Data!D100/Data!G100 -> 23.529014 | B10: =Data!I100 -> 119.13333 | D10: ANOVA
A11: =Data!D101/Data!G101 -> 23.538164 | B11: =Data!I101 -> 119.23333 | E11: df | F11: SS | G11: MS | H11: F | I11: Significance F
A12: =Data!D102/Data!G102 -> 23.507808 | B12: =Data!I102 -> 119.3 | D12: Regression | E12: 1 | F12: 0.010440455 | G12: 0.010440455 | H12: 1.9313712 | I12: 0.18364418
A13: =Data!D115/Data!G115 -> 23.551483 | B13: =Data!I115 -> 145.83333 | D13: Residual | E13: 16 | F13: 0.086491549 | G13: 0.0054057218
A14: =Data!D116/Data!G116 -> 23.543678 | B14: =Data!I116 -> 145.91667 | D14: Total | E14: 17 | F14: 0.096932004
A15: =Data!D117/Data!G117 -> 23.555497 | B15: =Data!I117 -> 145.98333
A16: =Data!D205/Data!G205 -> 23.460173 | B16: =Data!I205 -> 253.75 | E16: Coefficients | F16: Standard Error | G16: t Stat | H16: P-value | I16: Lower 95% | J16: Upper 95% | K16: Lower 95.0% | L16: Upper 95.0%
A17: =Data!D206/Data!G206 -> 23.463449 | B17: =Data!I206 -> 253.8 | D17: Intercept | E17: 23.528266 | F17: 0.02823562 | G17: 833.28312 | H17: 1.5606357e-38 | I17: 23.468409 | J17: 23.588122 | K17: 23.468409 | L17: 23.588122
A18: =Data!D207/Data!G207 -> 23.494448 | B18: =Data!I207 -> 253.9 | D18: X Variable 1 | E18: -0.00021974378 | F18: 0.00015811888 | G18: -1.3897378 | H18: 0.18364418 | I18: -0.00055494082 | J18: 0.00011545326 | K18: -0.00055494082 | L18: 0.00011545326
A19: =Data!D250/Data!G250 -> 23.419945 | B19: =Data!I250 -> 301.11667
A20: =Data!D251/Data!G251 -> 23.419502 | B20: =Data!I251 -> 301.25
A21: =Data!D252/Data!G252 -> 23.418358 | B21: =Data!I252 -> 301.36667
A23: 30/0 | D23: SUMMARY OUTPUT
A25: N2/Ar | B25: time(min) | D25: Regression Statistics
A26: =Data!D13/Data!G13 -> 24.646509 | B26: =Data!I13 -> 6.2666667 | D26: Multiple R | E26: 0.21109726
A27: =Data!D14/Data!G14 -> 24.658164 | B27: =Data!I14 -> 6.4 | D27: R Square | E27: 0.044562053
A28: =Data!D15/Data!G15 -> 24.658115 | B28: =Data!I15 -> 6.45 | D28: Adjusted R Square | E28: -0.015152818
A29: =Data!D28/Data!G28 -> 24.490957 | B29: =Data!I28 -> 29.95 | D29: Standard Error | E29: 0.14595492
A30: =Data!D29/Data!G29 -> 24.501285 | B30: =Data!I29 -> 30.066667 | D30: Observations | E30: 18
A31: =Data!D30/Data!G30 -> 24.498416 | B31: =Data!I30 -> 30.166667
A32: =Data!D103/Data!G103 -> 24.277982 | B32: =Data!I103 -> 128.9 | D32: ANOVA
A33: =Data!D104/Data!G104 -> 24.278899 | B33: =Data!I104 -> 128.96667 | E33: df | F33: SS | G33: MS | H33: F | I33: Significance F
A34: =Data!D105/Data!G105 -> 24.272016 | B34: =Data!I105 -> 129.08333 | D34: Regression | E34: 1 | F34: 0.015897182 | G34: 0.015897182 | H34: 0.74624716 | I34: 0.40043227
A35: =Data!D118/Data!G118 -> 24.248081 | B35: =Data!I118 -> 149.2 | D35: Residual | E35: 16 | F35: 0.34084541 | G35: 0.021302838
A36: =Data!D119/Data!G119 -> 24.243371 | B36: =Data!I119 -> 149.25 | D36: Total | E36: 17 | F36: 0.35674259
A37: =Data!D120/Data!G120 -> 24.263284 | B37: =Data!I120 -> 149.28333
A38: =Data!D208/Data!G208 -> 24.508789 | B38: =Data!I208 -> 256.98333 | E38: Coefficients | F38: Standard Error | G38: t Stat | H38: P-value | I38: Lower 95% | J38: Upper 95% | K38: Lower 95.0% | L38: Upper 95.0%
A39: =Data!D209/Data!G209 -> 24.515191 | B39: =Data!I209 -> 257.06667 | D39: Intercept | E39: 24.486005 | F39: 0.05765327 | G39: 424.71148 | H39: 7.52079e-34 | I39: 24.363786 | J39: 24.608225 | K39: 24.363786 | L39: 24.608225
A40: =Data!D210/Data!G210 -> 24.525299 | B40: =Data!I210 -> 257.2 | D40: X Variable 1 | E40: -0.00027354826 | F40: 0.00031665957 | G40: -0.86385598 | H40: 0.40043227 | I40: -0.00094483656 | J40: 0.00039774003 | K40: -0.00094483656 | L40: 0.00039774003
A41: =Data!D253/Data!G253 -> 24.481075 | B41: =Data!I253 -> 304.76667
A42: =Data!D254/Data!G254 -> 24.483854 | B42: =Data!I254 -> 304.86667
A43: =Data!D255/Data!G255 -> 24.477423 | B43: =Data!I255 -> 304.96667
A45: 20/0 | D45: SUMMARY OUTPUT
A47: O2/Ar | B47: Time(min) | D47: Regression Statistics
A48: =Data!H10/Data!G10 -> 11.300025 | B48: =Data!I10 -> 0 | D48: Multiple R | E48: 0.50239625
A49: =Data!H11/Data!G11 -> 11.297304 | B49: =Data!I11 -> 0.16666667 | D49: R Square | E49: 0.252402
A50: =Data!H12/Data!G12 -> 11.303654 | B50: =Data!I12 -> 0.28333333 | D50: Adjusted R Square | E50: 0.20567712
A51: =Data!H25/Data!G25 -> 11.174578 | B51: =Data!I25 -> 25.45 | D51: Standard Error | E51: 0.10724001
A52: =Data!H26/Data!G26 -> 11.168346 | B52: =Data!I26 -> 25.55 | D52: Observations | E52: 18
A53: =Data!H27/Data!G27 -> 11.173052 | B53: =Data!I27 -> 25.65
A54: =Data!H100/Data!G100 -> 10.957613 | B54: =Data!I100 -> 119.13333 | D54: ANOVA
A55: =Data!H101/Data!G101 -> 10.983645 | B55: =Data!I101 -> 119.23333 | E55: df | F55: SS | G55: MS | H55: F | I55: Significance F
A56: =Data!H102/Data!G102 -> 10.982495 | B56: =Data!I102 -> 119.3 | D56: Regression | E56: 1 | F56: 0.062123842 | G56: 0.062123842 | H56: 5.4018763 | I56: 0.033605829
A57: =Data!H115/Data!G115 -> 11.239883 | B57: =Data!I115 -> 145.83333 | D57: Residual | E57: 16 | F57: 0.18400671 | G57: 0.011500419
A58: =Data!H116/Data!G116 -> 11.237308 | B58: =Data!I116 -> 145.91667 | D58: Total | E58: 17 | F58: 0.24613055
A59: =Data!H117/Data!G117 -> 11.244065 | B59: =Data!I117 -> 145.98333
A60: =Data!H205/Data!G205 -> 10.995129 | B60: =Data!I205 -> 253.75 | E60: Coefficients | F60: Standard Error | G60: t Stat | H60: P-value | I60: Lower 95% | J60: Upper 95% | K60: Lower 95.0% | L60: Upper 95.0%
A61: =Data!H206/Data!G206 -> 11.001653 | B61: =Data!I206 -> 253.8 | D61: Intercept | E61: 11.213162 | F61: 0.041183886 | G61: 272.27063 | H61: 9.2328911e-31 | I61: 11.125856 | J61: 11.300468 | K61: 11.125856 | L61: 11.300468
A62: =Data!H207/Data!G207 -> 11.027006 | B62: =Data!I207 -> 253.9 | D62: X Variable 1 | E62: -0.00053602621 | F62: 0.00023062889 | G62: -2.3241937 | H62: 0.033605829 | I62: -0.0010249376 | J62: -4.7114804e-05 | K62: -0.0010249376 | L62: -4.7114804e-05
A63: =Data!H250/Data!G250 -> 11.125983 | B63: =Data!I250 -> 301.11667
A64: =Data!H251/Data!G251 -> 11.130447 | B64: =Data!I251 -> 301.25
A65: =Data!H252/Data!G252 -> 11.13447 | B65: =Data!I252 -> 301.36667
A67: 30/0 | D67: SUMMARY OUTPUT
A69: O2/Ar | B69: time(min) | D69: Regression Statistics
A70: =Data!H13/Data!G13 -> 11.392659 | B70: =Data!I13 -> 6.2666667 | D70: Multiple R | E70: 0.20920736
A71: =Data!H14/Data!G14 -> 11.392589 | B71: =Data!I14 -> 6.4 | D71: R Square | E71: 0.043767719
A72: =Data!H15/Data!G15 -> 11.389457 | B72: =Data!I15 -> 6.45 | D72: Adjusted R Square | E72: -0.015996798
A73: =Data!H28/Data!G28 -> 11.326568 | B73: =Data!I28 -> 29.95 | D73: Standard Error | E73: 0.045641366
A74: =Data!H29/Data!G29 -> 11.331786 | B74: =Data!I29 -> 30.066667 | D74: Observations | E74: 18
A75: =Data!H30/Data!G30 -> 11.332195 | B75: =Data!I30 -> 30.166667
A76: =Data!H103/Data!G103 -> 11.281914 | B76: =Data!I103 -> 128.9 | D76: ANOVA
A77: =Data!H104/Data!G104 -> 11.283554 | B77: =Data!I104 -> 128.96667 | E77: df | F77: SS | G77: MS | H77: F | I77: Significance F
A78: =Data!H105/Data!G105 -> 11.285664 | B78: =Data!I105 -> 129.08333 | D78: Regression | E78: 1 | F78: 0.0015255546 | G78: 0.0015255546 | H78: 0.7323362 | I78: 0.40476081
A79: =Data!H118/Data!G118 -> 11.29168 | B79: =Data!I118 -> 149.2 | D79: Residual | E79: 16 | F79: 0.033330149 | G79: 0.0020831343
A80: =Data!H119/Data!G119 -> 11.291677 | B80: =Data!I119 -> 149.25 | D80: Total | E80: 17 | F80: 0.034855703
A81: =Data!H120/Data!G120 -> 11.30003 | B81: =Data!I120 -> 149.28333
A82: =Data!H208/Data!G208 -> 11.354298 | B82: =Data!I208 -> 256.98333 | E82: Coefficients | F82: Standard Error | G82: t Stat | H82: P-value | I82: Lower 95% | J82: Upper 95% | K82: Lower 95.0% | L82: Upper 95.0%
A83: =Data!H209/Data!G209 -> 11.359982 | B83: =Data!I209 -> 257.06667 | D83: Intercept | E83: 11.33045 | F83: 0.018028676 | G83: 628.46821 | H83: 1.423615e-36 | I83: 11.292231 | J83: 11.368669 | K83: 11.292231 | L83: 11.368669
A84: =Data!H210/Data!G210 -> 11.367779 | B84: =Data!I210 -> 257.2 | D84: X Variable 1 | E84: 8.4739864e-05 | F84: 9.9022187e-05 | G84: 0.85576644 | H84: 0.40476081 | I84: -0.00012517779 | J84: 0.00029465752 | K84: -0.00012517779 | L84: 0.00029465752
A85: =Data!H253/Data!G253 -> 11.392989 | B85: =Data!I253 -> 304.76667
A86: =Data!H254/Data!G254 -> 11.397702 | B86: =Data!I254 -> 304.86667
A87: =Data!H255/Data!G255 -> 11.398428 | B87: =Data!I255 -> 304.96667

Sheet 28N2-O2
C1: Actual | G1: N2(20/0) | H1: O2(20/0)
B2: N2/Ar | C2: O2/Ar | D2: Ar | F2: r2 | G2: =Regs!E5 -> 0.10770906 | H2: =Regs!E49 -> 0.252402
A3: 20/0 | B3: 38.187 | C3: 20.393 | D3: 13.9 | F3: intercept | G3: =Regs!E17 -> 23.528266 | H3: =Regs!E61 -> 11.213162
A4: 30/0 | B4: 38.861 | C4: 20.38 | D4: 11.6 | F4: slope | G4: =Regs!E18 -> -0.00021974378 | H4: =Regs!E62 -> -0.00053602621
A6: D= | B6: =(Regs!E39+Regs!E40*(Data!I255/2))-(Regs!E17+Regs!E18*(Data!I255/2)) -> 0.94953558
A7: Avg CF= | B7: =AVERAGE(D13:D15,D28:D30,D103:D105,D118:D120,D208:D210,D253:D255) -> 1.6251823 | C7: =AVERAGE(F13:F15,F28:F30,F103:F105,F118:F120,F208:F210,F253:F255) -> 1.8312083
A8: Adj. D= | B8: =B6*B7 -> 1.5431684
A9: Factor= | B9: =B8/(B4-B3) -> 2.2895674
E11: Measured | J11: Actual
A12: Sample ID | B12: time (min) | C12: N2/Ar | D12: CF | E12: O2/Ar | F12: CF | G12: N2 D | H12: O2 D | I12: N2/Ar | J12: O2/Ar | K12: N2 | L12: O2 | M12: Avg N2 | N12: Avg O2 | O12: Sample ID
A13: =Data!A10 -> Calibrate_20C | B13: =Data!I10 -> 0 | C13: =Data!D10/Data!G10 -> 23.414663 | D13: =B$3/C13 -> 1.6309011 | E13: =Data!H10/Data!G10 -> 11.300025 | F13: =C$3/E13 -> 1.8046863 | G13: =C13-(G$3+G$4*B13) -> -0.11360241 | H13: =E13-(H$3+H$4*B13) -> 0.086862567 | I13: =G13*(B$7/B$9)+B$3 -> 38.106363 | J13: =H13*(C$7)+C$3 -> 20.552063 | K13: =I13*D$3 -> 529.67844 | L13: =J13*D$3 -> 285.67368 | O13: =Data!A10 -> Calibrate_20C
B14: =Data!I11 -> 0.16666667 | C14: =Data!D11/Data!G11 -> 23.3977 | D14: =B$3/C14 -> 1.6320835 | E14: =Data!H11/Data!G11 -> 11.297304 | F14: =C$3/E14 -> 1.805121 | G14: =C14-(G$3+G$4*B14) -> -0.13052908 | H14: =E14-(H$3+H$4*B14) -> 0.084230783 | I14: =G14*(B$7/B$9)+B$3 -> 38.094348 | J14: =H14*(C$7)+C$3 -> 20.547244 | K14: =I14*D$3 -> 529.51143 | L14: =J14*D$3 -> 285.60669
B15: =Data!I12 -> 0.28333333 | C15: =Data!D12/Data!G12 -> 23.405415 | D15: =B$3/C15 -> 1.6315455 | E15: =Data!H12/Data!G12 -> 11.303654 | F15: =C$3/E15 -> 1.8041069 | G15: =C15-(G$3+G$4*B15) -> -0.12278789 | H15: =E15-(H$3+H$4*B15) -> 0.090643751 | I15: =G15*(B$7/B$9)+B$3 -> 38.099843 | J15: =H15*(C$7)+C$3 -> 20.558988 | K15: =I15*D$3 -> 529.58781 | L15: =J15*D$3 -> 285.76993
A16: =Data!A13 -> Calibrate_30C | B16: =Data!I13 -> 6.2666667 | C16: =Data!D13/Data!G13 -> 24.646509 | D16: =B$4/C16 -> 1.5767345 | E16: =Data!H13/Data!G13 -> 11.392659 | F16: =C$4/E16 -> 1.7888713 | G16: =C16-(G$3+G$4*B16) -> 1.1196204 | H16: =E16-(H$3+H$4*B16) -> 0.18285535 | I16: =G16*(B$7/B$9)+B$3 -> 38.98173 | J16: =H16*(C$7)+C$3 -> 20.727846 | K16: =I16*D$3 -> 541.84604 | L16: =J16*D$3 -> 288.11706 | O16: =Data!A13 -> Calibrate_30C
B17: =Data!I14 -> 6.4 | C17: =Data!D14/Data!G14 -> 24.658164 | D17: =B$4/C17 -> 1.5759892 | E17: =Data!H14/Data!G14 -> 11.392589 | F17: =C$4/E17 -> 1.7888823 | G17: =C17-(G$3+G$4*B17) -> 1.1313047 | H17: =E17-(H$3+H$4*B17) -> 0.1828569 | I17: =G17*(B$7/B$9)+B$3 -> 38.990023 | J17: =H17*(C$7)+C$3 -> 20.727849 | K17: =I17*D$3 -> 541.96133 | L17: =J17*D$3 -> 288.1171
B18: =Data!I15 -> 6.45 | C18: =Data!D15/Data!G15 -> 24.658115 | D18: =B$4/C18 -> 1.5759923 | E18: =Data!H15/Data!G15 -> 11.389457 | F18: =C$4/E18 -> 1.7893742 | G18: =C18-(G$3+G$4*B18) -> 1.1312668 | H18: =E18-(H$3+H$4*B18) -> 0.17975196 | I18: =G18*(B$7/B$9)+B$3 -> 38.989997 | J18: =H18*(C$7)+C$3 -> 20.722163 | K18: =I18*D$3 -> 541.96095 | L18: =J18*D$3 -> 288.03807
A19: =Data!A16 -> grassesIN_T0_1 | B19: =Data!I16 -> 14.333333 | C19: =Data!D16/Data!G16 -> 23.915522 | D19: =B$3/C19 -> 1.5967454 | E19: =Data!H16/Data!G16 -> 9.1367589 | F19: =C$3/E19 -> 2.2319731 | G19: =C19-(G$3+G$4*B19) -> 0.39040641 | H19: =E19-(H$3+H$4*B19) -> -2.0687203 | I19: =G19*(B$7/B$9)+B$3 -> 38.464119 | J19: =H19*(C$7)+C$3 -> 16.604742 | K19: =I19*D$3 -> 534.65125 | L19: =J19*D$3 -> 230.80592 | M19: =AVERAGE(K19:K21) -> 534.57746 | N19: =AVERAGE(L19:L21) -> 230.54688 | O19: =Data!A16 -> grassesIN_T0_1 | P19: =STDEV(K19:K21)/SQRT(3) -> 0.03695755 | Q19: =STDEV(L19:L21)/SQRT(3) -> 0.1297109
B20: =Data!I17 -> 14.433333 | C20: =Data!D17/Data!G17 -> 23.903901 | D20: =B$3/C20 -> 1.5975217 | E20: =Data!H17/Data!G17 -> 9.1219216 | F20: =C$3/E20 -> 2.2356035 | G20: =C20-(G$3+G$4*B20) -> 0.37880749 | H20: =E20-(H$3+H$4*B20) -> -2.083504 | I20: =G20*(B$7/B$9)+B$3 -> 38.455885 | J20: =H20*(C$7)+C$3 -> 16.57767 | K20: =I20*D$3 -> 534.53681 | L20: =J20*D$3 -> 230.42961
B21: =Data!I18 -> 14.55 | C21: =Data!D18/Data!G18 -> 23.904638 | D21: =B$3/C21 -> 1.5974724 | E21: =Data!H18/Data!G18 -> 9.1208964 | F21: =C$3/E21 -> 2.2358548 | G21: =C21-(G$3+G$4*B21) -> 0.37956958 | H21: =E21-(H$3+H$4*B21) -> -2.0844667 | I21: =G21*(B$7/B$9)+B$3 -> 38.456426 | J21: =H21*(C$7)+C$3 -> 16.575907 | K21: =I21*D$3 -> 534.54433 | L21: =J21*D$3 -> 230.40511
A22: =Data!A19 -> 1_T0_1 | B22: =Data!I19 -> 17.5 | C22: =Data!D19/Data!G19 -> 23.950345 | D22: =B$4/C22 -> 1.6225654 | E22: =Data!H19/Data!G19 -> 6.91571 | F22: =C$4/E22 -> 2.9469136 | G22: =C22-(G$3+G$4*B22) -> 0.42592467 | H22: =E22-(H$3+H$4*B22) -> -4.2880719 | I22: =G22*(B$7/B$9)+B$3 -> 38.48933 | J22: =H22*(C$7)+C$3 -> 12.540647 | K22: =I22*D$3 -> 535.00169 | L22: =J22*D$3 -> 174.31499 | M22: =AVERAGE(K22:K24) -> 534.96322 | N22: =AVERAGE(L22:L24) -> 173.98309 | O22: =Data!A19 -> 1_T0_1 | P22: =STDEV(K22:K24)/SQRT(3) -> 0.023391763 | Q22: =STDEV(L22:L24)/SQRT(3) -> 0.17980519
B23: =Data!I20 -> 17.583333 | C23: =Data!D20/Data!G20 -> 23.946814 | D23: =B$4/C23 -> 1.6228046 | E23: =Data!H20/Data!G20 -> 6.9008161 | F23: =C$4/E23 -> 2.9532739 | G23: =C23-(G$3+G$4*B23) -> 0.42241207 | H23: =E23-(H$3+H$4*B23) -> -4.3029211 | I23: =G23*(B$7/B$9)+B$3 -> 38.486837 | J23: =H23*(C$7)+C$3 -> 12.513455 | K23: =I23*D$3 -> 534.96703 | L23: =J23*D$3 -> 173.93703
B24: =Data!I21 -> 17.633333 | C24: =Data!D21/Data!G21 -> 23.94213 | D24: =B$4/C24 -> 1.6231221 | E24: =Data!H21/Data!G21 -> 6.8913698 | F24: =C$4/E24 -> 2.9573221 | G24: =C24-(G$3+G$4*B24) -> 0.41773926 | H24: =E24-(H$3+H$4*B24) -> -4.3123406 | I24: =G24*(B$7/B$9)+B$3 -> 38.48352 | J24: =H24*(C$7)+C$3 -> 12.496206 | K24: =I24*D$3 -> 534.92093 | L24: =J24*D$3 -> 173.69726
A25: =Data!A22 -> 2_T0_1 | B25: =Data!I22 -> 21.35 | C25: =Data!D22/Data!G22 -> 23.876689 | E25: =Data!H22/Data!G22 -> 8.6803599 | G25: =C25-(G$3+G$4*B25) -> 0.35311531 | H25: =E25-(H$3+H$4*B25) -> -2.5213582 | I25: =G25*(B$7/B$9)+B$3 -> 38.437649 | J25: =H25*(C$7)+C$3 -> 15.775868 | K25: =I25*D$3 -> 534.28331 | L25: =J25*D$3 -> 219.28456 | M25: =AVERAGE(K25:K27) -> 534.33696 | N25: =AVERAGE(L25:L27) -> 219.52894 | O25: =Data!A22 -> 2_T0_1 | P25: =STDEV(K25:K27)/SQRT(3) -> 0.026902823 | Q25: =STDEV(L25:L27)/SQRT(3) -> 0.14353151
B26: =Data!I23 -> 21.466667 | C26: =Data!D23/Data!G23 -> 23.88445 | E26: =Data!H23/Data!G23 -> 8.6895739 | G26: =C26-(G$3+G$4*B26) -> 0.36090114 | H26: =E26-(H$3+H$4*B26) -> -2.5120817 | I26: =G26*(B$7/B$9)+B$3 -> 38.443175 | J26: =H26*(C$7)+C$3 -> 15.792855 | K26: =I26*D$3 -> 534.36013 | L26: =J26*D$3 -> 219.52069
B27: =Data!I24 -> 21.583333 | C27: =Data!D24/Data!G24 -> 23.885162 | E27: =Data!H24/Data!G24 -> 8.6997605 | G27: =C27-(G$3+G$4*B27) -> 0.3616395 | H27: =E27-(H$3+H$4*B27) -> -2.5018325 | I27: =G27*(B$7/B$9)+B$3 -> 38.443699 | J27: =H27*(C$7)+C$3 -> 15.811623 | K27: =I27*D$3 -> 534.36742 | L27: =J27*D$3 -> 219.78157
A28: =Data!A25 -> Calibrate_20C | B28: =Data!I25 -> 25.45 | C28: =Data!D25/Data!G25 -> 23.638415 | D28: =B$3/C28 -> 1.6154636 | E28: =Data!H25/Data!G25 -> 11.174578 | F28: =C$3/E28 -> 1.8249459 | G28: =C28-(G$3+G$4*B28) -> 0.11574207 | H28: =E28-(H$3+H$4*B28) -> -0.024942282 | I28: =G28*(B$7/B$9)+B$3 -> 38.269156 | J28: =H28*(C$7)+C$3 -> 20.347325 | K28: =I28*D$3 -> 531.94127 | L28: =J28*D$3 -> 282.82782 | M28: =AVERAGE(K28:K30) -> 531.66718 | N28: =AVERAGE(L28:L30) -> 282.76337 | O28: =Data!A25 -> Calibrate_20C | P28: =STDEV(K28:K30)/SQRT(3) -> 0.13707635 | Q28: =STDEV(L28:L30)/SQRT(3) -> 0.047559086
B29: =Data!I26 -> 25.55 | C29: =Data!D26/Data!G26 -> 23.597249 | D29: =B$3/C29 -> 1.6182819 | E29: =Data!H26/Data!G26 -> 11.168346 | F29: =C$3/E29 -> 1.8259642 | G29: =C29-(G$3+G$4*B29) -> 0.074597651 | H29: =E29-(H$3+H$4*B29) -> -0.031120617 | I29: =G29*(B$7/B$9)+B$3 -> 38.239951 | J29: =H29*(C$7)+C$3 -> 20.336012 | K29: =I29*D$3 -> 531.53532 | L29: =J29*D$3 -> 282.67056
B30: =Data!I27 -> 25.65 | C30: =Data!D27/Data!G27 -> 23.596177 | D30: =B$3/C30 -> 1.6183554 | E30: =Data!H27/Data!G27 -> 11.173052 | F30: =C$3/E30 -> 1.8251951 | G30: =C30-(G$3+G$4*B30) -> 0.073547738 | H30: =E30-(H$3+H$4*B30) -> -0.026360818 | I30: =G30*(B$7/B$9)+B$3 -> 38.239206 | J30: =H30*(C$7)+C$3 -> 20.344728 | K30: =I30*D$3 -> 531.52496 | L30: =J30*D$3 -> 282.79172
A31: =Data!A28 -> Calibrate_30C | B31: =Data!I28 -> 29.95 | C31: =Data!D28/Data!G28 -> 24.490957 | D31: =B$4/C31 -> 1.5867489 | E31: =Data!H28/Data!G28 -> 11.326568 | F31: =C$4/E31 -> 1.7993093 | G31: =C31-(G$3+G$4*B31) -> 0.96927279 | H31: =E31-(H$3+H$4*B31) -> 0.1294599 | I31: =G31*(B$7/B$9)+B$3 -> 38.87501 | J31: =H31*(C$7)+C$3 -> 20.630068 | K31: =I31*D$3 -> 540.36264 | L31: =J31*D$3 -> 286.75795 | M31: =AVERAGE(K31:K33) -> 540.42138 | N31: =AVERAGE(L31:L33) -> 286.85148 | O31: =Data!A28 -> Calibrate_30C | P31: =STDEV(K31:K33)/SQRT(3) -> 0.030468918 | Q31: =STDEV(L31:L33)/SQRT(3) -> 0.046888731
B32: =Data!I29 -> 30.066667 | C32: =Data!D29/Data!G29 -> 24.501285 | D32: =B$4/C32 -> 1.5860801 | E32: =Data!H29/Data!G29 -> 11.331786 | F32: =C$4/E32 -> 1.7984808 | G32: =C32-(G$3+G$4*B32) -> 0.97962654 | H32: =E32-(H$3+H$4*B32) -> 0.13474069 | I32: =G32*(B$7/B$9)+B$3 -> 38.882359 | J32: =H32*(C$7)+C$3 -> 20.639738 | K32: =I32*D$3 -> 540.46479 | L32: =J32*D$3 -> 286.89236
B33: =Data!I30 -> 30.166667 | C33: =Data!D30/Data!G30 -> 24.498416 | D33: =B$4/C33 -> 1.5862658 | E33: =Data!H30/Data!G30 -> 11.332195 | F33: =C$4/E33 -> 1.7984159 | G33: =C33-(G$3+G$4*B33) -> 0.97677947 | H33: =E33-(H$3+H$4*B33) -> 0.13520277 | I33: =G33*(B$7/B$9)+B$3 -> 38.880338 | J33: =H33*(C$7)+C$3 -> 20.640584 | K33: =I33*D$3 -> 540.4367 | L33: =J33*D$3 -> 286.90412
A34: =Data!A31 -> 3_T0_1 | B34: =Data!I31 -> 34.85 | C34: =Data!D31/Data!G31 -> 23.876319 | E34: =Data!H31/Data!G31 -> 9.3914174 | G34: =C34-(G$3+G$4*B34) -> 0.35571176 | H34: =E34-(H$3+H$4*B34) -> -1.8030643 | I34: =G34*(B$7/B$9)+B$3 -> 38.439492 | J34: =H34*(C$7)+C$3 -> 17.091214 | K34: =I34*D$3 -> 534.30893 | L34: =J34*D$3 -> 237.56787 | M34: =AVERAGE(K34:K36) -> 534.27262 | N34: =AVERAGE(L34:L36) -> 237.53221 | O34: =Data!A31 -> 3_T0_1 | P34: =STDEV(K34:K36)/SQRT(3) -> 0.021000733 | Q34: =STDEV(L34:L36)/SQRT(3) -> 0.023088966
B35: =Data!I32 -> 34.95 | C35: =Data!D32/Data!G32 -> 23.872631 | E35: =Data!H32/Data!G32 -> 9.3882643 | G35: =C35-(G$3+G$4*B35) -> 0.35204502 | H35: =E35-(H$3+H$4*B35) -> -1.8061639 | I35: =G35*(B$7/B$9)+B$3 -> 38.436889 | J35: =H35*(C$7)+C$3 -> 17.085538 | K35: =I35*D$3 -> 534.27275 | L35: =J35*D$3 -> 237.48897
B36: =Data!I33 -> 34.983333 | C36: =Data!D33/Data!G33 -> 23.868917 | E36: =Data!H33/Data!G33 -> 9.3902433 | G36: =C36-(G$3+G$4*B36) -> 0.3483385 | H36: =E36-(H$3+H$4*B36) -> -1.804167 | I36: =G36*(B$7/B$9)+B$3 -> 38.434258 | J36: =H36*(C$7)+C$3 -> 17.089194 | K36: =I36*D$3 -> 534.23618 | L36: =J36*D$3 -> 237.5398
A37: =Data!A34 -> openwaterIN_T0_1 | B37: =Data!I34 -> 38.833333 | C37: =Data!D34/Data!G34 -> 23.914799 | E37: =Data!H34/Data!G34 -> 9.0709999 | G37: =C37-(G$3+G$4*B37) -> 0.39506648 | H37: =E37-(H$3+H$4*B37) -> -2.1213467 | I37: =G37*(B$7/B$9)+B$3 -> 38.467426 | J37: =H37*(C$7)+C$3 -> 16.508372 | K37: =I37*D$3 -> 534.69723 | L37: =J37*D$3 -> 229.46637 | M37: =AVERAGE(K37:K39) -> 534.79271 | N37: =AVERAGE(L37:L39) -> 229.56512 | O37: =Data!A34 -> openwaterIN_T0_1 | P37: =STDEV(K37:K39)/SQRT(3) -> 0.04774212 | Q37: =STDEV(L37:L39)/SQRT(3) -> 0.052037284
B38: =Data!I35 -> 38.966667 | C38: =Data!D35/Data!G35 -> 23.9293 | E38: =Data!H35/Data!G35 -> 9.077866 | G38: =C38-(G$3+G$4*B38) -> 0.40959679 | H38: =E38-(H$3+H$4*B38) -> -2.1144091 | I38: =G38*(B$7/B$9)+B$3 -> 38.47774 | J38: =H38*(C$7)+C$3 -> 16.521076 | K38: =I38*D$3 -> 534.84059 | L38: =J38*D$3 -> 229.64296
B39: =Data!I36 -> 39.116667 | C39: =Data!D36/Data!G36 -> 23.929239 | E39: =Data!H36/Data!G36 -> 9.0755488 | G39: =C39-(G$3+G$4*B39) -> 0.40956896 | H39: =E39-(H$3+H$4*B39) -> -2.1166459 | I39: =G39*(B$7/B$9)+B$3 -> 38.477721 | J39: =H39*(C$7)+C$3 -> 16.51698 | K39: =I39*D$3 -> 534.84032 | L39: =J39*D$3 -> 229.58603
A40: =Data!A37 -> 4_T0_1 | B40: =Data!I37 -> 41.95 | C40: =Data!D37/Data!G37 -> 23.913009 | E40: =Data!H37/Data!G37 -> 7.6802805 | G40: =C40-(G$3+G$4*B40) -> 0.39396145 | H40: =E40-(H$3+H$4*B40) -> -3.5103954 | I40: =G40*(B$7/B$9)+B$3 -> 38.466642 | J40: =H40*(C$7)+C$3 -> 13.964735 | K40: =I40*D$3 -> 534.68632 | L40: =J40*D$3 -> 194.10981 | M40: =AVERAGE(K40:K42) -> 534.69315 | N40: =AVERAGE(L40:L42) -> 193.88981 | O40: =Data!A37 -> 4_T0_1 | P40: =STDEV(K40:K42)/SQRT(3) -> 0.022257357 | Q40: =STDEV(L40:L42)/SQRT(3) -> 0.12286959
B41: =Data!I38 -> 42.016667 | C41: =Data!D38/Data!G38 -> 23.91017 | E41: =Data!H38/Data!G38 -> 7.6710056 | G41: =C41-(G$3+G$4*B41) -> 0.39113752 | H41: =E41-(H$3+H$4*B41) -> -3.5196346 | I41: =G41*(B$7/B$9)+B$3 -> 38.464638 | J41: =H41*(C$7)+C$3 -> 13.947816 | K41: =I41*D$3 -> 534.65846 | L41: =J41*D$3 -> 193.87464
B42: =Data!I39 -> 42.133333 | C42: =Data!D39/Data!G39 -> 23.917867 | E42: =Data!H39/Data!G39 -> 7.6634924 | G42: =C42-(G$3+G$4*B42) -> 0.3988597 | H42: =E42-(H$3+H$4*B42) -> -3.5270853 | I42: =G42*(B$7/B$9)+B$3 -> 38.470119 | J42: =H42*(C$7)+C$3 -> 13.934172 | K42: =I42*D$3 -> 534.73465 | L42: =J42*D$3 -> 193.68499
A43: =Data!A40 -> Calibrate_20C | B43: =Data!I40 -> 46.066667 | C43: =Data!D40/Data!G40 -> 23.619344 | D43: =B$3/C43 -> 1.616768 | E43: =Data!H40/Data!G40 -> 11.171437 | F43: =C$3/E43 -> 1.825459 | G43: =C43-(G$3+G$4*B43) -> 0.10120175 | H43: =E43-(H$3+H$4*B43) -> -0.017032561 | I43: =G43*(B$7/B$9)+B$3 -> 38.258835 | J43: =H43*(C$7)+C$3 -> 20.36181 | K43: =I43*D$3 -> 531.79781 | L43: =J43*D$3 -> 283.02916 | M43: =AVERAGE(K43:K45) -> 531.81883 | N43: =AVERAGE(L43:L45) -> 283.16628 | O43: =Data!A40 -> Calibrate_20C | P43: =STDEV(K43:K45)/SQRT(3) -> 0.061649683 | Q43: =STDEV(L43:L45)/SQRT(3) -> 0.099924315
B44: =Data!I41 -> 46.133333 | C44: =Data!D41/Data!G41 -> 23.611862 | D44: =B$3/C44 -> 1.6172803 | E44: =Data!H41/Data!G41 -> 11.174535 | F44: =C$3/E44 -> 1.8249529 | G44: =C44-(G$3+G$4*B44) -> 0.093734199 | H44: =E44-(H$3+H$4*B44) -> -0.013898564 | I44: =G44*(B$7/B$9)+B$3 -> 38.253534 | J44: =H44*(C$7)+C$3 -> 20.367549 | K44: =I44*D$3 -> 531.72413 | L44: =J44*D$3 -> 283.10893
B45: =Data!I42 -> 46.183333 | C45: =Data!D42/Data!G42 -> 23.633179 | D45: =B$3/C45 -> 1.6158215 | E45: =Data!H42/Data!G42 -> 11.184401 | F45: =C$3/E45 -> 1.823343 | G45: =C45-(G$3+G$4*B45) -> 0.11506221 | H45: =E45-(H$3+H$4*B45) -> -0.0040054314 | I45: =G45*(B$7/B$9)+B$3 -> 38.268674 | J45: =H45*(C$7)+C$3 -> 20.385665 | K45: =I45*D$3 -> 531.93456 | L45: =J45*D$3 -> 283.36075
A46: =Data!A43 -> Calibrate_30C | B46: =Data!I43 -> 50.166667 | C46: =Data!D43/Data!G43 -> 24.422055 | D46: =B$4/C46 -> 1.5912256 | E46: =Data!H43/Data!G43 -> 11.3099 | F46: =C$4/E46 -> 1.8019611 | G46: =C46-(G$3+G$4*B46) -> 0.90481372 | H46: =E46-(H$3+H$4*B46) -> 0.12362868 | I46: =G46*(B$7/B$9)+B$3 -> 38.829255 | J46: =H46*(C$7)+C$3 -> 20.61939 | K46: =I46*D$3 -> 539.72665 | L46: =J46*D$3 -> 286.60952 | M46: =AVERAGE(K46:K48) -> 539.81054 | N46: =AVERAGE(L46:L48) -> 286.7101 | O46: =Data!A43 -> Calibrate_30C | P46: =STDEV(K46:K48)/SQRT(3) -> 0.044672657 | Q46: =STDEV(L46:L48)/SQRT(3) -> 0.052485605
B47: =Data!I44 -> 50.25 | C47: =Data!D44/Data!G44 -> 24.432091 | D47: =B$4/C47 -> 1.590572 | E47: =Data!H44/Data!G44 -> 11.31476 | F47: =C$4/E47 -> 1.8011871 | G47: =C47-(G$3+G$4*B47) -> 0.9148677 | H47: =E47-(H$3+H$4*B47) -> 0.12853319 | I47: =G47*(B$7/B$9)+B$3 -> 38.836392 | J47: =H47*(C$7)+C$3 -> 20.628371 | K47: =I47*D$3 -> 539.82585 | L47: =J47*D$3 -> 286.73436
B48: =Data!I45 -> 50.35 | C48: =Data!D45/Data!G45 -> 24.437468 | D48: =B$4/C48 -> 1.5902221 | E48: =Data!H45/Data!G45 -> 11.316752 | F48: =C$4/E48 -> 1.8008701 | G48: =C48-(G$3+G$4*B48) -> 0.92026613 | H48: =E48-(H$3+H$4*B48) -> 0.13057824 | I48: =G48*(B$7/B$9)+B$3 -> 38.840224 | J48: =H48*(C$7)+C$3 -> 20.632116 | K48: =I48*D$3 -> 539.87911 | L48: =J48*D$3 -> 286.78641
A49: =Data!A46 -> 5_T0_1 | B49: =Data!I46 -> 53.516667 | C49: =Data!D46/Data!G46 -> 23.913716 | E49: =Data!H46/Data!G46 -> 7.7722477 | G49: =C49-(G$3+G$4*B49) -> 0.39721092 | H49: =E49-(H$3+H$4*B49) -> -3.4122283 | I49: =G49*(B$7/B$9)+B$3 -> 38.468949 | J49: =H49*(C$7)+C$3 -> 14.144499 | K49: =I49*D$3 -> 534.71838 | L49: =J49*D$3 -> 196.60854 | M49: =AVERAGE(K49:K51) -> 534.7981 | N49: =AVERAGE(L49:L51) -> 196.34663 | O49: =Data!A46 -> 5_T0_1 | P49: =STDEV(K49:K51)/SQRT(3) -> 0.039891223 | Q49: =STDEV(L49:L51)/SQRT(3) -> 0.15458034
B50: =Data!I47 -> 53.616667 | C50: =Data!D47/Data!G47 -> 23.925523 | E50: =Data!H47/Data!G47 -> 7.7623492 | G50: =C50-(G$3+G$4*B50) -> 0.40903974 | H50: =E50-(H$3+H$4*B50) -> -3.4220731 | I50: =G50*(B$7/B$9)+B$3 -> 38.477345 | J50: =H50*(C$7)+C$3 -> 14.126471 | K50: =I50*D$3 -> 534.83509 | L50: =J50*D$3 -> 196.35795
B51: =Data!I48 -> 53.7 | C51: =Data!D48/Data!G48 -> 23.926085 | E51: =Data!H48/Data!G48 -> 7.7511261 | G51: =C51-(G$3+G$4*B51) -> 0.40961985 | H51: =E51-(H$3+H$4*B51) -> -3.4332516 | I51: =G51*(B$7/B$9)+B$3 -> 38.477757 | J51: =H51*(C$7)+C$3 -> 14.106001 | K51: =I51*D$3 -> 534.84082 | L51: =J51*D$3 -> 196.07341
A52: =Data!A49 -> 6_T0_1 | B52: =Data!I49 -> 56.85 | C52: =Data!D49/Data!G49 -> 23.911883 | E52: =Data!H49/Data!G49 -> 7.8470673 | G52: =C52-(G$3+G$4*B52) -> 0.3961103 | H52: =E52-(H$3+H$4*B52) -> -3.3356219 | I52: =G52*(B$7/B$9)+B$3 -> 38.468167 | J52: =H52*(C$7)+C$3 -> 14.284781 | K52: =I52*D$3 -> 534.70753 | L52: =J52*D$3 -> 198.55846 | M52: =AVERAGE(K52:K54) -> 534.63456 | N52: =AVERAGE(L52:L54) -> 198.55 | O52: =Data!A49 -> 6_T0_1 | P52: =STDEV(K52:K54)/SQRT(3) -> 0.038248761 | Q52: =STDEV(L52:L54)/SQRT(3) -> 0.0042455791
B53: =Data!I50 -> 57.066667 | C53: =Data!D50/Data!G50 -> 23.902759 | E53: =Data!H50/Data!G50 -> 7.8464297 | G53: =C53-(G$3+G$4*B53) -> 0.38703359 | H53: =E53-(H$3+H$4*B53) -> -3.3361434 | I53: =G53*(B$7/B$9)+B$3 -> 38.461724 | J53: =H53*(C$7)+C$3 -> 14.283826 | K53: =I53*D$3 -> 534.61797 | L53: =J53*D$3 -> 198.54519
B54: =Data!I51 -> 57.183333 | C54: =Data!D51/Data!G51 -> 23.898701 | E54: =Data!H51/Data!G51 -> 7.8464124 | G54: =C54-(G$3+G$4*B54) -> 0.38300082 | H54: =E54-(H$3+H$4*B54) -> -3.3360981 | I54: =G54*(B$7/B$9)+B$3 -> 38.458862 | J54: =H54*(C$7)+C$3 -> 14.283909 | K54: =I54*D$3 -> 534.57818 | L54: =J54*D$3 -> 198.54634
A55: =Data!A52 -> hardwoodsIN_T0_1 | B55: =Data!I52 -> 60 | C55: =Data!D52/Data!G52 -> 23.909169 | E55: =Data!H52/Data!G52 -> 10.116629 | G55: =C55-(G$3+G$4*B55) -> 0.39408823 | H55: =E55-(H$3+H$4*B55) -> -1.064372 | I55: =G55*(B$7/B$9)+B$3 -> 38.466732 | J55: =H55*(C$7)+C$3 -> 18.443913 | K55: =I55*D$3 -> 534.68757 | L55: =J55*D$3 -> 256.37039 | M55: =AVERAGE(K55:K57) -> 534.5971 | N55: =AVERAGE(L55:L57) -> 256.61603 | O55: =Data!A52 -> hardwoodsIN_T0_1 | P55: =STDEV(K55:K57)/SQRT(3) -> 0.067202043 | Q55: =STDEV(L55:L57)/SQRT(3) -> 0.14584033
B56: =Data!I53 -> 60.05 | C56: =Data!D53/Data!G53 -> 23.904126 | E56: =Data!H53/Data!G53 -> 10.125726 | G56: =C56-(G$3+G$4*B56) -> 0.38905655 | H56: =E56-(H$3+H$4*B56) -> -1.0552483 | I56: =G56*(B$7/B$9)+B$3 -> 38.46316 | J56: =H56*(C$7)+C$3 -> 18.46062 | K56: =I56*D$3 -> 534.63793 | L56: =J56*D$3 -> 256.60262
B57: =Data!I54 -> 60.15 | C57: =Data!D54/Data!G54 -> 23.886657 | E57: =Data!H54/Data!G54 -> 10.136375 | G57: =C57-(G$3+G$4*B57) -> 0.37160905 | H57: =E57-(H$3+H$4*B57) -> -1.044545 | I57: =G57*(B$7/B$9)+B$3 -> 38.450776 | J57: =H57*(C$7)+C$3 -> 18.48022 | K57: =I57*D$3 -> 534.46578 | L57: =J57*D$3 -> 256.87506
A58: =Data!A55 -> Calibrate_20C | B58: =Data!I55 -> 62.483333 | C58: =Data!D55/Data!G55 -> 23.612346 | D58: =B$3/C58 -> 1.6172472 | E58: =Data!H55/Data!G55 -> 11.089446 | F58: =C$3/E58 -> 1.8389558 | G58: =C58-(G$3+G$4*B58) -> 0.097810678 | H58: =E58-(H$3+H$4*B58) -> -0.090223854 | I58: =G58*(B$7/B$9)+B$3 -> 38.256428 | J58: =H58*(C$7)+C$3 -> 20.227781 | K58: =I58*D$3 -> 531.76435 | L58: =J58*D$3 -> 281.16616 | M58: =AVERAGE(K58:K60) -> 531.70003 | N58: =AVERAGE(L58:L60) -> 281.92118 | O58: =Data!A55 -> Calibrate_20C | P58: =STDEV(K58:K60)/SQRT(3) -> 0.066729129 | Q58: =STDEV(L58:L60)/SQRT(3) -> 0.39835958
B59: =Data!I56 -> 62.766667 | C59: =Data!D56/Data!G56 -> 23.592241 | D59: =B$3/C59 -> 1.6186254 | E59: =Data!H56/Data!G56 -> 11.125132 | F59: =C$3/E59 -> 1.8330569 | G59: =C59-(G$3+G$4*B59) -> 0.077767748 | H59: =E59-(H$3+H$4*B59) -> -0.054385831 | I59: =G59*(B$7/B$9)+B$3 -> 38.242201 | J59: =H59*(C$7)+C$3 -> 20.293408 | K59: =I59*D$3 -> 531.5666 | L59: =J59*D$3 -> 282.07837
B60: =Data!I57 -> 62.85 | C60: =Data!D57/Data!G57 -> 23.61275 | D60: =B$3/C60 -> 1.6172195 | E60: =Data!H57/Data!G57 -> 11.142398 | F60: =C$3/E60 -> 1.8302165 | G60: =C60-(G$3+G$4*B60) -> 0.098295315 | H60: =E60-(H$3+H$4*B60) -> -0.037075388 | I60: =G60*(B$7/B$9)+B$3 -> 38.256772 | J60: =H60*(C$7)+C$3 -> 20.325107 | K60: =I60*D$3 -> 531.76913 | L60: =J60*D$3 -> 282.51899
A61: =Data!A58 -> Calibrate_30C | B61: =Data!I58 -> 66.983333 | C61: =Data!D58/Data!G58 -> 24.366255 | D61: =B$4/C61 -> 1.5948696 | E61: =Data!H58/Data!G58 -> 11.297585 | F61: =C$4/E61 -> 1.8039253 | G61: =C61-(G$3+G$4*B61) -> 0.85270852 | H61: =E61-(H$3+H$4*B61) -> 0.12032778 | I61: =G61*(B$7/B$9)+B$3 -> 38.79227 | J61: =H61*(C$7)+C$3 -> 20.613345 | K61: =I61*D$3 -> 539.21256 | L61: =J61*D$3 -> 286.5255 | M61: =AVERAGE(K61:K63) -> 539.29321 | N61: =AVERAGE(L61:L63) -> 286.63722 | O61: =Data!A58 -> Calibrate_30C | P61: =STDEV(K61:K63)/SQRT(3) -> 0.040328273 | Q61: =STDEV(L61:L63)/SQRT(3) -> 0.056329595
B62: =Data!I59 -> 67.166667 | C62: =Data!D59/Data!G59 -> 24.37844 | D62: =B$4/C62 -> 1.5940725 | E62: =Data!H59/Data!G59 -> 11.303577 | F62: =C$4/E62 -> 1.8029691 | G62: =C62-(G$3+G$4*B62) -> 0.86493364 | H62: =E62-(H$3+H$4*B62) -> 0.1264175 | I62: =G62*(B$7/B$9)+B$3 -> 38.800948 | J62: =H62*(C$7)+C$3 -> 20.624497 | K62: =I62*D$3 -> 539.33317 | L62: =J62*D$3 -> 286.68051
B63: =Data!I60 -> 67.3 | C63: =Data!D60/Data!G60 -> 24.378484 | D63: =B$4/C63 -> 1.5940696 | E63: =Data!H60/Data!G60 -> 11.304493 | F63: =C$4/E63 -> 1.802823 | G63: =C63-(G$3+G$4*B63) -> 0.86500742 | H63: =E63-(H$3+H$4*B63) -> 0.12740542 | I63: =G63*(B$7/B$9)+B$3 -> 38.801 | J63: =H63*(C$7)+C$3 -> 20.626306 | K63: =I63*D$3 -> 539.3339 | L63: =J63*D$3 -> 286.70565
A64: =Data!A61 -> 7_T0_1 | B64: =Data!I61 -> 70.716667 | C64: =Data!D61/Data!G61 -> 24.157417 | E64: =Data!H61/Data!G61 -> 8.983546 | G64: =C64-(G$3+G$4*B64) -> 0.64469116 | H64: =E64-(H$3+H$4*B64) -> -2.1917103 | I64: =G64*(B$7/B$9)+B$3 -> 38.644615 | J64: =H64*(C$7)+C$3 -> 16.379522 | K64: =I64*D$3 -> 537.16015 | L64: =J64*D$3 -> 227.67535 | M64: =AVERAGE(K64:K66) -> 537.12701 | N64: =AVERAGE(L64:L66) -> 227.38611 | O64: =Data!A61 -> 7_T0_1 | P64: =STDEV(K64:K66)/SQRT(3) -> 0.020680192 | Q64: =STDEV(L64:L66)/SQRT(3) -> 0.15271007
B65: =Data!I62 -> 70.966667 | C65: =Data!D62/Data!G62 -> 24.154497 | E65: =Data!H62/Data!G62 -> 8.9697041 | G65: =C65-(G$3+G$4*B65) -> 0.641826 | H65: =E65-(H$3+H$4*B65) -> -2.2054182 | I65: =G65*(B$7/B$9)+B$3 -> 38.642581 | J65: =H65*(C$7)+C$3 -> 16.35442 | K65: =I65*D$3 -> 537.13188 | L65: =J65*D$3 -> 227.32643
B66: =Data!I63 -> 71.066667 | C66: =Data!D63/Data!G63 -> 24.15013 | E66: =Data!H63/Data!G63 -> 8.9629761 | G66: =C66-(G$3+G$4*B66) -> 0.63748086 | H66: =E66-(H$3+H$4*B66) -> -2.2120925 | I66: =G66*(B$7/B$9)+B$3 -> 38.639497 | J66: =H66*(C$7)+C$3 -> 16.342198 | K66: =I66*D$3 -> 537.08901 | L66: =J66*D$3 -> 227.15655
A67: =Data!A64 -> 8_T0_1 | B67: =Data!I64 -> 73.933333 | C67: =Data!D64/Data!G64 -> 23.800437 | E67: =Data!H64/Data!G64 -> 8.2731451 | G67: =C67-(G$3+G$4*B67) -> 0.28841812 | H67: =E67-(H$3+H$4*B67) -> -2.9003869 | I67: =G67*(B$7/B$9)+B$3 -> 38.391725 | J67: =H67*(C$7)+C$3 -> 15.081787 | K67: =I67*D$3 -> 533.64498 | L67: =J67*D$3 -> 209.63684 | M67: =AVERAGE(K67:K69) -> 533.73023 | N67: =AVERAGE(L67:L69) -> 209.40919 | O67: =Data!A64 -> 8_T0_1 | P67: =STDEV(K67:K69)/SQRT(3) -> 0.045463413 | Q67: =STDEV(L67:L69)/SQRT(3) -> 0.11477549
B68: =Data!I65 -> 74.133333 | C68: =Data!D65/Data!G65 -> 23.810576 | E68: =Data!H65/Data!G65 -> 8.2606259 | G68: =C68-(G$3+G$4*B68) -> 0.29860105 | H68: =E68-(H$3+H$4*B68) -> -2.9127989 | I68: =G68*(B$7/B$9)+B$3 -> 38.398953 | J68: =H68*(C$7)+C$3 -> 15.059058 | K68: =I68*D$3 -> 533.74545 | L68: =J68*D$3 -> 209.32091
B69: =Data!I66 -> 74.283333 | C69: =Data!D66/Data!G66 -> 23.816097 | E69: =Data!H66/Data!G66 -> 8.2585387 | G69: =C69-(G$3+G$4*B69) -> 0.30415485 | H69: =E69-(H$3+H$4*B69) -> -2.9148057 | I69: =G69*(B$7/B$9)+B$3 -> 38.402895 | J69: =H69*(C$7)+C$3 -> 15.055383 | K69: =I69*D$3 -> 533.80025 | L69: =J69*D$3 -> 209.26983
A70: =Data!A67 -> 9_T0_1 | B70: =Data!I67 -> 76.55 | C70: =Data!D67/Data!G67 -> 23.741076 | E70: =Data!H67/Data!G67 -> 8.1097691 | G70: =C70-(G$3+G$4*B70) -> 0.22963219 | H70: =E70-(H$3+H$4*B70) -> -3.0623604 | I70: =G70*(B$7/B$9)+B$3 -> 38.349998 | J70: =H70*(C$7)+C$3 -> 14.78518 | K70: =I70*D$3 -> 533.06497 | L70: =J70*D$3 -> 205.514 | M70: =AVERAGE(K70:K72) -> 533.14996 | N70: =AVERAGE(L70:L72) -> 205.4477 | O70: =Data!A67 -> 9_T0_1 | P70: =STDEV(K70:K72)/SQRT(3) -> 0.042522434 | Q70: =STDEV(L70:L72)/SQRT(3) -> 0.084063193
B71: =Data!I68 -> 76.733333 | C71: =Data!D68/Data!G68 -> 23.754228 | E71: =Data!H68/Data!G68 -> 8.1110198 | G71: =C71-(G$3+G$4*B71) -> 0.24282411 | H71: =E71-(H$3+H$4*B71) -> -3.0610114 | I71: =G71*(B$7/B$9)+B$3 -> 38.359362 | J71: =H71*(C$7)+C$3 -> 14.78765 | K71: =I71*D$3 -> 533.19513 | L71: =J71*D$3 -> 205.54834
B72: =Data!I69 -> 76.983333 | C72: =Data!D69/Data!G69 -> 23.753631 | E72: =Data!H69/Data!G69 -> 8.1003727 | G72: =C72-(G$3+G$4*B72) -> 0.24228185 | H72: =E72-(H$3+H$4*B72) -> -3.0715245 | I72: =G72*(B$7/B$9)+B$3 -> 38.358977 | J72: =H72*(C$7)+C$3 -> 14.768399 | K72: =I72*D$3 -> 533.18978 | L72: =J72*D$3 -> 205.28074
A73: =Data!A70 -> Calibrate_20C | B73: =Data!I70 -> 79.916667 | C73: =Data!D70/Data!G70 -> 23.623836 | D73: =B$3/C73 -> 1.6164606 | E73: =Data!H70/Data!G70 -> 11.081818 | F73: =C$3/E73 -> 1.8402215 | G73: =C73-(G$3+G$4*B73) -> 0.11313207 | H73: =E73-(H$3+H$4*B73) -> -0.088506634 | I73: =G73*(B$7/B$9)+B$3 -> 38.267303 | J73: =H73*(C$7)+C$3 -> 20.230926 | K73: =I73*D$3 -> 531.91552 | L73: =J73*D$3 -> 281.20987 | M73: =AVERAGE(K73:K75) -> 531.65873 | N73: =AVERAGE(L73:L75) -> 281.56553 | O73: =Data!A70 -> Calibrate_20C | P73: =STDEV(K73:K75)/SQRT(3) -> 0.13174558 | Q73: =STDEV(L73:L75)/SQRT(3) -> 0.36808394
B74: =Data!I71 -> 80.05 | C74: =Data!D71/Data!G71 -> 23.579584 | D74: =B$3/C74 -> 1.6194942 | E74: =Data!H71/Data!G71 -> 11.080776 | F74: =C$3/E74 -> 1.8403946 | G74: =C74-(G$3+G$4*B74) -> 0.068908963 | H74: =E74-(H$3+H$4*B74) -> -0.089477683 | I74: =G74*(B$7/B$9)+B$3 -> 38.235913 | J74: =H74*(C$7)+C$3 -> 20.229148 | K74: =I74*D$3 -> 531.47919 | L74: =J74*D$3 -> 281.18515
B75: =Data!I72 -> 80.35 | C75: =Data!D72/Data!G72 -> 23.589886 | D75: =B$3/C75 -> 1.618787 | E75: =Data!H72/Data!G72 -> 11.124475 | F75: =C$3/E75 -> 1.8331652 | G75: =C75-(G$3+G$4*B75) -> 0.079276803 | H75: =E75-(H$3+H$4*B75) -> -0.04561771 | I75: =G75*(B$7/B$9)+B$3 -> 38.243272 | J75: =H75*(C$7)+C$3 -> 20.309464 | K75: =I75*D$3 -> 531.58149 | L75: =J75*D$3 -> 282.30156
A76: =Data!A73 -> Calibrate_30C | B76: =Data!I73 -> 84.5 | C76: =Data!D73/Data!G73 -> 24.304715 | D76: =B$4/C76 -> 1.5989079 | E76: =Data!H73/Data!G73 -> 11.287713 | F76: =C$4/E76 -> 1.8055031 | G76: =C76-(G$3+G$4*B76) -> 0.79501754 | H76: =E76-(H$3+H$4*B76) -> 0.11984453 | I76: =G76*(B$7/B$9)+B$3 -> 38.75132 | J76: =H76*(C$7)+C$3 -> 20.61246 | K76: =I76*D$3 -> 538.64335 | L76: =J76*D$3 -> 286.5132 | M76: =AVERAGE(K76:K78) -> 538.65408 | N76: =AVERAGE(L76:L78) -> 286.52193 | O76: =Data!A73 -> Calibrate_30C | P76: =STDEV(K76:K78)/SQRT(3) -> 0.020136887 | Q76: =STDEV(L76:L78)/SQRT(3) -> 0.066228602
B77: =Data!I74 -> 84.566667 | C77: =Data!D74/Data!G74 -> 24.302925 | D77: =B$4/C77 -> 1.5990256 | E77: =Data!H74/Data!G74 -> 11.283695 | F77: =C$4/E77 -> 1.806146 | G77: =C77-(G$3+G$4*B77) -> 0.79324258 | H77: =E77-(H$3+H$4*B77) -> 0.11586227 | I77: =G77*(B$7/B$9)+B$3 -> 38.75006 | J77: =H77*(C$7)+C$3 -> 20.605168 | K77: =I77*D$3 -> 538.62583 | L77: =J77*D$3 -> 286.41183
B78: =Data!I75 -> 84.666667 | C78: =Data!D75/Data!G75 -> 24.309717 | D78: =B$4/C78 -> 1.5985789 | E78: =Data!H75/Data!G75 -> 11.292635 | F78: =C$4/E78 -> 1.8047161 | G78: =C78-(G$3+G$4*B78) -> 0.80005676 | H78: =E78-(H$3+H$4*B78) -> 0.12485596 | I78: =G78*(B$7/B$9)+B$3 -> 38.754897 | J78: =H78*(C$7)+C$3 -> 20.621637 | K78: =I78*D$3 -> 538.69307 | L78: =J78*D$3 -> 286.64076
A79: =Data!A76 -> typhaIN_T0_1 | B79: =Data!I76 -> 89.666667 | C79: =Data!D76/Data!G76 -> 23.808739 | D79: =B$3/C79 -> 1.6039068 | E79: =Data!H76/Data!G76 -> 8.6090159 | F79: =C$3/E79 -> 2.3687957 | G79: =C79-(G$3+G$4*B79) -> 0.30017743 | H79: =E79-(H$3+H$4*B79) -> -2.5560827 | I79: =G79*(B$7/B$9)+B$3 -> 38.400072 | J79: =H79*(C$7)+C$3 -> 15.71228 | K79: =I79*D$3 -> 533.761 | L79: =J79*D$3 -> 218.40069 | M79: =AVERAGE(K79:K81) -> 533.7612 | N79: =AVERAGE(L79:L81) -> 218.25511 | O79: =Data!A76 -> typhaIN_T0_1 | P79: =STDEV(K79:K81)/SQRT(3) -> 0.0017722392 | Q79: =STDEV(L79:L81)/SQRT(3) -> 0.090397228
B80: =Data!I77 -> 89.816667 | C80: =Data!D77/Data!G77 -> 23.809047 | D80: =B$3/C80 -> 1.6038861 | E80: =Data!H77/Data!G77 -> 8.6040036 | F80: =C$3/E80 -> 2.3701757 | G80: =C80-(G$3+G$4*B80) -> 0.30051827 | H80: =E80-(H$3+H$4*B80) -> -2.5610146 | I80: =G80*(B$7/B$9)+B$3 -> 38.400314 | J80: =H80*(C$7)+C$3 -> 15.703249 | K80: =I80*D$3 -> 533.76437 | L80: =J80*D$3 -> 218.27516
B81: =Data!I78 -> 90.05 | C81: =Data!D78/Data!G78 -> 23.808375 | D81: =B$3/C81 -> 1.6039314 | E81: =Data!H78/Data!G78 -> 8.5965838 | F81: =C$3/E81 -> 2.3722214 | G81: =C81-(G$3+G$4*B81) -> 0.29989702 | H81: =E81-(H$3+H$4*B81) -> -2.5683093 | I81: =G81*(B$7/B$9)+B$3 -> 38.399873 | J81: =H81*(C$7)+C$3 -> 15.689891 | K81: =I81*D$3 -> 533.75824 | L81: =J81*D$3 -> 218.08948
A82: =Data!A79 -> 10_T0_1 | B82: =Data!I79 -> 93.666667 | C82: =Data!D79/Data!G79 -> 24.066673 | D82: =B$4/C82 -> 1.6147226 | E82: =Data!H79/Data!G79 -> 7.160744 | F82: =C$4/E82 -> 2.846073 | G82: =C82-(G$3+G$4*B82) -> 0.55899019 | H82: =E82-(H$3+H$4*B82) -> -4.0022105 | I82: =G82*(B$7/B$9)+B$3 -> 38.583783 | J82: =H82*(C$7)+C$3 -> 13.064119 | K82: =I82*D$3 -> 536.31458 | L82: =J82*D$3 -> 181.59125 | M82: =AVERAGE(K82:K84) -> 536.24743 | N82: =AVERAGE(L82:L84) -> 181.42025 | O82: =Data!A79 -> 10_T0_1 | P82: =STDEV(K82:K84)/SQRT(3) -> 0.035653187 | Q82: =STDEV(L82:L84)/SQRT(3) -> 0.10828957
B83: =Data!I80 -> 93.75 | C83: =Data!D80/Data!G80 -> 24.054341 | D83: =B$4/C83 -> 1.6155504 | E83: =Data!H80/Data!G80 -> 7.1551444 | F83: =C$4/E83 -> 2.8483003 | G83: =C83-(G$3+G$4*B83) -> 0.54667623 | H83: =E83-(H$3+H$4*B83) -> -4.0077654 | I83: =G83*(B$7/B$9)+B$3 -> 38.575042 | J83: =H83*(C$7)+C$3 -> 13.053947 | K83: =I83*D$3 -> 536.19309 | L83: =J83*D$3 -> 181.44986
B84: =Data!I81 -> 93.883333 | C84: =Data!D81/Data!G81 -> 24.05852 | D84: =B$4/C84 -> 1.6152697 | E84: =Data!H81/Data!G81 -> 7.1460286 | F84: =C$4/E84 -> 2.8519337 | G84: =C84-(G$3+G$4*B84) -> 0.55088514 | H84: =E84-(H$3+H$4*B84) -> -4.0168097 | I84: =G84*(B$7/B$9)+B$3 -> 38.57803 | J84: =H84*(C$7)+C$3 -> 13.037385 | K84: =I84*D$3 -> 536.23461 | L84: =J84*D$3 -> 181.21965
A85: =Data!A82 -> 11_T0_1 | B85: =Data!I82 -> 96.3 | C85: =Data!D82/Data!G82 -> 24.004843 | E85: =Data!H82/Data!G82 -> 6.9241189 | G85: =C85-(G$3+G$4*B85) -> 0.49773848 | H85: =E85-(H$3+H$4*B85) -> -4.237424 | I85: =G85*(B$7/B$9)+B$3 -> 38.540305 | J85: =H85*(C$7)+C$3 -> 12.633394 | K85: =I85*D$3 -> 535.71024 | L85: =J85*D$3 -> 175.60417 | M85: =AVERAGE(K85:K87) -> 535.70522 | N85: =AVERAGE(L85:L87) -> 175.5086 | O85: =Data!A82 -> 11_T0_1 | P85: =STDEV(K85:K87)/SQRT(3) -> 0.021823825 | Q85: =STDEV(L85:L87)/SQRT(3) -> 0.052947163
B86: =Data!I83 -> 96.35 | C86: =Data!D83/Data!G83 -> 24.000263 | E86: =Data!H83/Data!G83 -> 6.9200112 | G86: =C86-(G$3+G$4*B86) -> 0.49316979 | H86: =E86-(H$3+H$4*B86) -> -4.2415049 | I86: =G86*(B$7/B$9)+B$3 -> 38.537062 | J86: =H86*(C$7)+C$3 -> 12.625921 | K86: =I86*D$3 -> 535.66516 | L86: =J86*D$3 -> 175.5003
B87: =Data!I84 -> 96.45 | C87: =Data!D84/Data!G84 -> 24.007853 | E87: =Data!H84/Data!G84 -> 6.9168549 | G87: =C87-(G$3+G$4*B87) -> 0.50078126 | H87: =E87-(H$3+H$4*B87) -> -4.2446077 | I87: =G87*(B$7/B$9)+B$3 -> 38.542465 | J87: =H87*(C$7)+C$3 -> 12.620239 | K87: =I87*D$3 -> 535.74026 | L87: =J87*D$3 -> 175.42132
A88: =Data!A85 -> Calibrate_20C | B88: =Data!I85 -> 100.96667 | C88: =Data!D85/Data!G85 -> 23.627108 | D88: =B$3/C88 -> 1.6162367 | E88: =Data!H85/Data!G85 -> 11.183506 | F88: =C$3/E88 -> 1.8234889 | G88: =C88-(G$3+G$4*B88) -> 0.12102961 | H88: =E88-(H$3+H$4*B88) -> 0.024464806 | I88: =G88*(B$7/B$9)+B$3 -> 38.272909 | J88: =H88*(C$7)+C$3 -> 20.4378 | K88: =I88*D$3 -> 531.99344 | L88: =J88*D$3 -> 284.08542 | M88: =AVERAGE(K88:K90) -> 531.81986 | N88: =AVERAGE(L88:L90) -> 283.95533 | O88: =Data!A85 -> Calibrate_20C | P88: =STDEV(K88:K90)/SQRT(3) -> 0.087212172 | Q88: =STDEV(L88:L90)/SQRT(3) -> 0.06829939
B89: =Data!I86 -> 101.05 | C89: =Data!D86/Data!G86 -> 23.602204 | D89: =B$3/C89 -> 1.6179421 | E89: =Data!H86/Data!G86 -> 11.174378 | F89: =C$3/E89 -> 1.8249785 | G89: =C89-(G$3+G$4*B89) -> 0.096143844 | H89: =E89-(H$3+H$4*B89) -> 0.015381282 | I89: =G89*(B$7/B$9)+B$3 -> 38.255245 | J89: =H89*(C$7)+C$3 -> 20.421166 | K89: =I89*D$3 -> 531.7479 | L89: =J89*D$3 -> 283.85421
B90: =Data!I87 -> 101.18333 | C90: =Data!D87/Data!G87 -> 23.599168 | D90: =B$3/C90 -> 1.6181503 | E90: =Data!H87/Data!G87 -> 11.177141 | F90: =C$3/E90 -> 1.8245275 | G90: =C90-(G$3+G$4*B90) -> 0.093136502 | H90: =E90-(H$3+H$4*B90) -> 0.018215238 | I90: =G90*(B$7/B$9)+B$3 -> 38.25311 | J90: =H90*(C$7)+C$3 -> 20.426356 | K90: =I90*D$3 -> 531.71823 | L90: =J90*D$3 -> 283.92635
A91: =Data!A88 -> Calibrate_30C | B91: =Data!I88 -> 104.28333 | C91: =Data!D88/Data!G88 -> 24.339378 | D91: =B$4/C91 -> 1.5966307 | E91: =Data!H88/Data!G88 -> 11.285682 | F91: =C$4/E91 -> 1.8058279 | G91: =C91-(G$3+G$4*B91) -> 0.83402857 | H91: =E91-(H$3+H$4*B91) -> 0.12841881 | I91: =G91*(B$7/B$9)+B$3 -> 38.779011 | J91: =H91*(C$7)+C$3 -> 20.628162 | K91: =I91*D$3 -> 539.02825 | L91: =J91*D$3 -> 286.73145 | M91: =AVERAGE(K91:K93) -> 538.97314 | N91: =AVERAGE(L91:L93) -> 286.59523 | O91: =Data!A88 -> Calibrate_30C | P91: =STDEV(K91:K93)/SQRT(3) -> 0.048149889 | Q91: =STDEV(L91:L93)/SQRT(3) -> 0.068473375
B92: =Data!I89 -> 104.41667 | C92: =Data!D89/Data!G89 -> 24.324039 | D92: =B$4/C92 -> 1.5976376 | E92: =Data!H89/Data!G89 -> 11.278065 | F92: =C$4/E92 -> 1.8070475 | G92: =C92-(G$3+G$4*B92) -> 0.81871818 | H92: =E92-(H$3+H$4*B92) -> 0.12087316 | I92: =G92*(B$7/B$9)+B$3 -> 38.768143 | J92: =H92*(C$7)+C$3 -> 20.614344 | K92: =I92*D$3 -> 538.87719 | L92: =J92*D$3 -> 286.53938
B93: =Data!I90 -> 104.45 | C93: =Data!D90/Data!G90 -> 24.337894 | D93: =B$4/C93 -> 1.5967281 | E93: =Data!H90/Data!G90 -> 11.277085 | F93: =C$4/E93 -> 1.8072047 | G93: =C93-(G$3+G$4*B93) -> 0.83258107 | H93: =E93-(H$3+H$4*B93) -> 0.11991023 | I93: =G93*(B$7/B$9)+B$3 -> 38.777983 | J93: =H93*(C$7)+C$3 -> 20.612581 | K93: =I93*D$3 -> 539.01397 | L93: =J93*D$3 -> 286.51487
A94: =Data!A91 -> 12_T0_1 | B94: =Data!I91 -> 108.3 | C94: =Data!D91/Data!G91 -> 23.85653 | E94: =Data!H91/Data!G91 -> 4.7566377 | G94: =C94-(G$3+G$4*B94) -> 0.35206296 | H94: =E94-(H$3+H$4*B94) -> -6.398473 | I94: =G94*(B$7/B$9)+B$3 -> 38.436902 | J94: =H94*(C$7)+C$3 -> 8.6760629 | K94: =I94*D$3 -> 534.27293 | L94: =J94*D$3 -> 120.59727 | M94: =AVERAGE(K94:K96) -> 534.38144 | N94: =AVERAGE(L94:L96) -> 120.1736 | O94: =Data!A91 -> 12_T0_1 | P94: =STDEV(K94:K96)/SQRT(3) -> 0.064615983 | Q94: =STDEV(L94:L96)/SQRT(3) -> 0.26753494
B95: =Data!I92 -> 108.4 | C95: =Data!D92/Data!G92 -> 23.866843 | E95: =Data!H92/Data!G92 -> 4.7427358 | G95: =C95-(G$3+G$4*B95) -> 0.36239788 | H95: =E95-(H$3+H$4*B95) -> -6.4123213 | I95: =G95*(B$7/B$9)+B$3 -> 38.444238 | J95: =H95*(C$7)+C$3 -> 8.6507039 | K95: =I95*D$3 -> 534.3749 | L95: =J95*D$3 -> 120.24478
B96: =Data!I93 -> 108.63333 | C96: =Data!D93/Data!G93 -> 23.879114 | E96: =Data!H93/Data!G93 -> 4.7203728 | G96: =C96-(G$3+G$4*B96) -> 0.3747204 | H96: =E96-(H$3+H$4*B96) -> -6.4345592 | I96: =G96*(B$7/B$9)+B$3 -> 38.452984 | J96: =H96*(C$7)+C$3 -> 8.6099816 | K96: =I96*D$3 -> 534.49648 | L96: =J96*D$3 -> 119.67874
A97: =Data!A94 -> grassesIN_T1_1 | B97: =Data!I94 -> 112.33333 | C97: =Data!D94/Data!G94 -> 23.517147 | E97: =Data!H94/Data!G94 -> 9.2014966 | G97: =C97-(G$3+G$4*B97) -> 0.013565802 | H97: =E97-(H$3+H$4*B97) -> -1.9514521 | I97: =G97*(B$7/B$9)+B$3 -> 38.196629 | J97: =H97*(C$7)+C$3 -> 16.819485 | K97: =I97*D$3 -> 530.93315 | L97: =J97*D$3 -> 233.79084 | M97: =AVERAGE(K97:K99) -> 530.87001 | N97: =AVERAGE(L97:L99) -> 233.82496 | O97: =Data!A94 -> grassesIN_T1_1 | P97: =STDEV(K97:K99)/SQRT(3) -> 0.10172914 | Q97: =STDEV(L97:L99)/SQRT(3) -> 0.041724922
B98: =Data!I95 -> 112.36667 | C98: =Data!D95/Data!G95 -> 23.524518 | E98: =Data!H95/Data!G95 -> 9.2060808 | G98: =C98-(G$3+G$4*B98) -> 0.020944678 | H98: =E98-(H$3+H$4*B98) -> -1.94685 | I98: =G98*(B$7/B$9)+B$3 -> 38.201867 | J98: =H98*(C$7)+C$3 -> 16.827912 | K98: =I98*D$3 -> 531.00595 | L98: =J98*D$3 -> 233.90798
B99: =Data!I96 -> 112.46667 | C99: =Data!D96/Data!G96 -> 23.490543 | E99: =Data!H96/Data!G96 -> 9.2008453 | G99: =C99-(G$3+G$4*B99) -> -0.01300912 | H99: =E99-(H$3+H$4*B99) -> -1.9520319 | I99: =G99*(B$7/B$9)+B$3 -> 38.177766 | J99: =H99*(C$7)+C$3 -> 16.818423 | K99: =I99*D$3 -> 530.67095 | L99: =J99*D$3 -> 233.77608
A100: =Data!A97 -> 1_T1_1 | B100: =Data!I97 -> 115.98333 | C100: =Data!D97/Data!G97 -> 23.284611 | E100: =Data!H97/Data!G97 -> 5.6177451 | G100: =C100-(G$3+G$4*B100) -> -0.21816796 | H100: =E100-(H$3+H$4*B100) -> -5.5332471 | I100: =G100*(B$7/B$9)+B$3 -> 38.03214 | J100: =H100*(C$7)+C$3 -> 10.260472 | K100: =I100*D$3 -> 528.64674 | L100: =J100*D$3 -> 142.62056 | M100: =AVERAGE(K100:K102) -> 528.58968 | N100: =AVERAGE(L100:L102) -> 142.44634 | O100: =Data!A97 -> 1_T1_1 | P100: =STDEV(K100:K102)/SQRT(3) -> 0.050348296 | Q100: =STDEV(L100:L102)/SQRT(3) -> 0.088925837
B101: =Data!I98 -> 116.03333 | C101: =Data!D98/Data!G98 -> 23.268643 | E101: =Data!H98/Data!G98 -> 5.6086677 | G101: =C101-(G$3+G$4*B101) -> -0.23412535 | H101: =E101-(H$3+H$4*B101) -> -5.5422977 | I101: =G101*(B$7/B$9)+B$3 -> 38.020813 | J101: =H101*(C$7)+C$3 -> 10.243898 | K101: =I101*D$3 -> 528.4893 | L101: =J101*D$3 -> 142.39019
B102: =Data!I99 -> 116.11667 | C102: =Data!D99/Data!G99 -> 23.283189 | E102: =Data!H99/Data!G99 -> 5.6061904 | G102: =C102-(G$3+G$4*B102) -> -0.21956015 | H102: =E102-(H$3+H$4*B102) -> -5.5447303 | I102: =G102*(B$7/B$9)+B$3 -> 38.031152 | J102: =H102*(C$7)+C$3 -> 10.239444 | K102: =I102*D$3 -> 528.63301 | L102: =J102*D$3 -> 142.32827
...

Sheet 30N2
A1: 531.2 | B1: =actual N2 at 20/0
A2: =AVERAGE(Data!D10:D12,Data!D16:D18,Data!D76:D78,Data!D136:D138,Data!D196:D198,Data!D202:D204) -> 2.4164917e-10 | B2: =average measured N2 at 20/0
C4: x | D4: y | F4: N30 based
B5: N2*O2 | C5: SQRT | D5: N30 | E5: Excess | F5: on N2 | H5: SUMMARY OUTPUT
A7: =Data!A10 -> Calibrate_20C | B7: =Data!D10*Data!H10 -> 3.8327904e-20 | C7: =SQRT(B7) -> 1.9577514e-10 | D7: =Data!F10 -> 0 | E7: =D7-(C7*I$22+I$21) -> -1.4461059e-13 | F7: =A$1*E7/A$2 -> -0.31788707 | H7: Regression Statistics
B8: =Data!D11*Data!H11 -> 3.8284297e-20 | C8: =SQRT(B8) -> 1.9566373e-10 | D8: =Data!F11 -> 0 | E8: =D8-(C8*I$22+I$21) -> -1.4456178e-13 | F8: =A$1*E8/A$2 -> -0.31777976 | H8: Multiple R | I8: 0.92093908
B9: =Data!D12*Data!H12 -> 3.8275349e-20 | C9: =SQRT(B9) -> 1.9564087e-10 | D9: =Data!F12 -> 0 | E9: =D9-(C9*I$22+I$21) -> -1.4455176e-13 | F9: =A$1*E9/A$2 -> -0.31775774 | H9: R Square | I9: 0.84812879
A10: =Data!A13 -> Calibrate_30C | B10: =Data!D13*Data!H13 -> 2.8859366e-20 | C10: =SQRT(B10) -> 1.6988044e-10 | D10: =Data!F13 -> 0 | E10: =D10-(C10*I$22+I$21) -> -1.3326433e-13 | F10: =A$1*E10/A$2 -> -0.2929454 | H10: Adjusted R Square | I10: 0.84366199
B11: =Data!D14*Data!H14 -> 2.8912151e-20 | C11: =SQRT(B11) -> 1.7003573e-10 | D11: =Data!F14 -> 0 | E11: =D11-(C11*I$22+I$21) -> -1.3333237e-13 | F11: =A$1*E11/A$2 -> -0.29309497 | H11: Standard Error | I11: 6.5089012e-15
B12: =Data!D15*Data!H15 -> 2.8866721e-20 | C12: =SQRT(B12) -> 1.6990209e-10 | D12: =Data!F15 -> 0 | E12: =D12-(C12*I$22+I$21) -> -1.3327381e-13 | F12: =A$1*E12/A$2 -> -0.29296625 | H12: Observations | I12: 36
A13: =Data!A16 -> grassesIN_T0_1 | B13: =Data!D16*Data!H16 -> 2.4492426e-20 | C13: =SQRT(B13) -> 1.5650056e-10 | D13: =Data!F16 -> 0 | E13: =D13-(C13*I$22+I$21) -> -1.2740168e-13 | F13: =A$1*E13/A$2 -> -0.28005795
B14: =Data!D17*Data!H17 -> 2.448151e-20 | C14: =SQRT(B14) -> 1.5646568e-10 | D14: =Data!F17 -> 0 | E14: =D14-(C14*I$22+I$21) -> -1.2738639e-13 | F14: =A$1*E14/A$2 -> -0.28002435 | H14: ANOVA
B15: =Data!D18*Data!H18 -> 2.4502944e-20 | C15: =SQRT(B15) -> 1.5653416e-10 | D15: =Data!F18 -> 0 | E15: =D15-(C15*I$22+I$21) -> -1.274164e-13 | F15: =A$1*E15/A$2 -> -0.28009031 | I15: df | J15: SS | K15: MS | L15: F | M15: Significance F
A16: =Data!A19 -> 1_T0_1 | B16: =Data!D19*Data!H19 -> 1.7598902e-20 | C16: =SQRT(B16) -> 1.3266085e-10 | D16: =Data!F19 -> 0 | E16: =D16-(C16*I$22+I$21) -> -1.1695585e-13 | F16: =A$1*E16/A$2 -> -0.25709563 | H16: Regression | I16: 1 | J16: 8.044159e-27 | K16: 8.044159e-27 | L16: 189.87391 | M16: 1.7853515e-15
B17: =Data!D20*Data!H20 -> 1.7549691e-20 | C17: =SQRT(B17) -> 1.3247525e-10 | D17: =Data!F20 -> 0 | E17: =D17-(C17*I$22+I$21) -> -1.1687452e-13 | F17: =A$1*E17/A$2 -> -0.25691686 | H17: Residual | I17: 34 | J17: 1.440437e-27 | K17: 4.2365795e-29
B18: =Data!D21*Data!H21 -> 1.7527647e-20 | C18: =SQRT(B18) -> 1.3239202e-10 | D18: =Data!F21 -> 0 | E18: =D18-(C18*I$22+I$21) -> -1.1683805e-13 | F18: =A$1*E18/A$2 -> -0.2568367 | H18: Total | I18: 35 | J18: 9.484596e-27
A19: =Data!A76 -> typhaIN_T0_1 | B19: =Data!D76*Data!H76 -> 2.0458949e-20 | C19: =SQRT(B19) -> 1.4303478e-10 | D19: =Data!F76 -> 0 | E19: =D19-(C19*I$22+I$21) -> -1.2150138e-13 | F19: =A$1*E19/A$2 -> -0.26708776
B20: =Data!D77*Data!H77 -> 2.0444555e-20 | C20: =SQRT(B20) -> 1.4298446e-10 | D20: =Data!F77 -> 0 | E20: =D20-(C20*I$22+I$21) -> -1.2147933e-13 | F20: =A$1*E20/A$2 -> -0.26703929 | I20: Coefficients | J20: Standard Error | K20: t Stat | L20: P-value | M20: Lower 95% | N20: Upper 95% | O20: Lower 95.0% | P20: Upper 95.0%
B21: =Data!D78*Data!H78 -> 2.0462075e-20 | C21: =SQRT(B21) -> 1.4304571e-10 | D21: =Data!F78 -> 0 | E21: =D21-(C21*I$22+I$21) -> -1.2150617e-13 | F21: =A$1*E21/A$2 -> -0.26709829 | H21: Intercept | I21: 5.8827932e-14 | J21: 1.175924e-14 | K21: 5.0026985 | L21: 1.7040094e-05 | M21: 3.4930281e-14 | N21: 8.2725583e-14 | O21: 3.4930281e-14 | P21: 8.2725583e-14
A22: =Data!A79 -> 10_T0_1 | B22: =Data!D79*Data!H79 -> 1.7316832e-20 | C22: =SQRT(B22) -> 1.3159344e-10 | D22: =Data!F79 -> 0 | E22: =D22-(C22*I$22+I$21) -> -1.1648814e-13 | F22: =A$1*E22/A$2 -> -0.2560675 | H22: X Variable 1 | I22: 0.00043816931 | J22: 3.1798696e-05 | K22: 13.779474 | L22: 1.7853515e-15 | M22: 0.00037354659 | N22: 0.00050279204 | O22: 0.00037354659 | P22: 0.00050279204
B23: =Data!D80*Data!H80 -> 1.7312234e-20 | C23: =SQRT(B23) -> 1.3157596e-10 | D23: =Data!F80 -> 0 | E23: =D23-(C23*I$22+I$21) -> -1.1648048e-13 | F23: =A$1*E23/A$2 -> -0.25605067
B24: =Data!D81*Data!H81 -> 1.7276771e-20 | C24: =SQRT(B24) -> 1.3144113e-10 | D24: =Data!F81 -> 0 | E24: =D24-(C24*I$22+I$21) -> -1.164214e-13 | F24: =A$1*E24/A$2 -> -0.2559208
A25: =Data!A136 -> hardwoodsIN_T1_1 | B25: =Data!D136*Data!H136 -> 2.3860725e-20 | C25: =SQRT(B25) -> 1.5446917e-10 | D25: =Data!F136 -> 0 | E25: =D25-(C25*I$22+I$21) -> -1.2651158e-13 | F25: =A$1*E25/A$2 -> -0.27810132
B26: =Data!D137*Data!H137 -> 2.3850371e-20 | C26: =SQRT(B26) -> 1.5443565e-10 | D26: =Data!F137 -> 0 | E26: =D26-(C26*I$22+I$21) -> -1.264969e-13 | F26: =A$1*E26/A$2 -> -0.27806904
B27: =Data!D138*Data!H138 -> 2.3853207e-20 | C27: =SQRT(B27) -> 1.5444484e-10 | D27: =Data!F138 -> 0 | E27: =D27-(C27*I$22+I$21) -> -1.2650092e-13 | F27: =A$1*E27/A$2 -> -0.27807788
A28: =Data!A139 -> 7_T1_1 | B28: =Data!D139*Data!H139 -> 1.9112783e-20 | C28: =SQRT(B28) -> 1.3824899e-10 | D28: =Data!F139 -> 0 | E28: =D28-(C28*I$22+I$21) -> -1.194044e-13 | F28: =A$1*E28/A$2 -> -0.2624781
B29: =Data!D140*Data!H140 -> 1.9096266e-20 | C29: =SQRT(B29) -> 1.3818924e-10 | D29: =Data!F140 -> 0 | E29: =D29-(C29*I$22+I$21) -> -1.1937822e-13 | F29: =A$1*E29/A$2 -> -0.26242055
B30: =Data!D141*Data!H141 -> 1.9096998e-20 | C30: =SQRT(B30) -> 1.3819189e-10 | D30: =Data!F141 -> 0 | E30: =D30-(C30*I$22+I$21) -> -1.1937938e-13 | F30: =A$1*E30/A$2 -> -0.26242311
A31: =Data!A196 -> openwaterIN_T2_1 | B31: =Data!D196*Data!H196 -> 1.7719102e-20 | C31: =SQRT(B31) -> 1.3311312e-10 | D31: =Data!F196 -> 0 | E31: =D31-(C31*I$22+I$21) -> -1.1715402e-13 | F31: =A$1*E31/A$2 -> -0.25753125
B32: =Data!D197*Data!H197 -> 1.7713078e-20 | C32: =SQRT(B32) -> 1.3309049e-10 | D32: =Data!F197 -> 0 | E32: =D32-(C32*I$22+I$21) -> -1.171441e-13 | F32: =A$1*E32/A$2 -> -0.25750946
B33: =Data!D198*Data!H198 -> 1.7706992e-20 | C33: =SQRT(B33) -> 1.3306762e-10 | D33: =Data!F198 -> 0 | E33: =D33-(C33*I$22+I$21) -> -1.1713408e-13 | F33: =A$1*E33/A$2 -> -0.25748743
A34: =Data!A199 -> 4_T2_1 | B34: =Data!D199*Data!H199 -> 1.0325922e-20 | C34: =SQRT(B34) -> 1.0161654e-10 | D34: =Data!F199 -> 0 | E34: =D34-(C34*I$22+I$21) -> -1.0335318e-13 | F34: =A$1*E34/A$2 -> -0.22719388
B35: =Data!D200*Data!H200 -> 1.0284714e-20 | C35: =SQRT(B35) -> 1.0141358e-10 | D35: =Data!F200 -> 0 | E35: =D35-(C35*I$22+I$21) -> -1.0326425e-13 | F35: =A$1*E35/A$2 -> -0.22699838
B36: =Data!D201*Data!H201 -> 1.0250937e-20 | C36: =SQRT(B36) -> 1.0124691e-10 | D36: =Data!F201 -> 0 | E36: =D36-(C36*I$22+I$21) -> -1.0319122e-13 | F36: =A$1*E36/A$2 -> -0.22683785
A37: =Data!A202 -> 5_T2_1 | B37: =Data!D202*Data!H202 -> 1.0971583e-20 | C37: =SQRT(B37) -> 1.0474532e-10 | D37: =Data!F202 -> 0 | E37: =D37-(C37*I$22+I$21) -> -1.0472412e-13 | F37: =A$1*E37/A$2 -> -0.2302075
B38: =Data!D203*Data!H203 -> 1.097997e-20 | C38: =SQRT(B38) -> 1.0478535e-10 | D38: =Data!F203 -> 0 | E38: =D38-(C38*I$22+I$21) -> -1.0474166e-13 | F38: =A$1*E38/A$2 -> -0.23024606
B39: =Data!D204*Data!H204 -> 1.0980417e-20 | C39: =SQRT(B39) -> 1.0478748e-10 | D39: =Data!F204 -> 0 | E39: =D39-(C39*I$22+I$21) -> -1.0474259e-13 | F39: =A$1*E39/A$2 -> -0.23024811
A40: =Data!A205 -> Calibrate_20C | B40: =Data!D205*Data!H205 -> 2.777014e-20 | C40: =SQRT(B40) -> 1.6664375e-10 | D40: =Data!F205 -> 0 | E40: =D40-(C40*I$22+I$21) -> -1.3184611e-13 | F40: =A$1*E40/A$2 -> -0.28982783
B41: =Data!D206*Data!H206 -> 2.7772878e-20 | C41: =SQRT(B41) -> 1.6665197e-10 | D41: =Data!F206 -> 0 | E41: =D41-(C41*I$22+I$21) -> -1.3184971e-13 | F41: =A$1*E41/A$2 -> -0.28983574
B42: =Data!D207*Data!H207 -> 2.778231e-20 | C42: =SQRT(B42) -> 1.6668026e-10 | D42: =Data!F207 -> 0 | E42: =D42-(C42*I$22+I$21) -> -1.3186211e-13 | F42: =A$1*E42/A$2 -> -0.289863
A43: =Data!A22 -> 2_T0_1 | B43: =Data!D22*Data!H22 -> 2.2353081e-20 | C43: =SQRT(B43) -> 1.4950947e-10 | D43: =Data!F22 -> 0 | E43: =D43-(C43*I$22+I$21) -> -1.2433839e-13 | F43: =A$1*E43/A$2 -> -0.27332415 | G43: =AVERAGE(F43:F45) -> -0.27334085 | H43: =STDEV(F43:F45) -> 1.8303788e-05 | I43: =Data!A22 -> 2_T0_1
B44: =Data!D23*Data!H23 -> 2.2364342e-20 | C44: =SQRT(B44) -> 1.4954712e-10 | D44: =Data!F23 -> 0 | E44: =D44-(C44*I$22+I$21) -> -1.2435489e-13 | F44: =A$1*E44/A$2 -> -0.27336042
B45: =Data!D24*Data!H24 -> 2.2357375e-20 | C45: =SQRT(B45) -> 1.4952383e-10 | D45: =Data!F24 -> 0 | E45: =D45-(C45*I$22+I$21) -> -1.2434468e-13 | F45: =A$1*E45/A$2 -> -0.27333798
A46: =Data!A25 -> Calibrate_20C | B46: =Data!D25*Data!H25 -> 3.7730274e-20 | C46: =SQRT(B46) -> 1.9424282e-10 | D46: =Data!F25 -> 0 | E46: =D46-(C46*I$22+I$21) -> -1.4393918e-13 | F46: =A$1*E46/A$2 -> -0.31641115 | G46: =AVERAGE(F46:F48) -> -0.31647148 | H46: =STDEV(F46:F48) -> 5.8376908e-05 | I46: =Data!A25 -> Calibrate_20C
B47: =Data!D26*Data!H26 -> 3.7777291e-20 | C47: =SQRT(B47) -> 1.9436381e-10 | D47: =Data!F26 -> 0 | E47: =D47-(C47*I$22+I$21) -> -1.4399219e-13 | F47: =A$1*E47/A$2 -> -0.31652768
B48: =Data!D27*Data!H27 -> 3.7756275e-20 | C48: =SQRT(B48) -> 1.9430974e-10 | D48: =Data!F27 -> 0 | E48: =D48-(C48*I$22+I$21) -> -1.439685e-13 | F48: =A$1*E48/A$2 -> -0.3164756
A49: =Data!A28 -> Calibrate_30C | B49: =Data!D28*Data!H28 -> 2.7155189e-20 | C49: =SQRT(B49) -> 1.6478832e-10 | D49: =Data!F28 -> 0 | E49: =D49-(C49*I$22+I$21) -> -1.3103311e-13 | F49: =A$1*E49/A$2 -> -0.28804068 | G49: =AVERAGE(F49:F51) -> -0.2879824 | H49: =STDEV(F49:F51) -> 5.0501815e-05 | I49: =Data!A28 -> Calibrate_30C
B50: =Data!D29*Data!H29 -> 2.7125885e-20 | C50: =SQRT(B50) -> 1.6469938e-10 | D50: =Data!F29 -> 0 | E50: =D50-(C50*I$22+I$21) -> -1.3099414e-13 | F50: =A$1*E50/A$2 -> -0.28795502
B51: =Data!D30*Data!H30 -> 2.7124685e-20 | C51: =SQRT(B51) -> 1.6469573e-10 | D51: =Data!F30 -> 0 | E51: =D51-(C51*I$22+I$21) -> -1.3099255e-13 | F51: =A$1*E51/A$2 -> -0.28795151
A52: =Data!A31 -> 3_T0_1 | B52: =Data!D31*Data!H31 -> 2.4142992e-20 | C52: =SQRT(B52) -> 1.5538015e-10 | D52: =Data!F31 -> 0 | E52: =D52-(C52*I$22+I$21) -> -1.2691075e-13 | F52: =A$1*E52/A$2 -> -0.27897878 | G52: =AVERAGE(F52:F54) -> -0.27896214 | H52: =STDEV(F52:F54) -> 1.4410802e-05 | I52: =Data!A31 -> 3_T0_1
B53: =Data!D32*Data!H32 -> 2.4134972e-20 | C53: =SQRT(B53) -> 1.5535434e-10 | D53: =Data!F32 -> 0 | E53: =D53-(C53*I$22+I$21) -> -1.2689944e-13 | F53: =A$1*E53/A$2 -> -0.27895391
B54: =Data!D33*Data!H33 -> 2.4134908e-20 | C54: =SQRT(B54) -> 1.5535414e-10 | D54: =Data!F33 -> 0 | E54: =D54-(C54*I$22+I$21) -> -1.2689935e-13 | F54: =A$1*E54/A$2 -> -0.27895372
A55: =Data!A34 -> openwaterIN_T0_1 | B55: =Data!D34*Data!H34 -> 2.379627e-20 | C55: =SQRT(B55) -> 1.542604e-10 | D55: =Data!F34 -> 0 | E55: =D55-(C55*I$22+I$21) -> -1.264201e-13 | F55: =A$1*E55/A$2 -> -0.27790023 | G55: =AVERAGE(F55:F57) -> -0.27781936 | H55: =STDEV(F55:F57) -> 8.3390624e-05 | I55: =Data!A34 -> openwaterIN_T0_1
B56: =Data!D35*Data!H35 -> 2.3771923e-20 | C56: =SQRT(B56) -> 1.5418146e-10 | D56: =Data!F35 -> 0 | E56: =D56-(C56*I$22+I$21) -> -1.2638552e-13 | F56: =A$1*E56/A$2 -> -0.2778242
B57: =Data!D36*Data!H36 -> 2.3742945e-20 | C57: =SQRT(B57) -> 1.5408746e-10 | D57: =Data!F36 -> 0 | E57: =D57-(C57*I$22+I$21) -> -1.2634433e-13 | F57: =A$1*E57/A$2 -> -0.27773366
A58: =Data!A37 -> 4_T0_1 | B58: =Data!D37*Data!H37 -> 1.9804433e-20 | C58: =SQRT(B58) -> 1.4072822e-10 | D58: =Data!F37 -> 0 | E58: =D58-(C58*I$22+I$21) -> -1.2049072e-13 | F58: =A$1*E58/A$2 -> -0.26486609 | G58: =AVERAGE(F58:F60) -> -0.2647547 | H58: =STDEV(F58:F60) -> 0.00010677196 | I58: =Data!A37 -> 4_T0_1
B59: =Data!D38*Data!H38 -> 1.9768989e-20 | C59: =SQRT(B59) -> 1.4060224e-10 | D59: =Data!F38 -> 0 | E59: =D59-(C59*I$22+I$21) -> -1.2043552e-13 | F59: =A$1*E59/A$2 -> -0.26474475
B60: =Data!D39*Data!H39 -> 1.9742286e-20 | C60: =SQRT(B60) -> 1.4050724e-10 | D60: =Data!F39 -> 0 | E60: =D60-(C60*I$22+I$21) -> -1.2039389e-13 | F60: =A$1*E60/A$2 -> -0.26465325
A61: =Data!A40 -> Calibrate_20C | B61: =Data!D40*Data!H40 -> 3.6574194e-20 | C61: =SQRT(B61) -> 1.9124381e-10 | D61: =Data!F40 -> 0 | E61: =D61-(C61*I$22+I$21) -> -1.426251e-13 | F61: =A$1*E61/A$2 -> -0.31352251 | G61: =AVERAGE(F61:F63) -> -0.31363823 | H61: =STDEV(F61:F63) -> 0.00010511723 | I61: =Data!A40 -> Calibrate_20C
B62: =Data!D41*Data!H41 -> 3.663055e-20 | C62: =SQRT(B62) -> 1.9139109e-10 | D62: =Data!F41 -> 0 | E62: =D62-(C62*I$22+I$21) -> -1.4268964e-13 | F62: =A$1*E62/A$2 -> -0.31366437
B63: =Data!D42*Data!H42 -> 3.6655765e-20 | C63: =SQRT(B63) -> 1.9145695e-10 | D63: =Data!F42 -> 0 | E63: =D63-(C63*I$22+I$21) -> -1.4271849e-13 | F63: =A$1*E63/A$2 -> -0.31372781
A64: =Data!A43 -> Calibrate_30C | B64: =Data!D43*Data!H43 -> 2.591747e-20 | C64: =SQRT(B64) -> 1.6098904e-10 | D64: =Data!F43 -> 0 | E64: =D64-(C64*I$22+I$21) -> -1.2936839e-13 | F64: =A$1*E64/A$2 -> -0.28438123 | G64: =AVERAGE(F64:F66) -> -0.28436352 | H64: =STDEV(F64:F66) -> 3.1260218e-05 | I64: =Data!A43 -> Calibrate_30C
B65: =Data!D44*Data!H44 -> 2.5917693e-20 | C65: =SQRT(B65) -> 1.6098973e-10 | D65: =Data!F44 -> 0 | E65: =D65-(C65*I$22+I$21) -> -1.2936869e-13 | F65: =A$1*E65/A$2 -> -0.2843819
B66: =Data!D45*Data!H45 -> 2.5899486e-20 | C66: =SQRT(B66) -> 1.6093317e-10 | D66: =Data!F45 -> 0 | E66: =D66-(C66*I$22+I$21) -> -1.2934391e-13 | F66: =A$1*E66/A$2 -> -0.28432742
A67: =Data!A46 -> 5_T0_1 | B67: =Data!D46*Data!H46 -> 1.9585338e-20 | C67: =SQRT(B67) -> 1.3994763e-10 | D67: =Data!F46 -> 0 | E67: =D67-(C67*I$22+I$21) -> -1.2014869e-13 | F67: =A$1*E67/A$2 -> -0.26411423 | G67: =AVERAGE(F67:F69) -> -0.26403933 | H67: =STDEV(F67:F69) -> 8.8181793e-05 | I67: =Data!A46 -> 5_T0_1
B68: =Data!D47*Data!H47 -> 1.9570053e-20 | C68: =SQRT(B68) -> 1.39893e-10 | D68: =Data!F47 -> 0 | E68: =D68-(C68*I$22+I$21) -> -1.2012475e-13 | F68: =A$1*E68/A$2 -> -0.26406161
B69: =Data!D48*Data!H48 -> 1.9535363e-20 | C69: =SQRT(B69) -> 1.3976896e-10 | D69: =Data!F48 -> 0 | E69: =D69-(C69*I$22+I$21) -> -1.200704e-13 | F69: =A$1*E69/A$2 -> -0.26394214
A70: =Data!A49 -> 6_T0_1 | B70: =Data!D49*Data!H49 -> 1.9816224e-20 | C70: =SQRT(B70) -> 1.4077011e-10 | D70: =Data!F49 -> 0 | E70: =D70-(C70*I$22+I$21) -> -1.2050907e-13 | F70: =A$1*E70/A$2 -> -0.26490644 | G70: =AVERAGE(F70:F72) -> -0.26492565 | H70: =STDEV(F70:F72) -> 2.0689582e-05 | I70: =Data!A49 -> 6_T0_1
B71: =Data!D50*Data!H50 -> 1.9821049e-20 | C71: =SQRT(B71) -> 1.4078725e-10 | D71: =Data!F50 -> 0 | E71: =D71-(C71*I$22+I$21) -> -1.2051658e-13 | F71: =A$1*E71/A$2 -> -0.26492294
B72: =Data!D51*Data!H51 -> 1.9828244e-20 | C72: =SQRT(B72) -> 1.408128e-10 | D72: =Data!F51 -> 0 | E72: =D72-(C72*I$22+I$21) -> -1.2052778e-13 | F72: =A$1*E72/A$2 -> -0.26494755
A73: =Data!A52 -> hardwoodsIN_T0_1 | B73: =Data!D52*Data!H52 -> 2.6345921e-20 | C73: =SQRT(B73) -> 1.6231426e-10 | D73: =Data!F52 -> 0 | E73: =D73-(C73*I$22+I$21) -> -1.2994906e-13 | F73: =A$1*E73/A$2 -> -0.28565769 | G73: =AVERAGE(F73:F75) -> -0.28562935 | H73: =STDEV(F73:F75) -> 3.1666849e-05 | I73: =Data!A52 -> hardwoodsIN_T0_1
B74: =Data!D53*Data!H53 -> 2.633834e-20 | C74: =SQRT(B74) -> 1.6229091e-10 | D74: =Data!F53 -> 0 | E74: =D74-(C74*I$22+I$21) -> -1.2993883e-13 | F74: =A$1*E74/A$2 -> -0.28563519
B75: =Data!D54*Data!H54 -> 2.6324854e-20 | C75: =SQRT(B75) -> 1.6224936e-10 | D75: =Data!F54 -> 0 | E75: =D75-(C75*I$22+I$21) -> -1.2992062e-13 | F75: =A$1*E75/A$2 -> -0.28559517
A76: =Data!A55 -> Calibrate_20C | B76: =Data!D55*Data!H55 -> 3.5269548e-20 | C76: =SQRT(B76) -> 1.8780188e-10 | D76: =Data!F55 -> 0 | E76: =D76-(C76*I$22+I$21) -> -1.4111695e-13 | F76: =A$1*E76/A$2 -> -0.31020726 | G76: =AVERAGE(F76:F78) -> -0.31052096 | H76: =STDEV(F76:F78) -> 0.0002718385 | I76: =Data!A55 -> Calibrate_20C
B77: =Data!D56*Data!H56 -> 3.5449547e-20 | C77: =SQRT(B77) -> 1.882805e-10 | D77: =Data!F56 -> 0 | E77: =D77-(C77*I$22+I$21) -> -1.4132667e-13 | F77: =A$1*E77/A$2 -> -0.31066826
B78: =Data!D57*Data!H57 -> 3.5457011e-20 | C78: =SQRT(B78) -> 1.8830032e-10 | D78: =Data!F57 -> 0 | E78: =D78-(C78*I$22+I$21) -> -1.4133535e-13 | F78: =A$1*E78/A$2 -> -0.31068735
A79: =Data!A58 -> Calibrate_30C | B79: =Data!D58*Data!H58 -> 2.5139898e-20 | C79: =SQRT(B79) -> 1.5855566e-10 | D79: =Data!F58 -> 0 | E79: =D79-(C79*I$22+I$21) -> -1.2830216e-13 | F79: =A$1*E79/A$2 -> -0.28203741 | G79: =AVERAGE(F79:F81) -> -0.28192829 | H79: =STDEV(F79:F81) -> 9.9142708e-05 | I79: =Data!A58 -> Calibrate_30C
B80: =Data!D59*Data!H59 -> 2.5095893e-20 | C80: =SQRT(B80) -> 1.5841683e-10 | D80: =Data!F59 -> 0 | E80: =D80-(C80*I$22+I$21) -> -1.2824133e-13 | F80: =A$1*E80/A$2 -> -0.28190369
B81: =Data!D60*Data!H60 -> 2.5076181e-20 | C81: =SQRT(B81) -> 1.5835461e-10 | D81: =Data!F60 -> 0 | E81: =D81-(C81*I$22+I$21) -> -1.2821406e-13 | F81: =A$1*E81/A$2 -> -0.28184376
A82: =Data!A61 -> 7_T0_1 | B82: =Data!D61*Data!H61 -> 2.3248006e-20 | C82: =SQRT(B82) -> 1.5247297e-10 | D82: =Data!F61 -> 0 | E82: =D82-(C82*I$22+I$21) -> -1.2563691e-13 | F82: =A$1*E82/A$2 -> -0.27617859 | G82: =AVERAGE(F82:F84) -> -0.27608281 | H82: =STDEV(F82:F84) -> 8.627523e-05 | I82: =Data!A61 -> 7_T0_1
B83: =Data!D62*Data!H62 -> 2.3210052e-20 | C83: =SQRT(B83) -> 1.5234846e-10 | D83: =Data!F62 -> 0 | E83: =D83-(C83*I$22+I$21) -> -1.2558235e-13 | F83: =A$1*E83/A$2 -> -0.27605866
B84: =Data!D63*Data!H63 -> 2.3195037e-20 | C84: =SQRT(B84) -> 1.5229917e-10 | D84: =Data!F63 -> 0 | E84: =D84-(C84*I$22+I$21) -> -1.2556075e-13 | F84: =A$1*E84/A$2 -> -0.27601118
A85: =Data!A64 -> 8_T0_1 | B85: =Data!D64*Data!H64 -> 1.9883372e-20 | C85: =SQRT(B85) -> 1.4100841e-10 | D85: =Data!F64 -> 0 | E85: =D85-(C85*I$22+I$21) -> -1.2061349e-13 | F85: =A$1*E85/A$2 -> -0.26513597 | G85: =AVERAGE(F85:F87) -> -0.26500473 | H85: =STDEV(F85:F87) -> 0.00013229485 | I85: =Data!A64 -> 8_T0_1
B86: =Data!D65*Data!H65 -> 1.9845577e-20 | C86: =SQRT(B86) -> 1.4087433e-10 | D86: =Data!F65 -> 0 | E86: =D86-(C86*I$22+I$21) -> -1.2055474e-13 | F86: =A$1*E86/A$2 -> -0.26500682
B87: =Data!D66*Data!H66 -> 1.9805985e-20 | C87: =SQRT(B87) -> 1.4073374e-10 | D87: =Data!F66 -> 0 | E87: =D87-(C87*I$22+I$21) -> -1.2049314e-13 | F87: =A$1*E87/A$2 -> -0.2648714
A88: =Data!A67 -> 9_T0_1 | B88: =Data!D67*Data!H67 -> 1.9453912e-20 | C88: =SQRT(B88) -> 1.3947728e-10 | D88: =Data!F67 -> 0 | E88: =D88-(C88*I$22+I$21) -> -1.199426e-13 | F88: =A$1*E88/A$2 -> -0.26366119 | G88: =AVERAGE(F88:F90) -> -0.26358495 | H88: =STDEV(F88:F90) -> 6.6321377e-05 | I88: =Data!A67 -> 9_T0_1
B89: =Data!D68*Data!H68 -> 1.942263e-20 | C89: =SQRT(B89) -> 1.393651e-10 | D89: =Data!F68 -> 0 | E89: =D89-(C89*I$22+I$21) -> -1.1989344e-13 | F89: =A$1*E89/A$2 -> -0.26355313
B90: =Data!D69*Data!H69 -> 1.9418985e-20 | C90: =SQRT(B90) -> 1.3935202e-10 | D90: =Data!F69 -> 0 | E90: =D90-(C90*I$22+I$21) -> -1.1988771e-13 | F90: =A$1*E90/A$2 -> -0.26354054
A91: =Data!A70 -> Calibrate_20C | B91: =Data!D70*Data!H70 -> 3.4435028e-20 | C91: =SQRT(B91) -> 1.8556677e-10 | D91: =Data!F70 -> 0 | E91: =D91-(C91*I$22+I$21) -> -1.401376e-13 | F91: =A$1*E91/A$2 -> -0.30805441 | G91: =AVERAGE(F91:F93) -> -0.30824443 | H91: =STDEV(F91:F93) -> 0.00016796932 | I91: =Data!A70 -> Calibrate_20C
B92: =Data!D71*Data!H71 -> 3.4531939e-20 | C92: =SQRT(B92) -> 1.8582771e-10 | D92: =Data!F71 -> 0 | E92: =D92-(C92*I$22+I$21) -> -1.4025193e-13 | F92: =A$1*E92/A$2 -> -0.30830575
B93: =Data!D72*Data!H72 -> 3.4557939e-20 | C93: =SQRT(B93) -> 1.8589766e-10 | D93: =Data!F72 -> 0 | E93: =D93-(C93*I$22+I$21) -> -1.4028258e-13 | F93: =A$1*E93/A$2 -> -0.30837312
A94: =Data!A73 -> Calibrate_30C | B94: =Data!D73*Data!H73 -> 2.4272951e-20 | C94: =SQRT(B94) -> 1.5579779e-10 | D94: =Data!F73 -> 0 | E94: =D94-(C94*I$22+I$21) -> -1.2709374e-13 | F94: =A$1*E94/A$2 -> -0.27938104 | G94: =AVERAGE(F94:F96) -> -0.27937306 | H94: =STDEV(F94:F96) -> 2.9850856e-05 | I94: =Data!A73 -> Calibrate_30C
B95: =Data!D74*Data!H74 -> 2.4259687e-20 | C95: =SQRT(B95) -> 1.5575521e-10 | D95: =Data!F74 -> 0 | E95: =D95-(C95*I$22+I$21) -> -1.2707509e-13 | F95: =A$1*E95/A$2 -> -0.27934003
B96: =Data!D75*Data!H75 -> 2.4278474e-20 | C96: =SQRT(B96) -> 1.5581551e-10 | D96: =Data!F75 -> 0 | E96: =D96-(C96*I$22+I$21) -> -1.2710151e-13 | F96: =A$1*E96/A$2 -> -0.27939811
A97: =Data!A82 -> 11_T0_1 | B97: =Data!D82*Data!H82 -> 1.6228999e-20 | C97: =SQRT(B97) -> 1.2739309e-10 | D97: =Data!F82 -> 0 | E97: =D97-(C97*I$22+I$21) -> -1.1464767e-13 | F97: =A$1*E97/A$2 -> -0.25202174 | G97: =AVERAGE(F97:F99) -> -0.25199768 | H97: =STDEV(F97:F99) -> 4.6025399e-05 | I97: =Data!A82 -> 11_T0_1
B98: =Data!D83*Data!H83 -> 1.6230305e-20 | C98: =SQRT(B98) -> 1.2739821e-10 | D98: =Data!F83 -> 0 | E98: =D98-(C98*I$22+I$21) -> -1.1464992e-13 | F98: =A$1*E98/A$2 -> -0.25202668
B99: =Data!D84*Data!H84 -> 1.6208601e-20 | C99: =SQRT(B99) -> 1.27313e-10 | D99: =Data!F84 -> 0 | E99: =D99-(C99*I$22+I$21) -> -1.1461258e-13 | F99: =A$1*E99/A$2 -> -0.25194461
A100: =Data!A85 -> Calibrate_20C | B100: =Data!D85*Data!H85 -> 3.3462976e-20 | C100: =SQRT(B100) -> 1.8292888e-10 | D100: =Data!F85 -> 0 | E100: =D100-(C100*I$22+I$21) -> -1.3898175e-13 | F100: =A$1*E100/A$2 -> -0.3055136 | G100: =AVERAGE(F100:F102) -> -0.30553436 | H100: =STDEV(F100:F102) -> 2.6059685e-05 | I100: =Data!A85 -> Calibrate_20C
B101: =Data!D86*Data!H86 -> 3.3481971e-20 | C101: =SQRT(B101) -> 1.8298079e-10 | D101: =Data!F86 -> 0 | E101: =D101-(C101*I$22+I$21) -> -1.390045e-13 | F101: =A$1*E101/A$2 -> -0.30556361
B102: =Data!D87*Data!H87 -> 3.3467635e-20 | C102: =SQRT(B102) -> 1.8294162e-10 | D102: =Data!F87 -> 0 | E102: =D102-(C102*I$22+I$21) -> -1.3898733e-13 | F102: =A$1*E102/A$2 -> -0.30552587
...

Sheet 29N2
A1: ='30N2'!A1 -> 531.2 | B1: =actual N2 at 20/0
A2: ='30N2'!A2 -> 2.4164917e-10 | B2: =average measured N2 at 20/0
B4: x | C4: y | E4: N29 based
B5: N28 | C5: N29 | D5: Excess | E5: on N2 | G5: SUMMARY OUTPUT
A7: ='30N2'!A7 -> Calibrate_20C | B7: =Data!D10 -> 2.818135e-10 | C7: =Data!E10 -> 0 | D7: =C7-(B7*H$22+H$21) -> -2.0490065e-12 | E7: =A$1*D7/A$2 -> -4.5041838 | G7: Regression Statistics
B8: =Data!D11 -> 2.81585e-10 | C8: =Data!E11 -> 0 | D8: =C8-(B8*H$22+H$21) -> -2.0473097e-12 | E8: =A$1*D8/A$2 -> -4.5004539 | G8: Multiple R | H8: 0.99969729
B9: =Data!D12 -> 2.815194e-10 | C9: =Data!E12 -> 0 | D9: =C9-(B9*H$22+H$21) -> -2.0468226e-12 | E9: =A$1*D9/A$2 -> -4.499383 | G9: R Square | H9: 0.99939467
A10: ='30N2'!A10 -> Calibrate_30C | B10: =Data!D13 -> 2.498668e-10 | C10: =Data!E13 -> 0 | D10: =C10-(B10*H$22+H$21) -> -1.8117777e-12 | E10: =A$1*D10/A$2 -> -3.9827008 | G10: Adjusted R Square | H10: 0.99937686
B11: =Data!D14 -> 2.501551e-10 | C11: =Data!E14 -> 0 | D11: =C11-(B11*H$22+H$21) -> -1.8139186e-12 | E11: =A$1*D11/A$2 -> -3.9874069 | G11: Standard Error | H11: 8.6787409e-15
B12: =Data!D15 -> 2.499926e-10 | C12: =Data!E15 -> 0 | D12: =C12-(B12*H$22+H$21) -> -1.8127119e-12 | E12: =A$1*D12/A$2 -> -3.9847543 | G12: Observations | H12: 36
A13: ='30N2'!A13 -> grassesIN_T0_1 | B13: =Data!D16 -> 2.531977e-10 | C13: =Data!E16 -> 0 | D13: =C13-(B13*H$22+H$21) -> -1.8365122e-12 | E13: =A$1*D13/A$2 -> -4.0370728
B14: =Data!D17 -> 2.532855e-10 | C14: =Data!E17 -> 0 | D14: =C14-(B14*H$22+H$21) -> -1.8371642e-12 | E14: =A$1*D14/A$2 -> -4.0385061 | G14: ANOVA
B15: =Data!D18 -> 2.534145e-10 | C15: =Data!E18 -> 0 | D15: =C15-(B15*H$22+H$21) -> -1.8381221e-12 | E15: =A$1*D15/A$2 -> -4.0406118 | H15: df | I15: SS | J15: MS | K15: F | L15: Significance F
A16: ='30N2'!A16 -> 1_T0_1 | B16: =Data!D19 -> 2.468768e-10 | C16: =Data!E19 -> 0 | D16: =C16-(B16*H$22+H$21) -> -1.7895747e-12 | E16: =A$1*D16/A$2 -> -3.9338934 | G16: Regression | H16: 1 | I16: 4.2279906e-24 | J16: 4.2279906e-24 | K16: 56133.298 | L16: 2.6733352e-56
B17: =Data!D20 -> 2.467791e-10 | C17: =Data!E20 -> 0 | D17: =C17-(B17*H$22+H$21) -> -1.7888492e-12 | E17: =A$1*D17/A$2 -> -3.9322986 | G17: Residual | H17: 34 | I17: 2.5608985e-27 | J17: 7.5320544e-29
B18: =Data!D21 -> 2.467689e-10 | C18: =Data!E21 -> 0 | D18: =C18-(B18*H$22+H$21) -> -1.7887734e-12 | E18: =A$1*D18/A$2 -> -3.9321321 | G18: Total | H18: 35 | I18: 4.2305515e-24
A19: ='30N2'!A19 -> typhaIN_T0_1 | B19: =Data!D76 -> 2.378664e-10 | C19: =Data!E76 -> 0 | D19: =C19-(B19*H$22+H$21) -> -1.7226655e-12 | E19: =A$1*D19/A$2 -> -3.7868119
B20: =Data!D77 -> 2.378535e-10 | C20: =Data!E77 -> 0 | D20: =C20-(B20*H$22+H$21) -> -1.7225697e-12 | E20: =A$1*D20/A$2 -> -3.7866013 | H20: Coefficients | I20: Standard Error | J20: t Stat | K20: P-value | L20: Lower 95% | M20: Upper 95% | N20: Lower 95.0% | O20: Upper 95.0%
B21: =Data!D78 -> 2.380547e-10 | C21: =Data!E78 -> 0 | D21: =C21-(B21*H$22+H$21) -> -1.7240638e-12 | E21: =A$1*D21/A$2 -> -3.7898856 | G21: Intercept | H21: -4.3675242e-14 | I21: 1.6222072e-14 | J21: -2.6923344 | K21: 0.01093146 | L21: -7.6642458e-14 | M21: -1.0708026e-14 | N21: -7.6642458e-14 | O21: -1.0708026e-14
A22: ='30N2'!A22 -> 10_T0_1 | B22: =Data!D79 -> 2.412477e-10 | C22: =Data!E79 -> 0 | D22: =C22-(B22*H$22+H$21) -> -1.7477743e-12 | E22: =A$1*D22/A$2 -> -3.8420066 | G22: X Variable 1 | H22: 0.0074257683 | I22: 3.1342318e-05 | J22: 236.92467 | K22: 2.6733352e-56 | L22: 0.0073620731 | M22: 0.0074894636 | N22: 0.0073620731 | O22: 0.0074894636
B23: =Data!D80 -> 2.412482e-10 | C23: =Data!E80 -> 0 | D23: =C23-(B23*H$22+H$21) -> -1.747778e-12 | E23: =A$1*D23/A$2 -> -3.8420148
B24: =Data!D81 -> 2.411756e-10 | C24: =Data!E81 -> 0 | D24: =C24-(B24*H$22+H$21) -> -1.7472389e-12 | E24: =A$1*D24/A$2 -> -3.8408297
A25: ='30N2'!A25 -> hardwoodsIN_T1_1 | B25: =Data!D136 -> 2.327946e-10 | C25: =Data!E136 -> 0 | D25: =C25-(B25*H$22+H$21) -> -1.6850035e-12 | E25: =A$1*D25/A$2 -> -3.7040222
B26: =Data!D137 -> 2.327683e-10 | C26: =Data!E137 -> 0 | D26: =C26-(B26*H$22+H$21) -> -1.6848082e-12 | E26: =A$1*D26/A$2 -> -3.7035929
B27: =Data!D138 -> 2.327317e-10 | C27: =Data!E138 -> 0 | D27: =C27-(B27*H$22+H$21) -> -1.6845364e-12 | E27: =A$1*D27/A$2 -> -3.7029954
A28: ='30N2'!A28 -> 7_T1_1 | B28: =Data!D139 -> 2.293899e-10 | C28: =Data!E139 -> 0 | D28: =C28-(B28*H$22+H$21) -> -1.659721e-12 | E28: =A$1*D28/A$2 -> -3.6484454
B29: =Data!D140 -> 2.294201e-10 | C29: =Data!E140 -> 0 | D29: =C29-(B29*H$22+H$21) -> -1.6599453e-12 | E29: =A$1*D29/A$2 -> -3.6489384
B30: =Data!D141 -> 2.294357e-10 | C30: =Data!E141 -> 0 | D30: =C30-(B30*H$22+H$21) -> -1.6600611e-12 | E30: =A$1*D30/A$2 -> -3.6491931
A31: ='30N2'!A31 -> openwaterIN_T2_1 | B31: =Data!D196 -> 2.220956e-10 | C31: =Data!E196 -> 0 | D31: =C31-(B31*H$22+H$21) -> -1.6055552e-12 | E31: =A$1*D31/A$2 -> -3.5293767
B32: =Data!D197 -> 2.222002e-10 | C32: =Data!E197 -> 0 | D32: =C32-(B32*H$22+H$21) -> -1.606332e-12 | E32: =A$1*D32/A$2 -> -3.5310841
B33: =Data!D198 -> 2.222089e-10 | C33: =Data!E198 -> 0 | D33: =C33-(B33*H$22+H$21) -> -1.6063966e-12 | E33: =A$1*D33/A$2 -> -3.5312261
A34: ='30N2'!A34 -> 4_T2_1 | B34: =Data!D199 -> 2.155292e-10 | C34: =Data!E199 -> 0 | D34: =C34-(B34*H$22+H$21) -> -1.5567947e-12 | E34: =A$1*D34/A$2 -> -3.4221898
B35: =Data!D200 -> 2.15308e-10 | C35: =Data!E200 -> 0 | D35: =C35-(B35*H$22+H$21) -> -1.5551521e-12 | E35: =A$1*D35/A$2 -> -3.4185791
B36: =Data!D201 -> 2.151609e-10 | C36: =Data!E201 -> 0 | D36: =C36-(B36*H$22+H$21) -> -1.5540598e-12 | E36: =A$1*D36/A$2 -> -3.4161779
A37: ='30N2'!A37 -> 5_T2_1 | B37: =Data!D202 -> 2.220316e-10 | C37: =Data!E202 -> 0 | D37: =C37-(B37*H$22+H$21) -> -1.60508e-12 | E37: =A$1*D37/A$2 -> -3.528332
B38: =Data!D203 -> 2.221286e-10 | C38: =Data!E203 -> 0 | D38: =C38-(B38*H$22+H$21) -> -1.6058003e-12 | E38: =A$1*D38/A$2 -> -3.5299154
B39: =Data!D204 -> 2.221353e-10 | C39: =Data!E204 -> 0 | D39: =C39-(B39*H$22+H$21) -> -1.60585e-12 | E39: =A$1*D39/A$2 -> -3.5300247
A40: ='30N2'!A40 -> Calibrate_20C | B40: =Data!D205 -> 2.43419e-10 | C40: =Data!E205 -> 0 | D40: =C40-(B40*H$22+H$21) -> -1.7638979e-12 | E40: =A$1*D40/A$2 -> -3.8774499
B41: =Data!D206 -> 2.433758e-10 | C41: =Data!E206 -> 0 | D41: =C41-(B41*H$22+H$21) -> -1.7635771e-12 | E41: =A$1*D41/A$2 -> -3.8767447
B42: =Data!D207 -> 2.432977e-10 | C42: =Data!E207 -> 0 | D42: =C42-(B42*H$22+H$21) -> -1.7629971e-12 | E42: =A$1*D42/A$2 -> -3.8754699
A43: ='30N2'!A43 -> 2_T0_1 | B43: =Data!D22 -> 2.47963e-10 | C43: =Data!E22 -> 0 | D43: =C43-(B43*H$22+H$21) -> -1.7976405e-12 | E43: =A$1*D43/A$2 -> -3.951624 | F43: =AVERAGE(E43:E45) -> -3.9503307 | G43: =STDEV(E43:E45) -> 0.0018480549 | H43: ='30N2'!A43 -> 2_T0_1
B44: =Data!D23 -> 2.479342e-10 | C44: =Data!E23 -> 0 | D44: =C44-(B44*H$22+H$21) -> -1.7974267e-12 | E44: =A$1*D44/A$2 -> -3.9511539
B45: =Data!D24 -> 2.477541e-10 | C45: =Data!E24 -> 0 | D45: =C45-(B45*H$22+H$21) -> -1.7960893e-12 | E45: =A$1*D45/A$2 -> -3.9482141
A46: ='30N2'!A46 -> Calibrate_20C | B46: =Data!D25 -> 2.825131e-10 | C46: =Data!E25 -> 0 | D46: =C46-(B46*H$22+H$21) -> -2.0542016e-12 | E46: =A$1*D46/A$2 -> -4.5156037 | F46: =AVERAGE(E46:E48) -> -4.51491 | G46: =STDEV(E46:E48) -> 0.0013235909 | H46: ='30N2'!A46 -> Calibrate_20C
B47: =Data!D26 -> 2.825216e-10 | C47: =Data!E26 -> 0 | D47: =C47-(B47*H$22+H$21) -> -2.0542647e-12 | E47: =A$1*D47/A$2 -> -4.5157425
B48: =Data!D27 -> 2.823771e-10 | C48: =Data!E27 -> 0 | D48: =C48-(B48*H$22+H$21) -> -2.0531917e-12 | E48: =A$1*D48/A$2 -> -4.5133837
A49: ='30N2'!A49 -> Calibrate_30C | B49: =Data!D28 -> 2.423149e-10 | C49: =Data!E28 -> 0 | D49: =C49-(B49*H$22+H$21) -> -1.7556991e-12 | E49: =A$1*D49/A$2 -> -3.8594271 | F49: =AVERAGE(E49:E51) -> -3.8578225 | G49: =STDEV(E49:E51) -> 0.0014032514 | H49: ='30N2'!A49 -> Calibrate_30C
B50: =Data!D29 -> 2.421794e-10 | C50: =Data!E29 -> 0 | D50: =C50-(B50*H$22+H$21) -> -1.7546929e-12 | E50: =A$1*D50/A$2 -> -3.8572153
B51: =Data!D30 -> 2.421555e-10 | C51: =Data!E30 -> 0 | D51: =C51-(B51*H$22+H$21) -> -1.7545154e-12 | E51: =A$1*D51/A$2 -> -3.8568251
A52: ='30N2'!A52 -> 3_T0_1 | B52: =Data!D31 -> 2.4775e-10 | C52: =Data!E31 -> 0 | D52: =C52-(B52*H$22+H$21) -> -1.7960589e-12 | E52: =A$1*D52/A$2 -> -3.9481471 | F52: =AVERAGE(E52:E54) -> -3.947695 | G52: =STDEV(E52:E54) -> 0.00054079695 | H52: ='30N2'!A52 -> 3_T0_1
B53: =Data!D32 -> 2.477313e-10 | C53: =Data!E32 -> 0 | D53: =C53-(B53*H$22+H$21) -> -1.79592e-12 | E53: =A$1*D53/A$2 -> -3.9478419
B54: =Data!D33 -> 2.476856e-10 | C54: =Data!E33 -> 0 | D54: =C54-(B54*H$22+H$21) -> -1.7955806e-12 | E54: =A$1*D54/A$2 -> -3.9470959
A55: ='30N2'!A55 -> openwaterIN_T0_1 | B55: =Data!D34 -> 2.504726e-10 | C55: =Data!E34 -> 0 | D55: =C55-(B55*H$22+H$21) -> -1.8162763e-12 | E55: =A$1*D55/A$2 -> -3.9925896 | F55: =AVERAGE(E55:E57) -> -3.9903315 | G55: =STDEV(E55:E57) -> 0.0021907819 | H55: ='30N2'!A55 -> openwaterIN_T0_1
B56: =Data!D35 -> 2.503256e-10 | C56: =Data!E35 -> 0 | D56: =C56-(B56*H$22+H$21) -> -1.8151847e-12 | E56: =A$1*D56/A$2 -> -3.99019
B57: =Data!D36 -> 2.502046e-10 | C57: =Data!E36 -> 0 | D57: =C57-(B57*H$22+H$21) -> -1.8142861e-12 | E57: =A$1*D57/A$2 -> -3.9882149
A58: ='30N2'!A58 -> 4_T0_1 | B58: =Data!D37 -> 2.483189e-10 | C58: =Data!E37 -> 0 | D58: =C58-(B58*H$22+H$21) -> -1.8002834e-12 | E58: =A$1*D58/A$2 -> -3.9574336 | F58: =AVERAGE(E58:E60) -> -3.956452 | G58: =STDEV(E58:E60) -> 0.00085158533 | H58: ='30N2'!A58 -> 4_T0_1
B59: =Data!D38 -> 2.482318e-10 | C59: =Data!E38 -> 0 | D59: =C59-(B59*H$22+H$21) -> -1.7996366e-12 | E59: =A$1*D59/A$2 -> -3.9560118
B60: =Data!D39 -> 2.482256e-10 | C60: =Data!E39 -> 0 | D60: =C60-(B60*H$22+H$21) -> -1.7995906e-12 | E60: =A$1*D60/A$2 -> -3.9559106
A61: ='30N2'!A61 -> Calibrate_20C | B61: =Data!D40 -> 2.780781e-10 | C61: =Data!E40 -> 0 | D61: =C61-(B61*H$22+H$21) -> -2.0212683e-12 | E61: =A$1*D61/A$2 -> -4.4432089 | F61: =AVERAGE(E61:E63) -> -4.4451759 | G61: =STDEV(E61:E63) -> 0.001883636 | H61: ='30N2'!A61 -> Calibrate_20C
B62: =Data!D41 -> 2.782096e-10 | C62: =Data!E41 -> 0 | D62: =C62-(B62*H$22+H$21) -> -2.0222448e-12 | E62: =A$1*D62/A$2 -> -4.4453554
B63: =Data!D42 -> 2.783081e-10 | C63: =Data!E42 -> 0 | D63: =C63-(B63*H$22+H$21) -> -2.0229762e-12 | E63: =A$1*D63/A$2 -> -4.4469633
A64: ='30N2'!A64 -> Calibrate_30C | B64: =Data!D43 -> 2.365691e-10 | C64: =Data!E43 -> 0 | D64: =C64-(B64*H$22+H$21) -> -1.7130321e-12 | E64: =A$1*D64/A$2 -> -3.7656353 | F64: =AVERAGE(E64:E66) -> -3.7651984 | G64: =STDEV(E64:E66) -> 0.00073987992 | H64: ='30N2'!A64 -> Calibrate_30C
B65: =Data!D44 -> 2.365679e-10 | C65: =Data!E44 -> 0 | D65: =C65-(B65*H$22+H$21) -> -1.7130232e-12 | E65: =A$1*D65/A$2 -> -3.7656158
B66: =Data!D45 -> 2.3649e-10 | C66: =Data!E45 -> 0 | D66: =C66-(B66*H$22+H$21) -> -1.7124447e-12 | E66: =A$1*D66/A$2 -> -3.7643442
A67: ='30N2'!A67 -> 5_T0_1 | B67: =Data!D46 -> 2.454798e-10 | C67: =Data!E46 -> 0 | D67: =C67-(B67*H$22+H$21) -> -1.7792009e-12 | E67: =A$1*D67/A$2 -> -3.9110894 | F67: =AVERAGE(E67:E69) -> -3.9122054 | G67: =STDEV(E67:E69) -> 0.0010132856 | H67: ='30N2'!A67 -> 5_T0_1
B68: =Data!D47 -> 2.45601e-10 | C68: =Data!E47 -> 0 | D68: =C68-(B68*H$22+H$21) -> -1.7801009e-12 | E68: =A$1*D68/A$2 -> -3.9130679
B69: =Data!D48 -> 2.455637e-10 | C69: =Data!E48 -> 0 | D69: =C69-(B69*H$22+H$21) -> -1.7798239e-12 | E69: =A$1*D69/A$2 -> -3.912459
A70: ='30N2'!A70 -> 6_T0_1 | B70: =Data!D49 -> 2.457331e-10 | C70: =Data!E49 -> 0 | D70: =C70-(B70*H$22+H$21) -> -1.7810818e-12 | E70: =A$1*D70/A$2 -> -3.9152242 | F70: =AVERAGE(E70:E72) -> -3.9152786 | G70: =STDEV(E70:E72) -> 0.00020147058 | H70: ='30N2'!A70 -> 6_T0_1
B71: =Data!D50 -> 2.457261e-10 | C71: =Data!E50 -> 0 | D71: =C71-(B71*H$22+H$21) -> -1.7810298e-12 | E71: =A$1*D71/A$2 -> -3.9151099
B72: =Data!D51 -> 2.457501e-10 | C72: =Data!E51 -> 0 | D72: =C72-(B72*H$22+H$21) -> -1.7812081e-12 | E72: =A$1*D72/A$2 -> -3.9155017
A73: ='30N2'!A73 -> hardwoodsIN_T0_1 | B73: =Data!D52 -> 2.49529e-10 | C73: =Data!E52 -> 0 | D73: =C73-(B73*H$22+H$21) -> -1.8092693e-12 | E73: =A$1*D73/A$2 -> -3.9771867 | F73: =AVERAGE(E73:E75) -> -3.9737343 | G73: =STDEV(E73:E75) -> 0.0037926804 | H73: ='30N2'!A73 -> hardwoodsIN_T0_1
B74: =Data!D53 -> 2.493547e-10 | C74: =Data!E53 -> 0 | D74: =C74-(B74*H$22+H$21) -> -1.807975e-12 | E74: =A$1*D74/A$2 -> -3.9743415
B75: =Data!D54 -> 2.490688e-10 | C75: =Data!E54 -> 0 | D75: =C75-(B75*H$22+H$21) -> -1.805852e-12 | E75: =A$1*D75/A$2 -> -3.9696746
A76: ='30N2'!A76 -> Calibrate_20C | B76: =Data!D55 -> 2.740404e-10 | C76: =Data!E55 -> 0 | D76: =C76-(B76*H$22+H$21) -> -1.9912853e-12 | E76: =A$1*D76/A$2 -> -4.3772993 | F76: =AVERAGE(E76:E78) -> -4.3784779 | G76: =STDEV(E76:E78) -> 0.001148801 | H76: ='30N2'!A76 -> Calibrate_20C
B77: =Data!D56 -> 2.74181e-10 | C77: =Data!E56 -> 0 | D77: =C77-(B77*H$22+H$21) -> -1.9923293e-12 | E77: =A$1*D77/A$2 -> -4.3795944
B78: =Data!D57 -> 2.741164e-10 | C78: =Data!E57 -> 0 | D78: =C78-(B78*H$22+H$21) -> -1.9918496e-12 | E78: =A$1*D78/A$2 -> -4.3785399
A79: ='30N2'!A79 -> Calibrate_30C | B79: =Data!D58 -> 2.328538e-10 | C79: =Data!E58 -> 0 | D79: =C79-(B79*H$22+H$21) -> -1.6854431e-12 | E79: =A$1*D79/A$2 -> -3.7049885 | F79: =AVERAGE(E79:E81) -> -3.7021841 | G79: =STDEV(E79:E81) -> 0.0025637053 | H79: ='30N2'!A79 -> Calibrate_30C
B80: =Data!D59 -> 2.326464e-10 | C80: =Data!E59 -> 0 | D80: =C80-(B80*H$22+H$21) -> -1.683903e-12 | E80: =A$1*D80/A$2 -> -3.701603
B81: =Data!D60 -> 2.325458e-10 | C81: =Data!E60 -> 0 | D81: =C81-(B81*H$22+H$21) -> -1.683156e-12 | E81: =A$1*D81/A$2 -> -3.6999609
A82: ='30N2'!A82 -> 7_T0_1 | B82: =Data!D61 -> 2.500312e-10 | C82: =Data!E61 -> 0 | D82: =C82-(B82*H$22+H$21) -> -1.8129985e-12 | E82: =A$1*D82/A$2 -> -3.9853844 | F82: =AVERAGE(E82:E84) -> -3.9850421 | G82: =STDEV(E82:E84) -> 0.00030678834 | H82: ='30N2'!A82 -> 7_T0_1
B83: =Data!D62 -> 2.500046e-10 | C83: =Data!E62 -> 0 | D83: =C83-(B83*H$22+H$21) -> -1.812801e-12 | E83: =A$1*D83/A$2 -> -3.9849502
B84: =Data!D63 -> 2.499949e-10 | C84: =Data!E63 -> 0 | D84: =C84-(B84*H$22+H$21) -> -1.812729e-12 | E84: =A$1*D84/A$2 -> -3.9847918
A85: ='30N2'!A85 -> 8_T0_1 | B85: =Data!D64 -> 2.391675e-10 | C85: =Data!E64 -> 0 | D85: =C85-(B85*H$22+H$21) -> -1.7323272e-12 | E85: =A$1*D85/A$2 -> -3.8080504 | F85: =AVERAGE(E85:E87) -> -3.8071156 | G85: =STDEV(E85:E87) -> 0.0016831267 | H85: ='30N2'!A85 -> 8_T0_1
B86: =Data!D65 -> 2.39172e-10 | C86: =Data!E65 -> 0 | D86: =C86-(B86*H$22+H$21) -> -1.7323606e-12 | E86: =A$1*D86/A$2 -> -3.8081239
B87: =Data!D66 -> 2.389912e-10 | C87: =Data!E66 -> 0 | D87: =C87-(B87*H$22+H$21) -> -1.731018e-12 | E87: =A$1*D87/A$2 -> -3.8051726
A88: ='30N2'!A88 -> 9_T0_1 | B88: =Data!D67 -> 2.386434e-10 | C88: =Data!E67 -> 0 | D88: =C88-(B88*H$22+H$21) -> -1.7284354e-12 | E88: =A$1*D88/A$2 -> -3.7994952 | F88: =AVERAGE(E88:E90) -> -3.7986394 | G88: =STDEV(E88:E90) -> 0.0013030089 | H88: ='30N2'!A88 -> 9_T0_1
B89: =Data!D68 -> 2.384991e-10 | C89: =Data!E68 -> 0 | D89: =C89-(B89*H$22+H$21) -> -1.7273638e-12 | E89: =A$1*D89/A$2 -> -3.7971398
B90: =Data!D69 -> 2.386304e-10 | C90: =Data!E69 -> 0 | D90: =C90-(B90*H$22+H$21) -> -1.7283388e-12 | E90: =A$1*D90/A$2 -> -3.799283
A91: ='30N2'!A91 -> Calibrate_20C | B91: =Data!D70 -> 2.70938e-10 | C91: =Data!E70 -> 0 | D91: =C91-(B91*H$22+H$21) -> -1.9682476e-12 | E91: =A$1*D91/A$2 -> -4.3266572 | F91: =AVERAGE(E91:E93) -> -4.3261512 | G91: =STDEV(E91:E93) -> 0.0030676409 | H91: ='30N2'!A91 -> Calibrate_20C
B92: =Data!D71 -> 2.710775e-10 | C92: =Data!E71 -> 0 | D92: =C92-(B92*H$22+H$21) -> -1.9692835e-12 | E92: =A$1*D92/A$2 -> -4.3289343
B93: =Data!D72 -> 2.707055e-10 | C93: =Data!E72 -> 0 | D93: =C93-(B93*H$22+H$21) -> -1.9665211e-12 | E93: =A$1*D93/A$2 -> -4.322862
A94: ='30N2'!A94 -> Calibrate_30C | B94: =Data!D73 -> 2.286144e-10 | C94: =Data!E73 -> 0 | D94: =C94-(B94*H$22+H$21) -> -1.6539623e-12 | E94: =A$1*D94/A$2 -> -3.6357865 | F94: =AVERAGE(E94:E96) -> -3.6356206 | G94: =STDEV(E94:E96) -> 0.00028321369 | H94: ='30N2'!A94 -> Calibrate_30C
B95: =Data!D74 -> 2.285842e-10 | C95: =Data!E74 -> 0 | D95: =C95-(B95*H$22+H$21) -> -1.6537381e-12 | E95: =A$1*D95/A$2 -> -3.6352936
B96: =Data!D75 -> 2.286141e-10 | C96: =Data!E75 -> 0 | D96: =C96-(B96*H$22+H$21) -> -1.6539601e-12 | E96: =A$1*D96/A$2 -> -3.6357816
A97: ='30N2'!A97 -> 11_T0_1 | B97: =Data!D82 -> 2.371991e-10 | C97: =Data!E82 -> 0 | D97: =C97-(B97*H$22+H$21) -> -1.7177103e-12 | E97: =A$1*D97/A$2 -> -3.7759192 | F97: =AVERAGE(E97:E99) -> -3.7761776 | G97: =STDEV(E97:E99) -> 0.00059162918 | H97: ='30N2'!A97 -> 11_T0_1
B98: =Data!D83 -> 2.372564e-10 | C98: =Data!E83 -> 0 | D98: =C98-(B98*H$22+H$21) -> -1.7181358e-12 | E98: =A$1*D98/A$2 -> -3.7768545
B99: =Data!D84 -> 2.371893e-10 | C99: =Data!E84 -> 0 | D99: =C99-(B99*H$22+H$21) -> -1.7176375e-12 | E99: =A$1*D99/A$2 -> -3.7757592
A100: ='30N2'!A100 -> Calibrate_20C | B100: =Data!D85 -> 2.658879e-10 | C100: =Data!E85 -> 0 | D100: =C100-(B100*H$22+H$21) -> -1.9307467e-12 | E100: =A$1*D100/A$2 -> -4.2442217 | F100: =AVERAGE(E100:E102) -> -4.2441167 | G100: =STDEV(E100:E102) -> 0.00087721994 | H100: ='30N2'!A100 -> Calibrate_20C
B101: =Data!D86 -> 2.659317e-10 | C101: =Data!E86 -> 0 | D101: =C101-(B101*H$22+H$21) -> -1.9310719e-12 | E101: =A$1*D101/A$2 -> -4.2449367
B102: =Data!D87 -> 2.658248e-10 | C102: =Data!E87 -> 0 | D102: =C102-(B102*H$22+H$21) -> -1.9302781e-12 | E102: =A$1*D102/A$2 -> -4.2431917
...
