Workbook

Sheet Data
A1: 052121-Lake Superior-Cores+Respirations-May2021
A6: Sample | B6: Time | C6: N28 | D6: N29 | E6: N30 | F6: Ar | G6: O2 | H6: Time
A8: 20/0 | B8: 0.42827546 | C8: 6.241656e-08 | D8: 4.392797e-10 | E8: 1.134001e-11 | F8: 1.235414e-09 | G8: 3.008099e-08 | H8: =M8-M$8 -> 0 | I8: 0.42827546 | J8: 10 | K8: 16 | L8: 43 | M8: =J8*60+K8+L8/60 -> 616.71667
B9: 0.42836806 | C9: 6.249566e-08 | D9: 4.396584e-10 | E9: 1.150738e-11 | F9: 1.236902e-09 | G9: 3.009104e-08 | H9: =M9-M$8 -> 0.13333333 | I9: 0.42836806 | J9: 10 | K9: 16 | L9: 51 | M9: =J9*60+K9+L9/60 -> 616.85
B10: 0.4284838 | C10: 6.239389e-08 | D10: 4.406928e-10 | E10: 1.144119e-11 | F10: 1.236542e-09 | G10: 3.006695e-08 | H10: =M10-M$8 -> 0.3 | I10: 0.4284838 | J10: 10 | K10: 17 | L10: 1 | M10: =J10*60+K10+L10/60 -> 617.01667
A11: 30/0 | B11: 0.43180556 | C11: 5.282325e-08 | D11: 3.717482e-10 | E11: 1.067302e-11 | F11: 1.029773e-09 | G11: 2.508122e-08 | H11: =M11-M$8 -> 5.0833333 | I11: 0.43180556 | J11: 10 | K11: 21 | L11: 48 | M11: =J11*60+K11+L11/60 -> 621.8
B12: 0.43189815 | C12: 5.277345e-08 | D12: 3.715286e-10 | E12: 1.037504e-11 | F12: 1.031077e-09 | G12: 2.510491e-08 | H12: =M12-M$8 -> 5.2166667 | I12: 0.43189815 | J12: 10 | K12: 21 | L12: 56 | M12: =J12*60+K12+L12/60 -> 621.93333
B13: 0.43199074 | C13: 5.278764e-08 | D13: 3.717964e-10 | E13: 1.031778e-11 | F13: 1.031453e-09 | G13: 2.505815e-08 | H13: =M13-M$8 -> 5.35 | I13: 0.43199074 | J13: 10 | K13: 22 | L13: 4 | M13: =J13*60+K13+L13/60 -> 622.06667
A14: 20/0 | B14: 0.435 | C14: 6.211614e-08 | D14: 4.365749e-10 | E14: 1.131205e-11 | F14: 1.227347e-09 | G14: 2.991718e-08 | H14: =M14-M$8 -> 9.6833333 | I14: 0.435 | J14: 10 | K14: 26 | L14: 24 | M14: =J14*60+K14+L14/60 -> 626.4
B15: 0.43509259 | C15: 6.218553e-08 | D15: 4.370271e-10 | E15: 1.140981e-11 | F15: 1.22477e-09 | G15: 2.991536e-08 | H15: =M15-M$8 -> 9.8166667 | I15: 0.43509259 | J15: 10 | K15: 26 | L15: 32 | M15: =J15*60+K15+L15/60 -> 626.53333
B16: 0.43524306 | C16: 6.21415e-08 | D16: 4.381185e-10 | E16: 1.137642e-11 | F16: 1.225743e-09 | G16: 2.993014e-08 | H16: =M16-M$8 -> 10.033333 | I16: 0.43524306 | J16: 10 | K16: 26 | L16: 45 | M16: =J16*60+K16+L16/60 -> 626.75
A17: 30/0 | B17: 0.43967593 | C17: 5.255534e-08 | D17: 3.704886e-10 | E17: 1.021252e-11 | F17: 1.023957e-09 | G17: 2.495164e-08 | H17: =M17-M$8 -> 16.416667 | I17: 0.43967593 | J17: 10 | K17: 33 | L17: 8 | M17: =J17*60+K17+L17/60 -> 633.13333
B18: 0.43976852 | C18: 5.247932e-08 | D18: 3.698069e-10 | E18: 1.027509e-11 | F18: 1.024448e-09 | G18: 2.498054e-08 | H18: =M18-M$8 -> 16.55 | I18: 0.43976852 | J18: 10 | K18: 33 | L18: 16 | M18: =J18*60+K18+L18/60 -> 633.26667
B19: 0.43986111 | C19: 5.245805e-08 | D19: 3.689866e-10 | E19: 1.044589e-11 | F19: 1.024887e-09 | G19: 2.493537e-08 | H19: =M19-M$8 -> 16.683333 | I19: 0.43986111 | J19: 10 | K19: 33 | L19: 24 | M19: =J19*60+K19+L19/60 -> 633.4
A20: 051221-LS-WM-5m-To | B20: 0.44369213 | C20: 8.369335e-08 | D20: 5.885065e-10 | E20: 1.373352e-11 | F20: 1.702544e-09 | G20: 4.095919e-08 | H20: =M20-M$8 -> 22.2 | I20: 0.44369213 | J20: 10 | K20: 38 | L20: 55 | M20: =J20*60+K20+L20/60 -> 638.91667
B21: 0.44378472 | C21: 8.366315e-08 | D21: 5.894184e-10 | E21: 1.338887e-11 | F21: 1.703002e-09 | G21: 4.096912e-08 | H21: =M21-M$8 -> 22.333333 | I21: 0.44378472 | J21: 10 | K21: 39 | L21: 3 | M21: =J21*60+K21+L21/60 -> 639.05
B22: 0.44387731 | C22: 8.368348e-08 | D22: 5.874513e-10 | E22: 1.347484e-11 | F22: 1.704461e-09 | G22: 4.099073e-08 | H22: =M22-M$8 -> 22.466667 | I22: 0.44387731 | J22: 10 | K22: 39 | L22: 11 | M22: =J22*60+K22+L22/60 -> 639.18333
A23: 051221-LS-WM-5m-To | B23: 0.44821759 | C23: 8.772465e-08 | D23: 6.163563e-10 | E23: 1.407899e-11 | F23: 1.748913e-09 | G23: 4.239406e-08 | H23: =M23-M$8 -> 28.716667 | I23: 0.44821759 | J23: 10 | K23: 45 | L23: 26 | M23: =J23*60+K23+L23/60 -> 645.43333
B24: 0.44827546 | C24: 8.776044e-08 | D24: 6.175508e-10 | E24: 1.406122e-11 | F24: 1.750506e-09 | G24: 4.241434e-08 | H24: =M24-M$8 -> 28.8 | I24: 0.44827546 | J24: 10 | K24: 45 | L24: 31 | M24: =J24*60+K24+L24/60 -> 645.51667
B25: 0.44842593 | C25: 8.769108e-08 | D25: 6.160784e-10 | E25: 1.397767e-11 | F25: 1.746226e-09 | G25: 4.233169e-08 | H25: =M25-M$8 -> 29.016667 | I25: 0.44842593 | J25: 10 | K25: 45 | L25: 44 | M25: =J25*60+K25+L25/60 -> 645.73333
A26: 051221-LS-WM-35m-To | B26: 0.45291667 | C26: 9.918642e-08 | D26: 6.715734e-10 | E26: 1.491213e-11 | F26: 1.796851e-09 | G26: 4.372049e-08 | H26: =M26-M$8 -> 35.483333 | I26: 0.45291667 | J26: 10 | K26: 52 | L26: 12 | M26: =J26*60+K26+L26/60 -> 652.2
B27: 0.45300926 | C27: 9.90812e-08 | D27: 6.724103e-10 | E27: 1.489012e-11 | F27: 1.797083e-09 | G27: 4.364009e-08 | H27: =M27-M$8 -> 35.616667 | I27: 0.45300926 | J27: 10 | K27: 52 | L27: 20 | M27: =J27*60+K27+L27/60 -> 652.33333
B28: 0.45306713 | C28: 9.915436e-08 | D28: 6.715082e-10 | E28: 1.477661e-11 | F28: 1.797481e-09 | G28: 4.364976e-08 | H28: =M28-M$8 -> 35.7 | I28: 0.45306713 | J28: 10 | K28: 52 | L28: 25 | M28: =J28*60+K28+L28/60 -> 652.41667
A29: 051221-LS-WM-35m-To | B29: 0.456875 | C29: 8.274705e-08 | D29: 5.821241e-10 | E29: 1.379609e-11 | F29: 1.683016e-09 | G29: 4.055909e-08 | H29: =M29-M$8 -> 41.183333 | I29: 0.456875 | J29: 10 | K29: 57 | L29: 54 | M29: =J29*60+K29+L29/60 -> 657.9
B30: 0.45696759 | C30: 8.263995e-08 | D30: 5.804103e-10 | E30: 1.360536e-11 | F30: 1.681118e-09 | G30: 4.054422e-08 | H30: =M30-M$8 -> 41.316667 | I30: 0.45696759 | J30: 10 | K30: 58 | L30: 2 | M30: =J30*60+K30+L30/60 -> 658.03333
B31: 0.45711806 | C31: 8.257612e-08 | D31: 5.815192e-10 | E31: 1.400818e-11 | F31: 1.681388e-09 | G31: 4.058659e-08 | H31: =M31-M$8 -> 41.533333 | I31: 0.45711806 | J31: 10 | K31: 58 | L31: 15 | M31: =J31*60+K31+L31/60 -> 658.25
A32: 051221-LS-WM-163m-To | B32: 0.45880787 | C32: 8.32091e-08 | D32: 5.844462e-10 | E32: 1.366695e-11 | F32: 1.688964e-09 | G32: 4.07717e-08 | H32: =M32-M$8 -> 43.966667 | I32: 0.45880787 | J32: 11 | K32: 0 | L32: 41 | M32: =J32*60+K32+L32/60 -> 660.68333
B33: 0.45886574 | C33: 8.319522e-08 | D33: 5.830397e-10 | E33: 1.378303e-11 | F33: 1.688733e-09 | G33: 4.077571e-08 | H33: =M33-M$8 -> 44.05 | I33: 0.45886574 | J33: 11 | K33: 0 | L33: 46 | M33: =J33*60+K33+L33/60 -> 660.76667
B34: 0.45895833 | C34: 8.315403e-08 | D34: 5.831506e-10 | E34: 1.380467e-11 | F34: 1.686605e-09 | G34: 4.074053e-08 | H34: =M34-M$8 -> 44.183333 | I34: 0.45895833 | J34: 11 | K34: 0 | L34: 54 | M34: =J34*60+K34+L34/60 -> 660.9
A35: 051221-LS-WM-163m-To | B35: 0.46100694 | C35: 8.286748e-08 | D35: 5.81196e-10 | E35: 1.391308e-11 | F35: 1.684062e-09 | G35: 4.045518e-08 | H35: =M35-M$8 -> 47.133333 | I35: 0.46100694 | J35: 11 | K35: 3 | L35: 51 | M35: =J35*60+K35+L35/60 -> 663.85
B36: 0.46109954 | C36: 8.282901e-08 | D36: 5.823343e-10 | E36: 1.362905e-11 | F36: 1.682973e-09 | G36: 4.042251e-08 | H36: =M36-M$8 -> 47.266667 | I36: 0.46109954 | J36: 11 | K36: 3 | L36: 59 | M36: =J36*60+K36+L36/60 -> 663.98333
B37: 0.46115741 | C37: 8.278225e-08 | D37: 5.817004e-10 | E37: 1.375205e-11 | F37: 1.683692e-09 | G37: 4.042223e-08 | H37: =M37-M$8 -> 47.35 | I37: 0.46115741 | J37: 11 | K37: 4 | L37: 4 | M37: =J37*60+K37+L37/60 -> 664.06667
A38: 051321-LS-WM-5m-Tf | B38: 0.46443287 | C38: 8.191422e-08 | D38: 5.757809e-10 | E38: 1.37583e-11 | F38: 1.665374e-09 | G38: 4.035187e-08 | H38: =M38-M$8 -> 52.066667 | I38: 0.46443287 | J38: 11 | K38: 8 | L38: 47 | M38: =J38*60+K38+L38/60 -> 668.78333
B39: 0.46449074 | C39: 8.181505e-08 | D39: 5.764165e-10 | E39: 1.377982e-11 | F39: 1.667224e-09 | G39: 4.035892e-08 | H39: =M39-M$8 -> 52.15 | I39: 0.46449074 | J39: 11 | K39: 8 | L39: 52 | M39: =J39*60+K39+L39/60 -> 668.86667
B40: 0.46452546 | C40: 8.189531e-08 | D40: 5.760992e-10 | E40: 1.364116e-11 | F40: 1.665748e-09 | G40: 4.034915e-08 | H40: =M40-M$8 -> 52.2 | I40: 0.46452546 | J40: 11 | K40: 8 | L40: 55 | M40: =J40*60+K40+L40/60 -> 668.91667
A41: 051321-LS-WM-5m-Tf | B41: 0.46744213 | C41: 8.141865e-08 | D41: 5.702153e-10 | E41: 1.368905e-11 | F41: 1.656426e-09 | G41: 4.001969e-08 | H41: =M41-M$8 -> 56.4 | I41: 0.46744213 | J41: 11 | K41: 13 | L41: 7 | M41: =J41*60+K41+L41/60 -> 673.11667
B42: 0.4675 | C42: 8.123205e-08 | D42: 5.712569e-10 | E42: 1.355985e-11 | F42: 1.655184e-09 | G42: 4.000205e-08 | H42: =M42-M$8 -> 56.483333 | I42: 0.4675 | J42: 11 | K42: 13 | L42: 12 | M42: =J42*60+K42+L42/60 -> 673.2
B43: 0.46755787 | C43: 8.131914e-08 | D43: 5.712657e-10 | E43: 1.360399e-11 | F43: 1.651587e-09 | G43: 4.006628e-08 | H43: =M43-M$8 -> 56.566667 | I43: 0.46755787 | J43: 11 | K43: 13 | L43: 17 | M43: =J43*60+K43+L43/60 -> 673.28333
A44: 051321-LS-WM-35m-Tf | B44: 0.47011574 | C44: 8.365682e-08 | D44: 5.860307e-10 | E44: 1.393801e-11 | F44: 1.677715e-09 | G44: 4.056869e-08 | H44: =M44-M$8 -> 60.25 | I44: 0.47011574 | J44: 11 | K44: 16 | L44: 58 | M44: =J44*60+K44+L44/60 -> 676.96667
B45: 0.47017361 | C45: 8.366891e-08 | D45: 5.86553e-10 | E45: 1.369811e-11 | F45: 1.678263e-09 | G45: 4.057621e-08 | H45: =M45-M$8 -> 60.333333 | I45: 0.47017361 | J45: 11 | K45: 17 | L45: 3 | M45: =J45*60+K45+L45/60 -> 677.05
B46: 0.47034722 | C46: 8.367638e-08 | D46: 5.866236e-10 | E46: 1.386042e-11 | F46: 1.674972e-09 | G46: 4.057009e-08 | H46: =M46-M$8 -> 60.583333 | I46: 0.47034722 | J46: 11 | K46: 17 | L46: 18 | M46: =J46*60+K46+L46/60 -> 677.3
A47: 051321-LS-WM-35m-Tf | B47: 0.47335648 | C47: 8.103729e-08 | D47: 5.686254e-10 | E47: 1.349973e-11 | F47: 1.648668e-09 | G47: 3.984237e-08 | H47: =M47-M$8 -> 64.916667 | I47: 0.47335648 | J47: 11 | K47: 21 | L47: 38 | M47: =J47*60+K47+L47/60 -> 681.63333
B48: 0.47344907 | C48: 8.096248e-08 | D48: 5.707191e-10 | E48: 1.337749e-11 | F48: 1.648101e-09 | G48: 3.985489e-08 | H48: =M48-M$8 -> 65.05 | I48: 0.47344907 | J48: 11 | K48: 21 | L48: 46 | M48: =J48*60+K48+L48/60 -> 681.76667
B49: 0.47350694 | C49: 8.103243e-08 | D49: 5.697263e-10 | E49: 1.354266e-11 | F49: 1.648414e-09 | G49: 3.982226e-08 | H49: =M49-M$8 -> 65.133333 | I49: 0.47350694 | J49: 11 | K49: 21 | L49: 51 | M49: =J49*60+K49+L49/60 -> 681.85
A50: 051321-LS-WM-163m-Tf | B50: 0.47653935 | C50: 8.147295e-08 | D50: 5.714353e-10 | E50: 1.336345e-11 | F50: 1.653687e-09 | G50: 3.985847e-08 | H50: =M50-M$8 -> 69.5 | I50: 0.47653935 | J50: 11 | K50: 26 | L50: 13 | M50: =J50*60+K50+L50/60 -> 686.21667
B51: 0.47663194 | C51: 8.152301e-08 | D51: 5.736868e-10 | E51: 1.337654e-11 | F51: 1.654763e-09 | G51: 3.98499e-08 | H51: =M51-M$8 -> 69.633333 | I51: 0.47663194 | J51: 11 | K51: 26 | L51: 21 | M51: =J51*60+K51+L51/60 -> 686.35
B52: 0.47680556 | C52: 8.151536e-08 | D52: 5.726843e-10 | E52: 1.332213e-11 | F52: 1.654256e-09 | G52: 3.986796e-08 | H52: =M52-M$8 -> 69.883333 | I52: 0.47680556 | J52: 11 | K52: 26 | L52: 36 | M52: =J52*60+K52+L52/60 -> 686.6
A53: 051321-LS-WM-163m-Tf | B53: 0.47928241 | C53: 9.053631e-08 | D53: 6.347189e-10 | E53: 1.442628e-11 | F53: 1.738927e-09 | G53: 4.214831e-08 | H53: =M53-M$8 -> 73.45 | I53: 0.47928241 | J53: 11 | K53: 30 | L53: 10 | M53: =J53*60+K53+L53/60 -> 690.16667
B54: 0.47939815 | C54: 9.051502e-08 | D54: 6.366246e-10 | E54: 1.435649e-11 | F54: 1.738032e-09 | G54: 4.213099e-08 | H54: =M54-M$8 -> 73.616667 | I54: 0.47939815 | J54: 11 | K54: 30 | L54: 20 | M54: =J54*60+K54+L54/60 -> 690.33333
B55: 0.47945602 | C55: 9.050029e-08 | D55: 6.367015e-10 | E55: 1.410402e-11 | F55: 1.73857e-09 | G55: 4.216749e-08 | H55: =M55-M$8 -> 73.7 | I55: 0.47945602 | J55: 11 | K55: 30 | L55: 25 | M55: =J55*60+K55+L55/60 -> 690.41667
A56: 20/0 | B56: 0.48238426 | C56: 5.895125e-08 | D56: 4.149025e-10 | E56: 1.096884e-11 | F56: 1.161217e-09 | G56: 2.84219e-08 | H56: =M56-M$8 -> 77.916667 | I56: 0.48238426 | J56: 11 | K56: 34 | L56: 38 | M56: =J56*60+K56+L56/60 -> 694.63333
B57: 0.48244213 | C57: 5.887273e-08 | D57: 4.145086e-10 | E57: 1.133998e-11 | F57: 1.158101e-09 | G57: 2.841255e-08 | H57: =M57-M$8 -> 78 | I57: 0.48244213 | J57: 11 | K57: 34 | L57: 43 | M57: =J57*60+K57+L57/60 -> 694.71667
B58: 0.48253472 | C58: 5.897757e-08 | D58: 4.152285e-10 | E58: 1.120492e-11 | F58: 1.161908e-09 | G58: 2.841703e-08 | H58: =M58-M$8 -> 78.133333 | I58: 0.48253472 | J58: 11 | K58: 34 | L58: 51 | M58: =J58*60+K58+L58/60 -> 694.85
A59: 30/0 | B59: 0.48517361 | C59: 5.015424e-08 | D59: 3.543148e-10 | E59: 1.00296e-11 | F59: 9.785355e-10 | G59: 2.387584e-08 | H59: =M59-M$8 -> 81.933333 | I59: 0.48517361 | J59: 11 | K59: 38 | L59: 39 | M59: =J59*60+K59+L59/60 -> 698.65
B60: 0.48525463 | C60: 5.017883e-08 | D60: 3.538924e-10 | E60: 1.006122e-11 | F60: 9.768774e-10 | G60: 2.387802e-08 | H60: =M60-M$8 -> 82.05 | I60: 0.48525463 | J60: 11 | K60: 38 | L60: 46 | M60: =J60*60+K60+L60/60 -> 698.76667
B61: 0.48534722 | C61: 5.023872e-08 | D61: 3.543515e-10 | E61: 1.012706e-11 | F61: 9.769795e-10 | G61: 2.38888e-08 | H61: =M61-M$8 -> 82.183333 | I61: 0.48534722 | J61: 11 | K61: 38 | L61: 54 | M61: =J61*60+K61+L61/60 -> 698.9
A62: 051321-LS-SB-5m-To | B62: 0.49101852 | C62: 7.839309e-08 | D62: 5.505617e-10 | E62: 1.275888e-11 | F62: 1.594291e-09 | G62: 3.905326e-08 | H62: =M62-M$8 -> 90.35 | I62: 0.49101852 | J62: 11 | K62: 47 | L62: 4 | M62: =J62*60+K62+L62/60 -> 707.06667
B63: 0.49113426 | C63: 7.838014e-08 | D63: 5.510485e-10 | E63: 1.261314e-11 | F63: 1.592884e-09 | G63: 3.904858e-08 | H63: =M63-M$8 -> 90.516667 | I63: 0.49113426 | J63: 11 | K63: 47 | L63: 14 | M63: =J63*60+K63+L63/60 -> 707.23333
B64: 0.49125 | C64: 7.844823e-08 | D64: 5.498867e-10 | E64: 1.268435e-11 | F64: 1.591557e-09 | G64: 3.903889e-08 | H64: =M64-M$8 -> 90.683333 | I64: 0.49125 | J64: 11 | K64: 47 | L64: 24 | M64: =J64*60+K64+L64/60 -> 707.4
A65: 051321-LS-SB-5m-To | B65: 0.49408565 | C65: 7.781691e-08 | D65: 5.466164e-10 | E65: 1.28347e-11 | F65: 1.579687e-09 | G65: 3.873145e-08 | H65: =M65-M$8 -> 94.766667 | I65: 0.49408565 | J65: 11 | K65: 51 | L65: 29 | M65: =J65*60+K65+L65/60 -> 711.48333
B66: 0.49425926 | C66: 7.785042e-08 | D66: 5.474882e-10 | E66: 1.322745e-11 | F66: 1.579205e-09 | G66: 3.872558e-08 | H66: =M66-M$8 -> 95.016667 | I66: 0.49425926 | J66: 11 | K66: 51 | L66: 44 | M66: =J66*60+K66+L66/60 -> 711.73333
B67: 0.494375 | C67: 7.782728e-08 | D67: 5.4577e-10 | E67: 1.303769e-11 | F67: 1.57955e-09 | G67: 3.870161e-08 | H67: =M67-M$8 -> 95.183333 | I67: 0.494375 | J67: 11 | K67: 51 | L67: 54 | M67: =J67*60+K67+L67/60 -> 711.9
A68: 051321-LS-SB-33m-To | B68: 0.49857639 | C68: 7.973656e-08 | D68: 5.615994e-10 | E68: 1.334965e-11 | F68: 1.624864e-09 | G68: 3.902238e-08 | H68: =M68-M$8 -> 101.23333 | I68: 0.49857639 | J68: 11 | K68: 57 | L68: 57 | M68: =J68*60+K68+L68/60 -> 717.95
B69: 0.49866898 | C69: 7.968012e-08 | D69: 5.608533e-10 | E69: 1.327359e-11 | F69: 1.622948e-09 | G69: 3.906823e-08 | H69: =M69-M$8 -> 101.36667 | I69: 0.49866898 | J69: 11 | K69: 58 | L69: 5 | M69: =J69*60+K69+L69/60 -> 718.08333
B70: 0.49875 | C70: 7.975122e-08 | D70: 5.593359e-10 | E70: 1.310908e-11 | F70: 1.622176e-09 | G70: 3.904105e-08 | H70: =M70-M$8 -> 101.48333 | I70: 0.49875 | J70: 11 | K70: 58 | L70: 12 | M70: =J70*60+K70+L70/60 -> 718.2
A71: 051321-LS-SB-33m-To | B71: 0.50116898 | C71: 7.956321e-08 | D71: 5.578624e-10 | E71: 1.332426e-11 | F71: 1.623166e-09 | G71: 3.883465e-08 | H71: =M71-M$8 -> 104.96667 | I71: 0.50116898 | J71: 12 | K71: 1 | L71: 41 | M71: =J71*60+K71+L71/60 -> 721.68333
B72: 0.50128472 | C72: 7.96161e-08 | D72: 5.612341e-10 | E72: 1.353656e-11 | F72: 1.621151e-09 | G72: 3.886833e-08 | H72: =M72-M$8 -> 105.13333 | I72: 0.50128472 | J72: 12 | K72: 1 | L72: 51 | M72: =J72*60+K72+L72/60 -> 721.85
B73: 0.50137731 | C73: 7.961882e-08 | D73: 5.60763e-10 | E73: 1.349836e-11 | F73: 1.621929e-09 | G73: 3.883728e-08 | H73: =M73-M$8 -> 105.26667 | I73: 0.50137731 | J73: 12 | K73: 1 | L73: 59 | M73: =J73*60+K73+L73/60 -> 721.98333
A74: 051421-LS-SB-5m-Tf | B74: 0.504375 | C74: 7.728499e-08 | D74: 5.44725e-10 | E74: 1.320385e-11 | F74: 1.574423e-09 | G74: 3.843416e-08 | H74: =M74-M$8 -> 109.58333 | I74: 0.504375 | J74: 12 | K74: 6 | L74: 18 | M74: =J74*60+K74+L74/60 -> 726.3
B75: 0.50446759 | C75: 7.737763e-08 | D75: 5.433844e-10 | E75: 1.308225e-11 | F75: 1.572694e-09 | G75: 3.843564e-08 | H75: =M75-M$8 -> 109.71667 | I75: 0.50446759 | J75: 12 | K75: 6 | L75: 26 | M75: =J75*60+K75+L75/60 -> 726.43333
B76: 0.50456019 | C76: 7.726928e-08 | D76: 5.428218e-10 | E76: 1.280851e-11 | F76: 1.570283e-09 | G76: 3.837155e-08 | H76: =M76-M$8 -> 109.85 | I76: 0.50456019 | J76: 12 | K76: 6 | L76: 34 | M76: =J76*60+K76+L76/60 -> 726.56667
A77: 051421-LS-SB-5m-Tf | B77: 0.50693287 | C77: 7.726695e-08 | D77: 5.41601e-10 | E77: 1.327991e-11 | F77: 1.571368e-09 | G77: 3.826374e-08 | H77: =M77-M$8 -> 113.26667 | I77: 0.50693287 | J77: 12 | K77: 9 | L77: 59 | M77: =J77*60+K77+L77/60 -> 729.98333
B78: 0.50702546 | C78: 7.72209e-08 | D78: 5.429004e-10 | E78: 1.289748e-11 | F78: 1.570844e-09 | G78: 3.823175e-08 | H78: =M78-M$8 -> 113.4 | I78: 0.50702546 | J78: 12 | K78: 10 | L78: 7 | M78: =J78*60+K78+L78/60 -> 730.11667
B79: 0.50708333 | C79: 7.721884e-08 | D79: 5.421197e-10 | E79: 1.310826e-11 | F79: 1.569326e-09 | G79: 3.820603e-08 | H79: =M79-M$8 -> 113.48333 | I79: 0.50708333 | J79: 12 | K79: 10 | L79: 12 | M79: =J79*60+K79+L79/60 -> 730.2
A80: 051421-LS-SB-33m-Tf | B80: 0.50997685 | C80: 7.92224e-08 | D80: 5.563748e-10 | E80: 1.325607e-11 | F80: 1.613924e-09 | G80: 3.868157e-08 | H80: =M80-M$8 -> 117.65 | I80: 0.50997685 | J80: 12 | K80: 14 | L80: 22 | M80: =J80*60+K80+L80/60 -> 734.36667
B81: 0.51003472 | C81: 7.911409e-08 | D81: 5.565952e-10 | E81: 1.302515e-11 | F81: 1.612852e-09 | G81: 3.871425e-08 | H81: =M81-M$8 -> 117.73333 | I81: 0.51003472 | J81: 12 | K81: 14 | L81: 27 | M81: =J81*60+K81+L81/60 -> 734.45
B82: 0.51011574 | C82: 7.911616e-08 | D82: 5.563979e-10 | E82: 1.324619e-11 | F82: 1.611487e-09 | G82: 3.868817e-08 | H82: =M82-M$8 -> 117.85 | I82: 0.51011574 | J82: 12 | K82: 14 | L82: 34 | M82: =J82*60+K82+L82/60 -> 734.56667
A83: 051421-LS-SB-33m-Tf | B83: 0.51327546 | C83: 7.918846e-08 | D83: 5.558829e-10 | E83: 1.329468e-11 | F83: 1.610192e-09 | G83: 3.853716e-08 | H83: =M83-M$8 -> 122.4 | I83: 0.51327546 | J83: 12 | K83: 19 | L83: 7 | M83: =J83*60+K83+L83/60 -> 739.11667
B84: 0.51333333 | C84: 7.918348e-08 | D84: 5.562924e-10 | E84: 1.345565e-11 | F84: 1.611362e-09 | G84: 3.85299e-08 | H84: =M84-M$8 -> 122.48333 | I84: 0.51333333 | J84: 12 | K84: 19 | L84: 12 | M84: =J84*60+K84+L84/60 -> 739.2
B85: 0.51342593 | C85: 7.909983e-08 | D85: 5.573236e-10 | E85: 1.316057e-11 | F85: 1.608959e-09 | G85: 3.848873e-08 | H85: =M85-M$8 -> 122.61667 | I85: 0.51342593 | J85: 12 | K85: 19 | L85: 20 | M85: =J85*60+K85+L85/60 -> 739.33333
A86: 20/0 | B86: 0.51988426 | C86: 5.804696e-08 | D86: 4.084777e-10 | E86: 1.085515e-11 | F86: 1.145558e-09 | G86: 2.807404e-08 | H86: =M86-M$8 -> 131.91667 | I86: 0.51988426 | J86: 12 | K86: 28 | L86: 38 | M86: =J86*60+K86+L86/60 -> 748.63333
B87: 0.52003472 | C87: 5.809676e-08 | D87: 4.091306e-10 | E87: 1.090813e-11 | F87: 1.150963e-09 | G87: 2.805203e-08 | H87: =M87-M$8 -> 132.13333 | I87: 0.52003472 | J87: 12 | K87: 28 | L87: 51 | M87: =J87*60+K87+L87/60 -> 748.85
B88: 0.52024306 | C88: 5.808155e-08 | D88: 4.07538e-10 | E88: 1.070526e-11 | F88: 1.150089e-09 | G88: 2.804981e-08 | H88: =M88-M$8 -> 132.43333 | I88: 0.52024306 | J88: 12 | K88: 29 | L88: 9 | M88: =J88*60+K88+L88/60 -> 749.15
A89: 30/0 | B89: 0.52622685 | C89: 4.972186e-08 | D89: 3.519018e-10 | E89: 9.739623e-12 | F89: 9.693273e-10 | G89: 2.362578e-08 | H89: =M89-M$8 -> 141.05 | I89: 0.52622685 | J89: 12 | K89: 37 | L89: 46 | M89: =J89*60+K89+L89/60 -> 757.76667
B90: 0.52628472 | C90: 4.972269e-08 | D90: 3.500491e-10 | E90: 9.829698e-12 | F90: 9.695252e-10 | G90: 2.362884e-08 | H90: =M90-M$8 -> 141.13333 | I90: 0.52628472 | J90: 12 | K90: 37 | L90: 51 | M90: =J90*60+K90+L90/60 -> 757.85
B91: 0.52634259 | C91: 4.971675e-08 | D91: 3.499057e-10 | E91: 9.622466e-12 | F91: 9.655073e-10 | G91: 2.362411e-08 | H91: =M91-M$8 -> 141.21667 | I91: 0.52634259 | J91: 12 | K91: 37 | L91: 56 | M91: =J91*60+K91+L91/60 -> 757.93333
A92: 20/0 | B92: 0.5296875 | C92: 5.835403e-08 | D92: 4.114449e-10 | E92: 1.054258e-11 | F92: 1.153248e-09 | G92: 2.818609e-08 | H92: =M92-M$8 -> 146.03333 | I92: 0.5296875 | J92: 12 | K92: 42 | L92: 45 | M92: =J92*60+K92+L92/60 -> 762.75
B93: 0.52975694 | C93: 5.830093e-08 | D93: 4.100867e-10 | E93: 1.075568e-11 | F93: 1.155109e-09 | G93: 2.819165e-08 | H93: =M93-M$8 -> 146.13333 | I93: 0.52975694 | J93: 12 | K93: 42 | L93: 51 | M93: =J93*60+K93+L93/60 -> 762.85
B94: 0.52981481 | C94: 5.833318e-08 | D94: 4.105515e-10 | E94: 1.088942e-11 | F94: 1.151764e-09 | G94: 2.816779e-08 | H94: =M94-M$8 -> 146.21667 | I94: 0.52981481 | J94: 12 | K94: 42 | L94: 56 | M94: =J94*60+K94+L94/60 -> 762.93333
A95: 30/0 | B95: 0.53269676 | C95: 4.964097e-08 | D95: 3.499651e-10 | E95: 9.571112e-12 | F95: 9.688146e-10 | G95: 2.363606e-08 | H95: =M95-M$8 -> 150.36667 | I95: 0.53269676 | J95: 12 | K95: 47 | L95: 5 | M95: =J95*60+K95+L95/60 -> 767.08333
B96: 0.53278935 | C96: 4.970524e-08 | D96: 3.501202e-10 | E96: 9.732601e-12 | F96: 9.66507e-10 | G96: 2.362925e-08 | H96: =M96-M$8 -> 150.5 | I96: 0.53278935 | J96: 12 | K96: 47 | L96: 13 | M96: =J96*60+K96+L96/60 -> 767.21667
B97: 0.53305556 | C97: 4.973888e-08 | D97: 3.503465e-10 | E97: 9.625016e-12 | F97: 9.677967e-10 | G97: 2.36412e-08 | H97: =M97-M$8 -> 150.88333 | I97: 0.53305556 | J97: 12 | K97: 47 | L97: 36 | M97: =J97*60+K97+L97/60 -> 767.6
A98: 051421-LS-WM-C-IN-To | B98: 0.55847222 | C98: 5.609495e-08 | D98: 3.951298e-10 | E98: 1.006855e-11 | F98: 1.113435e-09 | G98: 2.687913e-08 | H98: =M98-M$8 -> 187.48333 | I98: 0.55847222 | J98: 1 | K98: 24 | L98: 12 | M98: =(12+J98)*60+K98+L98/60 -> 804.2
B99: 0.55864583 | C99: 5.613462e-08 | D99: 3.944869e-10 | E99: 1.027069e-11 | F99: 1.113336e-09 | G99: 2.685873e-08 | H99: =M99-M$8 -> 187.73333 | I99: 0.55864583 | J99: 1 | K99: 24 | L99: 27 | M99: =(12+J99)*60+K99+L99/60 -> 804.45
B100: 0.55871528 | C100: 5.61071e-08 | D100: 3.958399e-10 | E100: 1.025467e-11 | F100: 1.114167e-09 | G100: 2.688754e-08 | H100: =M100-M$8 -> 187.83333 | I100: 0.55871528 | J100: 1 | K100: 24 | L100: 33 | M100: =(12+J100)*60+K100+L100/60 -> 804.55
A101: 051421-LS-WM-C-IN-To | B101: 0.56252315 | C101: 5.59508e-08 | D101: 3.948263e-10 | E101: 1.021286e-11 | F101: 1.11097e-09 | G101: 2.690255e-08 | H101: =M101-M$8 -> 193.31667 | I101: 0.56252315 | J101: 1 | K101: 30 | L101: 2 | M101: =(12+J101)*60+K101+L101/60 -> 810.03333
B102: 0.56260417 | C102: 5.592814e-08 | D102: 3.940371e-10 | E102: 1.027196e-11 | F102: 1.111634e-09 | G102: 2.68771e-08 | H102: =M102-M$8 -> 193.43333 | I102: 0.56260417 | J102: 1 | K102: 30 | L102: 9 | M102: =(12+J102)*60+K102+L102/60 -> 810.15
B103: 0.56269676 | C103: 5.590537e-08 | D103: 3.933266e-10 | E103: 1.029768e-11 | F103: 1.108711e-09 | G103: 2.689906e-08 | H103: =M103-M$8 -> 193.56667 | I103: 0.56269676 | J103: 1 | K103: 30 | L103: 17 | M103: =(12+J103)*60+K103+L103/60 -> 810.28333
A104: 051521-LS-WM-C-IN-T1 | B104: 0.56509259 | C104: 5.574901e-08 | D104: 3.923274e-10 | E104: 1.028507e-11 | F104: 1.10455e-09 | G104: 2.68378e-08 | H104: =M104-M$8 -> 197.01667 | I104: 0.56509259 | J104: 1 | K104: 33 | L104: 44 | M104: =(12+J104)*60+K104+L104/60 -> 813.73333
B105: 0.56515046 | C105: 5.579795e-08 | D105: 3.920794e-10 | E105: 1.005622e-11 | F105: 1.103621e-09 | G105: 2.683115e-08 | H105: =M105-M$8 -> 197.1 | I105: 0.56515046 | J105: 1 | K105: 33 | L105: 49 | M105: =(12+J105)*60+K105+L105/60 -> 813.81667
...

Sheet Regs
A1: 20/0 N2 | D1: SUMMARY OUTPUT
A3: N2/Ar | B3: time(min) | D3: Regression Statistics
A4: =Data!C8/Data!F8 -> 50.522788 | B4: =Data!H8 -> 0 | D4: Multiple R | E4: 0.37205777
A5: =Data!C9/Data!F9 -> 50.525959 | B5: =Data!H9 -> 0.13333333 | D5: R Square | E5: 0.13842698
A6: =Data!C10/Data!F10 -> 50.458367 | B6: =Data!H10 -> 0.3 | D6: Adjusted R Square | E6: 0.099264575
A7: =Data!C14/Data!F14 -> 50.610088 | B7: =Data!H14 -> 9.6833333 | D7: Standard Error | E7: 0.11557942
A8: =Data!C15/Data!F15 -> 50.773231 | B8: =Data!H15 -> 9.8166667 | D8: Observations | E8: 24
A9: =Data!C16/Data!F16 -> 50.697006 | B9: =Data!H16 -> 10.033333
A10: =Data!C56/Data!F56 -> 50.766782 | B10: =Data!H56 -> 77.916667 | D10: ANOVA
A11: =Data!C57/Data!F57 -> 50.835575 | B11: =Data!H57 -> 78 | E11: df | F11: SS | G11: MS | H11: F | I11: Significance F
A12: =Data!C58/Data!F58 -> 50.759243 | B12: =Data!H58 -> 78.133333 | D12: Regression | E12: 1 | F12: 0.047218523 | G12: 0.047218523 | H12: 3.5346902 | I12: 0.073404918
A13: =Data!C86/Data!F86 -> 50.671341 | B13: =Data!H86 -> 131.91667 | D13: Residual | E13: 22 | F13: 0.29388927 | G13: 0.013358603
A14: =Data!C87/Data!F87 -> 50.476653 | B14: =Data!H87 -> 132.13333 | D14: Total | E14: 23 | F14: 0.34110779
A15: =Data!C88/Data!F88 -> 50.501787 | B15: =Data!H88 -> 132.43333
A16: =Data!C92/Data!F92 -> 50.599724 | B16: =Data!H92 -> 146.03333 | E16: Coefficients | F16: Standard Error | G16: t Stat | H16: P-value | I16: Lower 95% | J16: Upper 95% | K16: Lower 95.0% | L16: Upper 95.0%
A17: =Data!C93/Data!F93 -> 50.472232 | B17: =Data!H93 -> 146.13333 | D17: Intercept | E17: 50.635992 | F17: 0.037517724 | G17: 1349.6552 | H17: 1.34118e-55 | I17: 50.558185 | J17: 50.713799 | K17: 50.558185 | L17: 50.713799
A18: =Data!C94/Data!F94 -> 50.646817 | B18: =Data!H94 -> 146.21667 | D18: X Variable 1 | E18: -0.00031869096 | F18: 0.00016950951 | G18: -1.8800772 | H18: 0.073404918 | I18: -0.00067023217 | J18: 3.2850248e-05 | K18: -0.00067023217 | L18: 3.2850248e-05
A19: =Data!C152/Data!F152 -> 50.47751 | B19: =Data!H152 -> 270.83333
A20: =Data!C153/Data!F153 -> 50.441875 | B20: =Data!H153 -> 270.96667
A21: =Data!C154/Data!F154 -> 50.423413 | B21: =Data!H154 -> 271.05
A22: =Data!C212/Data!F212 -> 50.583895 | B22: =Data!H212 -> 364.51667
A23: =Data!C213/Data!F213 -> 50.541285 | B23: =Data!H213 -> 364.65
A24: =Data!C214/Data!F214 -> 50.638356 | B24: =Data!H214 -> 364.78333
A25: =Data!C218/Data!F218 -> 50.619541 | B25: =Data!H218 -> 374.73333
A26: =Data!C219/Data!F219 -> 50.473698 | B26: =Data!H219 -> 374.86667
A27: =Data!C220/Data!F220 -> 50.430367 | B27: =Data!H220 -> 374.95
A28: =Data!C416/Data!F416 -> #DIV/0! | B28: =Data!H416 -> 0
A29: =Data!C417/Data!F417 -> #DIV/0! | B29: =Data!H417 -> 0
A30: =Data!C418/Data!F418 -> #DIV/0! | B30: =Data!H418 -> 0
A31: =Data!C542/Data!F542 -> #DIV/0! | B31: =Data!H542 -> 0
A32: =Data!C543/Data!F543 -> #DIV/0! | B32: =Data!H543 -> 0
A33: =Data!C544/Data!F544 -> #DIV/0! | B33: =Data!H544 -> 0
A34: =Data!C608/Data!F608 -> #DIV/0! | B34: =Data!H608 -> 0
A35: =Data!C609/Data!F609 -> #DIV/0! | B35: =Data!H609 -> 0
A36: =Data!C610/Data!F610 -> #DIV/0! | B36: =Data!H610 -> 0
A37: =Data!C614/Data!F614 -> #DIV/0! | B37: =Data!H614 -> 0
A38: =Data!C615/Data!F615 -> #DIV/0! | B38: =Data!H615 -> 0
A39: =Data!C616/Data!F616 -> #DIV/0! | B39: =Data!H616 -> 0
A41: 30/0 N2 | D41: SUMMARY OUTPUT
A43: N2/Ar | B43: time(min) | D43: Regression Statistics
A44: =Data!C11/Data!F11 -> 51.296014 | B44: =Data!H11 -> 5.0833333 | D44: Multiple R | E44: 0.44806265
A45: =Data!C12/Data!F12 -> 51.182841 | B45: =Data!H12 -> 5.2166667 | D45: R Square | E45: 0.20076013
A46: =Data!C13/Data!F13 -> 51.17794 | B46: =Data!H13 -> 5.35 | D46: Adjusted R Square | E46: 0.16443105
A47: =Data!C17/Data!F17 -> 51.325729 | B47: =Data!H17 -> 16.416667 | D47: Standard Error | E47: 0.077765522
A48: =Data!C18/Data!F18 -> 51.226924 | B48: =Data!H18 -> 16.55 | D48: Observations | E48: 24
A49: =Data!C19/Data!F19 -> 51.184228 | B49: =Data!H19 -> 16.683333
A50: =Data!C59/Data!F59 -> 51.25439 | B50: =Data!H59 -> 81.933333 | D50: ANOVA
A51: =Data!C60/Data!F60 -> 51.366558 | B51: =Data!H60 -> 82.05 | E51: df | F51: SS | G51: MS | H51: F | I51: Significance F
A52: =Data!C61/Data!F61 -> 51.422491 | B52: =Data!H61 -> 82.183333 | D52: Regression | E52: 1 | F52: 0.033419289 | G52: 0.033419289 | H52: 5.5261545 | I52: 0.028108273
A53: =Data!C89/Data!F89 -> 51.295223 | B53: =Data!H89 -> 141.05 | D53: Residual | E53: 22 | F53: 0.13304448 | G53: 0.0060474764
A54: =Data!C90/Data!F90 -> 51.285609 | B54: =Data!H90 -> 141.13333 | D54: Total | E54: 23 | F54: 0.16646377
A55: =Data!C91/Data!F91 -> 51.492878 | B55: =Data!H91 -> 141.21667
A56: =Data!C95/Data!F95 -> 51.238875 | B56: =Data!H95 -> 150.36667 | E56: Coefficients | F56: Standard Error | G56: t Stat | H56: P-value | I56: Lower 95% | J56: Upper 95% | K56: Lower 95.0% | L56: Upper 95.0%
A57: =Data!C96/Data!F96 -> 51.427708 | B57: =Data!H96 -> 150.5 | D57: Intercept | E57: 51.275 | F57: 0.025762051 | G57: 1990.3306 | H57: 2.6065397e-59 | I57: 51.221572 | J57: 51.328427 | K57: 51.221572 | L57: 51.328427
A58: =Data!C97/Data!F97 -> 51.393934 | B58: =Data!H97 -> 150.88333 | D58: X Variable 1 | E58: 0.00026778935 | F58: 0.00011391523 | G58: 2.3507774 | H58: 0.028108273 | I58: 3.1543623e-05 | J58: 0.00050403508 | K58: 3.1543623e-05 | L58: 0.00050403508
A59: =Data!C155/Data!F155 -> 51.28949 | B59: =Data!H155 -> 278.56667
A60: =Data!C156/Data!F156 -> 51.407471 | B60: =Data!H156 -> 278.65
A61: =Data!C157/Data!F157 -> 51.336332 | B61: =Data!H157 -> 278.73333
A62: =Data!C215/Data!F215 -> 51.361535 | B62: =Data!H215 -> 369.93333
A63: =Data!C216/Data!F216 -> 51.267132 | B63: =Data!H216 -> 370.06667
A64: =Data!C217/Data!F217 -> 51.396686 | B64: =Data!H217 -> 370.41667
A65: =Data!C221/Data!F221 -> 51.381917 | B65: =Data!H221 -> 380.53333
A66: =Data!C222/Data!F222 -> 51.355546 | B66: =Data!H222 -> 380.63333
A67: =Data!C223/Data!F223 -> 51.377303 | B67: =Data!H223 -> 380.71667
A68: =Data!C419/Data!F419 -> #DIV/0! | B68: =Data!H419 -> 0
A69: =Data!C420/Data!F420 -> #DIV/0! | B69: =Data!H420 -> 0
A70: =Data!C421/Data!F421 -> #DIV/0! | B70: =Data!H421 -> 0
A71: =Data!C545/Data!F545 -> #DIV/0! | B71: =Data!H545 -> 0
A72: =Data!C546/Data!F546 -> #DIV/0! | B72: =Data!H546 -> 0
A73: =Data!C547/Data!F547 -> #DIV/0! | B73: =Data!H547 -> 0
A74: =Data!C611/Data!F611 -> #DIV/0! | B74: =Data!H611 -> 0
A75: =Data!C612/Data!F612 -> #DIV/0! | B75: =Data!H612 -> 0
A76: =Data!C613/Data!F613 -> #DIV/0! | B76: =Data!H613 -> 0
A77: =Data!C617/Data!F617 -> #DIV/0! | B77: =Data!H617 -> 0
A78: =Data!C618/Data!F618 -> #DIV/0! | B78: =Data!H618 -> 0
A79: =Data!C619/Data!F619 -> #DIV/0! | B79: =Data!H619 -> 0
A81: 20/0 O2 | D81: SUMMARY OUTPUT
A83: O2/Ar | B83: Time(min) | D83: Regression Statistics
A84: =Data!G8/Data!F8 -> 24.348915 | B84: =Data!H8 -> 0 | D84: Multiple R | E84: 0.047939097
A85: =Data!G9/Data!F9 -> 24.327748 | B85: =Data!H9 -> 0.13333333 | D85: R Square | E85: 0.002298157
A86: =Data!G10/Data!F10 -> 24.315349 | B86: =Data!H10 -> 0.3 | D86: Adjusted R Square | E86: -0.043051927
A87: =Data!G14/Data!F14 -> 24.375486 | B87: =Data!H14 -> 9.6833333 | D87: Standard Error | E87: 0.056283918
A88: =Data!G15/Data!F15 -> 24.425288 | B88: =Data!H15 -> 9.8166667 | D88: Observations | E88: 24
A89: =Data!G16/Data!F16 -> 24.417957 | B89: =Data!H16 -> 10.033333
A90: =Data!G56/Data!F56 -> 24.475959 | B90: =Data!H56 -> 77.916667 | D90: ANOVA
A91: =Data!G57/Data!F57 -> 24.533741 | B91: =Data!H57 -> 78 | E91: df | F91: SS | G91: MS | H91: F | I91: Significance F
A92: =Data!G58/Data!F58 -> 24.457212 | B92: =Data!H58 -> 78.133333 | D92: Regression | E92: 1 | F92: 0.00016053519 | G92: 0.00016053519 | H92: 0.050675915 | I92: 0.82396916
A93: =Data!G86/Data!F86 -> 24.506869 | B93: =Data!H86 -> 131.91667 | D93: Residual | E93: 22 | F93: 0.069693347 | G93: 0.0031678794
A94: =Data!G87/Data!F87 -> 24.37266 | B94: =Data!H87 -> 132.13333 | D94: Total | E94: 23 | F94: 0.069853882
A95: =Data!G88/Data!F88 -> 24.389252 | B95: =Data!H88 -> 132.43333
A96: =Data!G92/Data!F92 -> 24.440615 | B96: =Data!H92 -> 146.03333 | E96: Coefficients | F96: Standard Error | G96: t Stat | H96: P-value | I96: Lower 95% | J96: Upper 95% | K96: Lower 95.0% | L96: Upper 95.0%
A97: =Data!G93/Data!F93 -> 24.406052 | B97: =Data!H93 -> 146.13333 | D97: Intercept | E97: 24.408931 | F97: 0.018270073 | G97: 1336.0062 | H97: 1.6772655e-55 | I97: 24.371041 | J97: 24.446821 | K97: 24.371041 | L97: 24.446821
A98: =Data!G94/Data!F94 -> 24.456217 | B98: =Data!H94 -> 146.21667 | D98: X Variable 1 | E98: -1.8582266e-05 | F98: 8.2546349e-05 | G98: -0.22511312 | H98: 0.82396916 | I98: -0.00018977292 | J98: 0.00015260838 | K98: -0.00018977292 | L98: 0.00015260838
A99: =Data!G152/Data!F152 -> 24.399409 | B99: =Data!H152 -> 270.83333
A100: =Data!G153/Data!F153 -> 24.34206 | B100: =Data!H153 -> 270.96667
A101: =Data!G154/Data!F154 -> 24.341021 | B101: =Data!H154 -> 271.05
A102: =Data!G212/Data!F212 -> 24.404374 | B102: =Data!H212 -> 364.51667
A103: =Data!G213/Data!F213 -> 24.420388 | B103: =Data!H213 -> 364.65
A104: =Data!G214/Data!F214 -> 24.409512 | B104: =Data!H214 -> 364.78333
A105: =Data!G218/Data!F218 -> 24.429885 | B105: =Data!H218 -> 374.73333
...

Sheet 28N2-O2
C1: Actual | G1: N2(20/0) | H1: O2(20/0)
B2: N2/Ar | C2: O2/Ar | D2: Ar | F2: r2 | G2: =Regs!E5 -> 0.13842698 | H2: =Regs!E85 -> 0.002298157
A3: 20/0 | B3: 38.187 | C3: 20.393 | D3: 13.9 | F3: intercept | G3: =Regs!E17 -> 50.635992 | H3: =Regs!E97 -> 24.408931
A4: 30/0 | B4: 38.861 | C4: 20.38 | D4: 11.6 | F4: slope | G4: =Regs!E18 -> -0.00031869096 | H4: =Regs!E98 -> -1.8582266e-05
A6: D= | B6: =(Regs!E57+Regs!E58*(Data!H223/2))-(Regs!E17+Regs!E18*(Data!H223/2)) -> 0.75064937
A7: Avg CF= | B7: =AVERAGE(D13:D15,D19:D21,D61:D63,D91:D93,D97:D99,D157:D159,D217:D219,D223:D225) -> 0.75496927 | C7: =AVERAGE(F13:F15,F19:F21,F61:F63,F91:F93,F97:F99,F157:F159,F217:F219,F223:F225) -> 0.83558644
A8: Adj. D= | B8: =B6*B7 -> 0.56671721
A9: Factor= | B9: =B8/(B4-B3) -> 0.84082672
E11: Measured | J11: Actual
A12: Sample ID | B12: time (min) | C12: N2/Ar | D12: CF | E12: O2/Ar | F12: CF | G12: N2 D | H12: O2 D | I12: N2/Ar | J12: O2/Ar | K12: N2 | L12: O2 | M12: Avg N2 | N12: Avg O2 | O12: Sample ID
A13: =Data!A8 -> 20/0 | B13: =Data!H8 -> 0 | C13: =Data!C8/Data!F8 -> 50.522788 | D13: =B$3/C13 -> 0.75583714 | E13: =Data!G8/Data!F8 -> 24.348915 | F13: =C$3/E13 -> 0.8375322 | G13: =C13-(G$3+G$4*B13) -> -0.11320337 | H13: =E13-(H$3+H$4*B13) -> -0.060016348 | I13: =G13*(B$7/B$9)+B$3 -> 38.085356 | J13: =H13*(C$7)+C$3 -> 20.342851 | K13: =I13*D$3 -> 529.38645 | L13: =J13*D$3 -> 282.76563 | O13: =Data!A8 -> 20/0
B14: =Data!H9 -> 0.13333333 | C14: =Data!C9/Data!F9 -> 50.525959 | D14: =B$3/C14 -> 0.75578971 | E14: =Data!G9/Data!F9 -> 24.327748 | F14: =C$3/E14 -> 0.83826091 | G14: =C14-(G$3+G$4*B14) -> -0.10998998 | H14: =E14-(H$3+H$4*B14) -> -0.081180612 | I14: =G14*(B$7/B$9)+B$3 -> 38.088241 | J14: =H14*(C$7)+C$3 -> 20.325167 | K14: =I14*D$3 -> 529.42655 | L14: =J14*D$3 -> 282.51982
B15: =Data!H10 -> 0.3 | C15: =Data!C10/Data!F10 -> 50.458367 | D15: =B$3/C15 -> 0.75680214 | E15: =Data!G10/Data!F10 -> 24.315349 | F15: =C$3/E15 -> 0.83868836 | G15: =C15-(G$3+G$4*B15) -> -0.17752911 | H15: =E15-(H$3+H$4*B15) -> -0.093576617 | I15: =G15*(B$7/B$9)+B$3 -> 38.027599 | J15: =H15*(C$7)+C$3 -> 20.314809 | K15: =I15*D$3 -> 528.58362 | L15: =J15*D$3 -> 282.37584
A16: =Data!A11 -> 30/0 | B16: =Data!H11 -> 5.0833333 | C16: =Data!C11/Data!F11 -> 51.296014 | D16: =B$4/C16 -> 0.75758323 | E16: =Data!G11/Data!F11 -> 24.356067 | F16: =C$4/E16 -> 0.83675251 | G16: =C16-(G$3+G$4*B16) -> 0.66164211 | H16: =E16-(H$3+H$4*B16) -> -0.052769681 | I16: =G16*(B$7/B$9)+B$3 -> 38.781081 | J16: =H16*(C$7)+C$3 -> 20.348906 | K16: =I16*D$3 -> 539.05703 | L16: =J16*D$3 -> 282.8498 | O16: =Data!A11 -> 30/0
B17: =Data!H12 -> 5.2166667 | C17: =Data!C12/Data!F12 -> 51.182841 | D17: =B$4/C17 -> 0.75925836 | E17: =Data!G12/Data!F12 -> 24.34824 | F17: =C$4/E17 -> 0.83702149 | G17: =C17-(G$3+G$4*B17) -> 0.54851167 | H17: =E17-(H$3+H$4*B17) -> -0.060594272 | I17: =G17*(B$7/B$9)+B$3 -> 38.679503 | J17: =H17*(C$7)+C$3 -> 20.342368 | K17: =I17*D$3 -> 537.64509 | L17: =J17*D$3 -> 282.75892
B18: =Data!H13 -> 5.35 | C18: =Data!C13/Data!F13 -> 51.17794 | D18: =B$4/C18 -> 0.75933107 | E18: =Data!G13/Data!F13 -> 24.29403 | F18: =C$4/E18 -> 0.83888923 | G18: =C18-(G$3+G$4*B18) -> 0.54365356 | H18: =E18-(H$3+H$4*B18) -> -0.11480167 | I18: =G18*(B$7/B$9)+B$3 -> 38.675141 | J18: =H18*(C$7)+C$3 -> 20.297073 | K18: =I18*D$3 -> 537.58446 | L18: =J18*D$3 -> 282.12932
A19: =Data!A14 -> 20/0 | B19: =Data!H14 -> 9.6833333 | C19: =Data!C14/Data!F14 -> 50.610088 | D19: =B$3/C19 -> 0.75453336 | E19: =Data!G14/Data!F14 -> 24.375486 | F19: =C$3/E19 -> 0.83661921 | G19: =C19-(G$3+G$4*B19) -> -0.02281743 | H19: =E19-(H$3+H$4*B19) -> -0.033264711 | I19: =G19*(B$7/B$9)+B$3 -> 38.166512 | J19: =H19*(C$7)+C$3 -> 20.365204 | K19: =I19*D$3 -> 530.51452 | L19: =J19*D$3 -> 283.07634 | O19: =Data!A14 -> 20/0
B20: =Data!H15 -> 9.8166667 | C20: =Data!C15/Data!F15 -> 50.773231 | D20: =B$3/C20 -> 0.75210892 | E20: =Data!G15/Data!F15 -> 24.425288 | F20: =C$3/E20 -> 0.83491339 | G20: =C20-(G$3+G$4*B20) -> 0.14036769 | H20: =E20-(H$3+H$4*B20) -> 0.016539466 | I20: =G20*(B$7/B$9)+B$3 -> 38.313035 | J20: =H20*(C$7)+C$3 -> 20.40682 | K20: =I20*D$3 -> 532.55118 | L20: =J20*D$3 -> 283.6548
B21: =Data!H16 -> 10.033333 | C21: =Data!C16/Data!F16 -> 50.697006 | D21: =B$3/C21 -> 0.75323975 | E21: =Data!G16/Data!F16 -> 24.417957 | F21: =C$3/E21 -> 0.83516405 | G21: =C21-(G$3+G$4*B21) -> 0.064211664 | H21: =E21-(H$3+H$4*B21) -> 0.0092125877 | I21: =G21*(B$7/B$9)+B$3 -> 38.244655 | J21: =H21*(C$7)+C$3 -> 20.400698 | K21: =I21*D$3 -> 531.6007 | L21: =J21*D$3 -> 283.5697
A22: =Data!A17 -> 30/0 | B22: =Data!H17 -> 16.416667 | C22: =Data!C17/Data!F17 -> 51.325729 | D22: =B$4/C22 -> 0.75714462 | E22: =Data!G17/Data!F17 -> 24.367859 | F22: =C$4/E22 -> 0.83634758 | G22: =C22-(G$3+G$4*B22) -> 0.69496966 | H22: =E22-(H$3+H$4*B22) -> -0.040766707 | I22: =G22*(B$7/B$9)+B$3 -> 38.811006 | J22: =H22*(C$7)+C$3 -> 20.358936 | K22: =I22*D$3 -> 539.47298 | L22: =J22*D$3 -> 282.98921 | O22: =Data!A17 -> 30/0
B23: =Data!H18 -> 16.55 | C23: =Data!C18/Data!F18 -> 51.226924 | D23: =B$4/C23 -> 0.75860498 | E23: =Data!G18/Data!F18 -> 24.38439 | F23: =C$4/E23 -> 0.83578058 | G23: =C23-(G$3+G$4*B23) -> 0.59620681 | H23: =E23-(H$3+H$4*B23) -> -0.024233003 | I23: =G23*(B$7/B$9)+B$3 -> 38.722328 | J23: =H23*(C$7)+C$3 -> 20.372751 | K23: =I23*D$3 -> 538.24035 | L23: =J23*D$3 -> 283.18124
B24: =Data!H19 -> 16.683333 | C24: =Data!C19/Data!F19 -> 51.184228 | D24: =B$4/C24 -> 0.75923779 | E24: =Data!G19/Data!F19 -> 24.329872 | F24: =C$4/E24 -> 0.83765338 | G24: =C24-(G$3+G$4*B24) -> 0.55355326 | H24: =E24-(H$3+H$4*B24) -> -0.078748485 | I24: =G24*(B$7/B$9)+B$3 -> 38.68403 | J24: =H24*(C$7)+C$3 -> 20.327199 | K24: =I24*D$3 -> 537.70801 | L24: =J24*D$3 -> 282.54806
A25: =Data!A20 -> 051221-LS-WM-5m-To | B25: =Data!H20 -> 22.2 | C25: =Data!C20/Data!F20 -> 49.157819 | E25: =Data!G20/Data!F20 -> 24.05764 | G25: =C25-(G$3+G$4*B25) -> -1.4710976 | H25: =E25-(H$3+H$4*B25) -> -0.35087881 | I25: =G25*(B$7/B$9)+B$3 -> 36.866117 | J25: =H25*(C$7)+C$3 -> 20.09981 | K25: =I25*D$3 -> 512.43903 | L25: =J25*D$3 -> 279.38736 | M25: =AVERAGE(K25:K27) -> 512.05669 | N25: =AVERAGE(L25:L27) -> 279.35181 | O25: =Data!A20 -> 051221-LS-WM-5m-To
B26: =Data!H21 -> 22.333333 | C26: =Data!C21/Data!F21 -> 49.126865 | E26: =Data!G21/Data!F21 -> 24.057001 | G26: =C26-(G$3+G$4*B26) -> -1.5020089 | H26: =E26-(H$3+H$4*B26) -> -0.35151544 | I26: =G26*(B$7/B$9)+B$3 -> 36.838362 | J26: =H26*(C$7)+C$3 -> 20.099278 | K26: =I26*D$3 -> 512.05324 | L26: =J26*D$3 -> 279.37997
B27: =Data!H22 -> 22.466667 | C27: =Data!C22/Data!F22 -> 49.096741 | E27: =Data!G22/Data!F22 -> 24.049086 | G27: =C27-(G$3+G$4*B27) -> -1.5320909 | H27: =E27-(H$3+H$4*B27) -> -0.359427 | I27: =G27*(B$7/B$9)+B$3 -> 36.811352 | J27: =H27*(C$7)+C$3 -> 20.092668 | K27: =I27*D$3 -> 511.67779 | L27: =J27*D$3 -> 279.28808
A28: =Data!A23 -> 051221-LS-WM-5m-To | B28: =Data!H23 -> 28.716667 | C28: =Data!C23/Data!F23 -> 50.159528 | E28: =Data!G23/Data!F23 -> 24.240234 | G28: =C28-(G$3+G$4*B28) -> -0.46731228 | H28: =E28-(H$3+H$4*B28) -> -0.16816355 | I28: =G28*(B$7/B$9)+B$3 -> 37.767405 | J28: =H28*(C$7)+C$3 -> 20.252485 | K28: =I28*D$3 -> 524.96693 | L28: =J28*D$3 -> 281.50954 | M28: =AVERAGE(K28:K29) -> 524.80984 | N28: =AVERAGE(L28:L30) -> 281.47514 | O28: =Data!A23 -> 051221-LS-WM-5m-To
B29: =Data!H24 -> 28.8 | C29: =Data!C24/Data!F24 -> 50.134327 | E29: =Data!G24/Data!F24 -> 24.22976 | G29: =C29-(G$3+G$4*B29) -> -0.49248651 | H29: =E29-(H$3+H$4*B29) -> -0.17863594 | I29: =G29*(B$7/B$9)+B$3 -> 37.744802 | J29: =H29*(C$7)+C$3 -> 20.243734 | K29: =I29*D$3 -> 524.65274 | L29: =J29*D$3 -> 281.38791
B30: =Data!H25 -> 29.016667 | C30: =Data!C25/Data!F25 -> 50.217486 | E30: =Data!G25/Data!F25 -> 24.241816 | G30: =C30-(G$3+G$4*B30) -> -0.40925817 | H30: =E30-(H$3+H$4*B30) -> -0.16657542 | I30: =G30*(B$7/B$9)+B$3 -> 37.819531 | J30: =H30*(C$7)+C$3 -> 20.253812 | K30: =I30*D$3 -> 525.69149 | L30: =J30*D$3 -> 281.52798
A31: =Data!A26 -> 051221-LS-WM-35m-To | B31: =Data!H26 -> 35.483333 | C31: =Data!C26/Data!F26 -> 55.200136 | E31: =Data!G26/Data!F26 -> 24.331728 | G31: =C31-(G$3+G$4*B31) -> 4.5754528 | H31: =E31-(H$3+H$4*B31) -> -0.076543484 | I31: =G31*(B$7/B$9)+B$3 -> 42.29525 | J31: =H31*(C$7)+C$3 -> 20.329041 | K31: =I31*D$3 -> 587.90397 | L31: =J31*D$3 -> 282.57367 | M31: =AVERAGE(K31:K33) -> 587.47652 | N31: =AVERAGE(L31:L33) -> 282.20297 | O31: =Data!A26 -> 051221-LS-WM-35m-To
B32: =Data!H27 -> 35.616667 | C32: =Data!C27/Data!F27 -> 55.13446 | E32: =Data!G27/Data!F27 -> 24.283848 | G32: =C32-(G$3+G$4*B32) -> 4.5098186 | H32: =E32-(H$3+H$4*B32) -> -0.12442136 | I32: =G32*(B$7/B$9)+B$3 -> 42.236318 | J32: =H32*(C$7)+C$3 -> 20.289035 | K32: =I32*D$3 -> 587.08482 | L32: =J32*D$3 -> 282.01759
B33: =Data!H28 -> 35.7 | C33: =Data!C28/Data!F28 -> 55.162953 | E33: =Data!G28/Data!F28 -> 24.283851 | G33: =C33-(G$3+G$4*B33) -> 4.5383386 | H33: =E33-(H$3+H$4*B33) -> -0.12441701 | I33: =G33*(B$7/B$9)+B$3 -> 42.261925 | J33: =H33*(C$7)+C$3 -> 20.289039 | K33: =I33*D$3 -> 587.44076 | L33: =J33*D$3 -> 282.01764
A34: =Data!A29 -> 051221-LS-WM-35m-To | B34: =Data!H29 -> 41.183333 | C34: =Data!C29/Data!F29 -> 49.165932 | E34: =Data!G29/Data!F29 -> 24.099052 | G34: =C34-(G$3+G$4*B34) -> -1.4569351 | H34: =E34-(H$3+H$4*B34) -> -0.30911374 | I34: =G34*(B$7/B$9)+B$3 -> 36.878834 | J34: =H34*(C$7)+C$3 -> 20.134709 | K34: =I34*D$3 -> 512.61579 | L34: =J34*D$3 -> 279.87245 | M34: =AVERAGE(K34:K36) -> 512.35744 | N34: =AVERAGE(L34:L36) -> 280.09724 | O34: =Data!A29 -> 051221-LS-WM-35m-To
B35: =Data!H30 -> 41.316667 | C35: =Data!C30/Data!F30 -> 49.157733 | E35: =Data!G30/Data!F30 -> 24.117415 | G35: =C35-(G$3+G$4*B35) -> -1.4650913 | H35: =E35-(H$3+H$4*B35) -> -0.29074849 | I35: =G35*(B$7/B$9)+B$3 -> 36.87151 | J35: =H35*(C$7)+C$3 -> 20.150055 | K35: =I35*D$3 -> 512.51399 | L35: =J35*D$3 -> 280.08576
B36: =Data!H31 -> 41.533333 | C36: =Data!C31/Data!F31 -> 49.111877 | E36: =Data!G31/Data!F31 -> 24.138741 | G36: =C36-(G$3+G$4*B36) -> -1.5108788 | H36: =E36-(H$3+H$4*B36) -> -0.26941785 | I36: =G36*(B$7/B$9)+B$3 -> 36.830398 | J36: =H36*(C$7)+C$3 -> 20.167878 | K36: =I36*D$3 -> 511.94253 | L36: =J36*D$3 -> 280.33351
A37: =Data!A32 -> 051221-LS-WM-163m-To | B37: =Data!H32 -> 43.966667 | C37: =Data!C32/Data!F32 -> 49.266355 | E37: =Data!G32/Data!F32 -> 24.140065 | G37: =C37-(G$3+G$4*B37) -> -1.3556249 | H37: =E37-(H$3+H$4*B37) -> -0.2680494 | I37: =G37*(B$7/B$9)+B$3 -> 36.969799 | J37: =H37*(C$7)+C$3 -> 20.169022 | K37: =I37*D$3 -> 513.88021 | L37: =J37*D$3 -> 280.3494 | M37: =AVERAGE(K37:K39) -> 514.02528 | N37: =AVERAGE(L37:L39) -> 280.43057 | O37: =Data!A32 -> 051221-LS-WM-163m-To
B38: =Data!H33 -> 44.05 | C38: =Data!C33/Data!F33 -> 49.264875 | E38: =Data!G33/Data!F33 -> 24.145741 | G38: =C38-(G$3+G$4*B38) -> -1.3570784 | H38: =E38-(H$3+H$4*B38) -> -0.2623712 | I38: =G38*(B$7/B$9)+B$3 -> 36.968494 | J38: =H38*(C$7)+C$3 -> 20.173766 | K38: =I38*D$3 -> 513.86206 | L38: =J38*D$3 -> 280.41535
B39: =Data!H34 -> 44.183333 | C39: =Data!C34/Data!F34 -> 49.302611 | E39: =Data!G34/Data!F34 -> 24.155348 | G39: =C39-(G$3+G$4*B39) -> -1.3193 | H39: =E39-(H$3+H$4*B39) -> -0.25276236 | I39: =G39*(B$7/B$9)+B$3 -> 37.002415 | J39: =H39*(C$7)+C$3 -> 20.181795 | K39: =I39*D$3 -> 514.33356 | L39: =J39*D$3 -> 280.52695
A40: =Data!A35 -> 051221-LS-WM-163m-To | B40: =Data!H35 -> 47.133333 | C40: =Data!C35/Data!F35 -> 49.206906 | E40: =Data!G35/Data!F35 -> 24.022382 | G40: =C40-(G$3+G$4*B40) -> -1.414065 | H40: =E40-(H$3+H$4*B40) -> -0.38567352 | I40: =G40*(B$7/B$9)+B$3 -> 36.917326 | J40: =H40*(C$7)+C$3 -> 20.070736 | K40: =I40*D$3 -> 513.15083 | L40: =J40*D$3 -> 278.98324 | M40: =AVERAGE(K40:K42) -> 513.02306 | N40: =AVERAGE(L40:L42) -> 278.91296 | O40: =Data!A35 -> 051221-LS-WM-163m-To
B41: =Data!H36 -> 47.266667 | C41: =Data!C36/Data!F36 -> 49.215888 | E41: =Data!G36/Data!F36 -> 24.018514 | G41: =C41-(G$3+G$4*B41) -> -1.4050406 | H41: =E41-(H$3+H$4*B41) -> -0.38953898 | I41: =G41*(B$7/B$9)+B$3 -> 36.925429 | J41: =H41*(C$7)+C$3 -> 20.067507 | K41: =I41*D$3 -> 513.26346 | L41: =J41*D$3 -> 278.93834
B42: =Data!H37 -> 47.35 | C42: =Data!C37/Data!F37 -> 49.167098 | E42: =Data!G37/Data!F37 -> 24.008091 | G42: =C42-(G$3+G$4*B42) -> -1.4538034 | H42: =E42-(H$3+H$4*B42) -> -0.39996054 | I42: =G42*(B$7/B$9)+B$3 -> 36.881646 | J42: =H42*(C$7)+C$3 -> 20.058798 | K42: =I42*D$3 -> 512.65487 | L42: =J42*D$3 -> 278.8173
A43: =Data!A38 -> 051321-LS-WM-5m-Tf | B43: =Data!H38 -> 52.066667 | C43: =Data!C38/Data!F38 -> 49.186681 | E43: =Data!G38/Data!F38 -> 24.229915 | G43: =C43-(G$3+G$4*B43) -> -1.4327173 | H43: =E43-(H$3+H$4*B43) -> -0.17804872 | I43: =G43*(B$7/B$9)+B$3 -> 36.900579 | J43: =H43*(C$7)+C$3 -> 20.244225 | K43: =I43*D$3 -> 512.91804 | L43: =J43*D$3 -> 281.39473 | M43: =AVERAGE(K43:K45) -> 512.35064 | N43: =AVERAGE(L43:L45) -> 281.27964 | O43: =Data!A38 -> 051321-LS-WM-5m-Tf
B44: =Data!H39 -> 52.15 | C44: =Data!C39/Data!F39 -> 49.07262 | E44: =Data!G39/Data!F39 -> 24.207257 | G44: =C44-(G$3+G$4*B44) -> -1.5467518 | H44: =E44-(H$3+H$4*B44) -> -0.2007048 | I44: =G44*(B$7/B$9)+B$3 -> 36.798188 | J44: =H44*(C$7)+C$3 -> 20.225294 | K44: =I44*D$3 -> 511.49482 | L44: =J44*D$3 -> 281.13158
B45: =Data!H40 -> 52.2 | C45: =Data!C40/Data!F40 -> 49.164285 | E45: =Data!G40/Data!F40 -> 24.222842 | G45: =C45-(G$3+G$4*B45) -> -1.4550707 | H45: =E45-(H$3+H$4*B45) -> -0.18511934 | I45: =G45*(B$7/B$9)+B$3 -> 36.880508 | J45: =H45*(C$7)+C$3 -> 20.238317 | K45: =I45*D$3 -> 512.63906 | L45: =J45*D$3 -> 281.3126
A46: =Data!A41 -> 051321-LS-WM-5m-Tf | B46: =Data!H41 -> 56.4 | C46: =Data!C41/Data!F41 -> 49.153207 | E46: =Data!G41/Data!F41 -> 24.160264 | G46: =C46-(G$3+G$4*B46) -> -1.4648105 | H46: =E46-(H$3+H$4*B46) -> -0.24761859 | I46: =G46*(B$7/B$9)+B$3 -> 36.871762 | J46: =H46*(C$7)+C$3 -> 20.186093 | K46: =I46*D$3 -> 512.5175 | L46: =J46*D$3 -> 280.5867 | M46: =AVERAGE(K46:K48) -> 512.55073 | N46: =AVERAGE(L46:L48) -> 280.99891 | O46: =Data!A41 -> 051321-LS-WM-5m-Tf
B47: =Data!H42 -> 56.483333 | C47: =Data!C42/Data!F42 -> 49.077353 | E47: =Data!G42/Data!F42 -> 24.167736 | G47: =C47-(G$3+G$4*B47) -> -1.5406376 | H47: =E47-(H$3+H$4*B47) -> -0.24014534 | I47: =G47*(B$7/B$9)+B$3 -> 36.803678 | J47: =H47*(C$7)+C$3 -> 20.192338 | K47: =I47*D$3 -> 511.57112 | L47: =J47*D$3 -> 280.6735
B48: =Data!H43 -> 56.566667 | C48: =Data!C43/Data!F43 -> 49.23697 | E48: =Data!G43/Data!F43 -> 24.259261 | G48: =C48-(G$3+G$4*B48) -> -1.3809941 | H48: =E48-(H$3+H$4*B48) -> -0.14861888 | I48: =G48*(B$7/B$9)+B$3 -> 36.94702 | J48: =H48*(C$7)+C$3 -> 20.268816 | K48: =I48*D$3 -> 513.56358 | L48: =J48*D$3 -> 281.73654
A49: =Data!A44 -> 051321-LS-WM-35m-Tf | B49: =Data!H44 -> 60.25 | C49: =Data!C44/Data!F44 -> 49.863547 | E49: =Data!G44/Data!F44 -> 24.180919 | G49: =C49-(G$3+G$4*B49) -> -0.753244 | H49: =E49-(H$3+H$4*B49) -> -0.22689269 | I49: =G49*(B$7/B$9)+B$3 -> 37.51067 | J49: =H49*(C$7)+C$3 -> 20.203412 | K49: =I49*D$3 -> 521.39832 | L49: =J49*D$3 -> 280.82742 | M49: =AVERAGE(K49:K51) -> 521.7494 | N49: =AVERAGE(L49:L51) -> 280.97078 | O49: =Data!A44 -> 051321-LS-WM-35m-Tf
B50: =Data!H45 -> 60.333333 | C50: =Data!C45/Data!F45 -> 49.854469 | E50: =Data!G45/Data!F45 -> 24.177504 | G50: =C50-(G$3+G$4*B50) -> -0.76229542 | H50: =E50-(H$3+H$4*B50) -> -0.23030607 | I50: =G50*(B$7/B$9)+B$3 -> 37.502543 | J50: =H50*(C$7)+C$3 -> 20.200559 | K50: =I50*D$3 -> 521.28535 | L50: =J50*D$3 -> 280.78778
B51: =Data!H46 -> 60.583333 | C51: =Data!C46/Data!F46 -> 49.956883 | E51: =Data!G46/Data!F46 -> 24.221354 | G51: =C51-(G$3+G$4*B51) -> -0.65980146 | H51: =E51-(H$3+H$4*B51) -> -0.18645104 | I51: =G51*(B$7/B$9)+B$3 -> 37.594571 | J51: =H51*(C$7)+C$3 -> 20.237204 | K51: =I51*D$3 -> 522.56454 | L51: =J51*D$3 -> 281.29714
A52: =Data!A47 -> 051321-LS-WM-35m-Tf | B52: =Data!H47 -> 64.916667 | C52: =Data!C47/Data!F47 -> 49.153189 | E52: =Data!G47/Data!F47 -> 24.1664 | G52: =C52-(G$3+G$4*B52) -> -1.4621142 | H52: =E52-(H$3+H$4*B52) -> -0.24132488 | I52: =G52*(B$7/B$9)+B$3 -> 36.874183 | J52: =H52*(C$7)+C$3 -> 20.191352 | K52: =I52*D$3 -> 512.55115 | L52: =J52*D$3 -> 280.6598 | M52: =AVERAGE(K52:K54) -> 512.45237 | N52: =AVERAGE(L52:L54) -> 280.6886 | O52: =Data!A47 -> 051321-LS-WM-35m-Tf
B53: =Data!H48 -> 65.05 | C53: =Data!C48/Data!F48 -> 49.124708 | E53: =Data!G48/Data!F48 -> 24.18231 | G53: =C53-(G$3+G$4*B53) -> -1.4905531 | H53: =E53-(H$3+H$4*B53) -> -0.22541176 | I53: =G53*(B$7/B$9)+B$3 -> 36.848648 | J53: =H53*(C$7)+C$3 -> 20.204649 | K53: =I53*D$3 -> 512.19621 | L53: =J53*D$3 -> 280.84462
B54: =Data!H49 -> 65.133333 | C54: =Data!C49/Data!F49 -> 49.157815 | E54: =Data!G49/Data!F49 -> 24.157924 | G54: =C54-(G$3+G$4*B54) -> -1.4574196 | H54: =E54-(H$3+H$4*B54) -> -0.24979672 | I54: =G54*(B$7/B$9)+B$3 -> 36.878399 | J54: =H54*(C$7)+C$3 -> 20.184273 | K54: =I54*D$3 -> 512.60974 | L54: =J54*D$3 -> 280.5614
A55: =Data!A50 -> 051321-LS-WM-163m-Tf | B55: =Data!H50 -> 69.5 | C55: =Data!C50/Data!F50 -> 49.267455 | E55: =Data!G50/Data!F50 -> 24.10279 | G55: =C55-(G$3+G$4*B55) -> -1.3463876 | H55: =E55-(H$3+H$4*B55) -> -0.30484979 | I55: =G55*(B$7/B$9)+B$3 -> 36.978093 | J55: =H55*(C$7)+C$3 -> 20.138272 | K55: =I55*D$3 -> 513.99549 | L55: =J55*D$3 -> 279.92198 | M55: =AVERAGE(K55:K57) -> 514.02491 | N55: =AVERAGE(L55:L57) -> 279.8314 | O55: =Data!A50 -> 051321-LS-WM-163m-Tf
B56: =Data!H51 -> 69.633333 | C56: =Data!C51/Data!F51 -> 49.265671 | E56: =Data!G51/Data!F51 -> 24.081938 | G56: =C56-(G$3+G$4*B56) -> -1.3481289 | H56: =E56-(H$3+H$4*B56) -> -0.325699 | I56: =G56*(B$7/B$9)+B$3 -> 36.97653 | J56: =H56*(C$7)+C$3 -> 20.12085 | K56: =I56*D$3 -> 513.97376 | L56: =J56*D$3 -> 279.67982
B57: =Data!H52 -> 69.883333 | C57: =Data!C52/Data!F52 -> 49.276146 | E57: =Data!G52/Data!F52 -> 24.100236 | G57: =C57-(G$3+G$4*B57) -> -1.3375746 | H57: =E57-(H$3+H$4*B57) -> -0.30739637 | I57: =G57*(B$7/B$9)+B$3 -> 36.986006 | J57: =H57*(C$7)+C$3 -> 20.136144 | K57: =I57*D$3 -> 514.10549 | L57: =J57*D$3 -> 279.8924
A58: =Data!A53 -> 051321-LS-WM-163m-Tf | B58: =Data!H53 -> 73.45 | C58: =Data!C53/Data!F53 -> 52.064468 | E58: =Data!G53/Data!F53 -> 24.238114 | G58: =C58-(G$3+G$4*B58) -> 1.4518847 | H58: =E58-(H$3+H$4*B58) -> -0.16945259 | I58: =G58*(B$7/B$9)+B$3 -> 39.490632 | J58: =H58*(C$7)+C$3 -> 20.251408 | K58: =I58*D$3 -> 548.91978 | L58: =J58*D$3 -> 281.49457 | M58: =AVERAGE(K58:K60) -> 548.93919 | N58: =AVERAGE(L58:L60) -> 281.56632 | O58: =Data!A53 -> 051321-LS-WM-163m-Tf
B59: =Data!H54 -> 73.616667 | C59: =Data!C54/Data!F54 -> 52.07903 | E59: =Data!G54/Data!F54 -> 24.24063 | G59: =C59-(G$3+G$4*B59) -> 1.4664989 | H59: =E59-(H$3+H$4*B59) -> -0.16693337 | I59: =G59*(B$7/B$9)+B$3 -> 39.503754 | J59: =H59*(C$7)+C$3 -> 20.253513 | K59: =I59*D$3 -> 549.10218 | L59: =J59*D$3 -> 281.52383
B60: =Data!H55 -> 73.7 | C60: =Data!C55/Data!F55 -> 52.054441 | E60: =Data!G55/Data!F55 -> 24.254123 | G60: =C60-(G$3+G$4*B60) -> 1.4419371 | H60: =E60-(H$3+H$4*B60) -> -0.15343881 | I60: =G60*(B$7/B$9)+B$3 -> 39.4817 | J60: =H60*(C$7)+C$3 -> 20.264789 | K60: =I60*D$3 -> 548.79563 | L60: =J60*D$3 -> 281.68056
A61: =Data!A56 -> 20/0 | B61: =Data!H56 -> 77.916667 | C61: =Data!C56/Data!F56 -> 50.766782 | D61: =B$3/C61 -> 0.75220447 | E61: =Data!G56/Data!F56 -> 24.475959 | F61: =C$3/E61 -> 0.83318491 | G61: =C61-(G$3+G$4*B61) -> 0.1556214 | H61: =E61-(H$3+H$4*B61) -> 0.068476179 | I61: =G61*(B$7/B$9)+B$3 -> 38.326731 | J61: =H61*(C$7)+C$3 -> 20.450218 | K61: =I61*D$3 -> 532.74156 | L61: =J61*D$3 -> 284.25803 | O61: =Data!A56 -> 20/0
B62: =Data!H57 -> 78 | C62: =Data!C57/Data!F57 -> 50.835575 | D62: =B$3/C62 -> 0.75118655 | E62: =Data!G57/Data!F57 -> 24.533741 | F62: =C$3/E62 -> 0.8312226 | G62: =C62-(G$3+G$4*B62) -> 0.224441 | H62: =E62-(H$3+H$4*B62) -> 0.12625947 | I62: =G62*(B$7/B$9)+B$3 -> 38.388523 | J62: =H62*(C$7)+C$3 -> 20.498501 | K62: =I62*D$3 -> 533.60047 | L62: =J62*D$3 -> 284.92916
B63: =Data!H58 -> 78.133333 | C63: =Data!C58/Data!F58 -> 50.759243 | D63: =B$3/C63 -> 0.75231619 | E63: =Data!G58/Data!F58 -> 24.457212 | F63: =C$3/E63 -> 0.83382359 | G63: =C63-(G$3+G$4*B63) -> 0.14815126 | H63: =E63-(H$3+H$4*B63) -> 0.04973269 | I63: =G63*(B$7/B$9)+B$3 -> 38.320023 | J63: =H63*(C$7)+C$3 -> 20.434556 | K63: =I63*D$3 -> 532.64833 | L63: =J63*D$3 -> 284.04033
A64: =Data!A59 -> 30/0 | B64: =Data!H59 -> 81.933333 | C64: =Data!C59/Data!F59 -> 51.25439 | D64: =B$4/C64 -> 0.75819847 | E64: =Data!G59/Data!F59 -> 24.399564 | F64: =C$4/E64 -> 0.83526081 | G64: =C64-(G$3+G$4*B64) -> 0.64450958 | H64: =E64-(H$3+H$4*B64) -> -0.0078440047 | I64: =G64*(B$7/B$9)+B$3 -> 38.765698 | J64: =H64*(C$7)+C$3 -> 20.386446 | K64: =I64*D$3 -> 538.84321 | L64: =J64*D$3 -> 283.37159 | O64: =Data!A59 -> 30/0
B65: =Data!H60 -> 82.05 | C65: =Data!C60/Data!F60 -> 51.366558 | D65: =B$4/C65 -> 0.7565428 | E65: =Data!G60/Data!F60 -> 24.443211 | F65: =C$4/E65 -> 0.83376936 | G65: =C65-(G$3+G$4*B65) -> 0.75671529 | H65: =E65-(H$3+H$4*B65) -> 0.035804293 | I65: =G65*(B$7/B$9)+B$3 -> 38.866447 | J65: =H65*(C$7)+C$3 -> 20.422918 | K65: =I65*D$3 -> 540.24361 | L65: =J65*D$3 -> 283.87855
B66: =Data!H61 -> 82.183333 | C66: =Data!C61/Data!F61 -> 51.422491 | D66: =B$4/C66 -> 0.7557199 | E66: =Data!G61/Data!F61 -> 24.45169 | F66: =C$4/E66 -> 0.83348022 | G66: =C66-(G$3+G$4*B66) -> 0.81269087 | H66: =E66-(H$3+H$4*B66) -> 0.044286322 | I66: =G66*(B$7/B$9)+B$3 -> 38.916706 | J66: =H66*(C$7)+C$3 -> 20.430005 | K66: =I66*D$3 -> 540.94222 | L66: =J66*D$3 -> 283.97707
A67: =Data!A62 -> 051321-LS-SB-5m-To | B67: =Data!H62 -> 90.35 | C67: =Data!C62/Data!F62 -> 49.17113 | E67: =Data!G62/Data!F62 -> 24.495691 | G67: =C67-(G$3+G$4*B67) -> -1.436068 | H67: =E67-(H$3+H$4*B67) -> 0.088439133 | I67: =G67*(B$7/B$9)+B$3 -> 36.89757 | J67: =H67*(C$7)+C$3 -> 20.466899 | K67: =I67*D$3 -> 512.87622 | L67: =J67*D$3 -> 284.48989 | M67: =AVERAGE(K67:K69) -> 513.51929 | N67: =AVERAGE(L67:L69) -> 284.69028 | O67: =Data!A62 -> 051321-LS-SB-5m-To
B68: =Data!H63 -> 90.516667 | C68: =Data!C63/Data!F63 -> 49.206433 | E68: =Data!G63/Data!F63 -> 24.51439 | G68: =C68-(G$3+G$4*B68) -> -1.4007117 | H68: =E68-(H$3+H$4*B68) -> 0.10714129 | I68: =G68*(B$7/B$9)+B$3 -> 36.929316 | J68: =H68*(C$7)+C$3 -> 20.482526 | K68: =I68*D$3 -> 513.31749 | L68: =J68*D$3 -> 284.70711
B69: =Data!H64 -> 90.683333 | C69: =Data!C64/Data!F64 -> 49.290242 | E69: =Data!G64/Data!F64 -> 24.528741 | G69: =C69-(G$3+G$4*B69) -> -1.3168495 | H69: =E69-(H$3+H$4*B69) -> 0.12149549 | I69: =G69*(B$7/B$9)+B$3 -> 37.004615 | J69: =H69*(C$7)+C$3 -> 20.49452 | K69: =I69*D$3 -> 514.36415 | L69: =J69*D$3 -> 284.87383
A70: =Data!A65 -> 051321-LS-SB-5m-To | B70: =Data!H65 -> 94.766667 | C70: =Data!C65/Data!F65 -> 49.260968 | E70: =Data!G65/Data!F65 -> 24.518433 | G70: =C70-(G$3+G$4*B70) -> -1.3448229 | H70: =E70-(H$3+H$4*B70) -> 0.1112631 | I70: =G70*(B$7/B$9)+B$3 -> 36.979498 | J70: =H70*(C$7)+C$3 -> 20.48597 | K70: =I70*D$3 -> 514.01502 | L70: =J70*D$3 -> 284.75498 | M70: =AVERAGE(K70:K72) -> 514.21182 | N70: =AVERAGE(L70:L72) -> 284.70471 | O70: =Data!A65 -> 051321-LS-SB-5m-To
B71: =Data!H66 -> 95.016667 | C71: =Data!C66/Data!F66 -> 49.297222 | E71: =Data!G66/Data!F66 -> 24.522199 | G71: =C71-(G$3+G$4*B71) -> -1.3084884 | H71: =E71-(H$3+H$4*B71) -> 0.11503412 | I71: =G71*(B$7/B$9)+B$3 -> 37.012122 | J71: =H71*(C$7)+C$3 -> 20.489121 | K71: =I71*D$3 -> 514.4685 | L71: =J71*D$3 -> 284.79878
B72: =Data!H67 -> 95.183333 | C72: =Data!C67/Data!F67 -> 49.271805 | E72: =Data!G67/Data!F67 -> 24.501668 | G72: =C72-(G$3+G$4*B72) -> -1.3338524 | H72: =E72-(H$3+H$4*B72) -> 0.094505956 | I72: =G72*(B$7/B$9)+B$3 -> 36.989348 | J72: =H72*(C$7)+C$3 -> 20.471968 | K72: =I72*D$3 -> 514.15194 | L72: =J72*D$3 -> 284.56035
A73: =Data!A68 -> 051321-LS-SB-33m-To | B73: =Data!H68 -> 101.23333 | C73: =Data!C68/Data!F68 -> 49.072759 | E73: =Data!G68/Data!F68 -> 24.015782 | G73: =C73-(G$3+G$4*B73) -> -1.5309702 | H73: =E73-(H$3+H$4*B73) -> -0.39126757 | I73: =G73*(B$7/B$9)+B$3 -> 36.812358 | J73: =H73*(C$7)+C$3 -> 20.066062 | K73: =I73*D$3 -> 511.69178 | L73: =J73*D$3 -> 278.91826 | M73: =AVERAGE(K73:K75) -> 512.16451 | N73: =AVERAGE(L73:L75) -> 279.33606 | O73: =Data!A68 -> 051321-LS-SB-33m-To
B74: =Data!H69 -> 101.36667 | C74: =Data!C69/Data!F69 -> 49.095917 | E74: =Data!G69/Data!F69 -> 24.072386 | G74: =C74-(G$3+G$4*B74) -> -1.5077702 | H74: =E74-(H$3+H$4*B74) -> -0.33466178 | I74: =G74*(B$7/B$9)+B$3 -> 36.833189 | J74: =H74*(C$7)+C$3 -> 20.113361 | K74: =I74*D$3 -> 511.98133 | L74: =J74*D$3 -> 279.57572
B75: =Data!H70 -> 101.48333 | C75: =Data!C70/Data!F70 -> 49.163112 | E75: =Data!G70/Data!F70 -> 24.067086 | G75: =C75-(G$3+G$4*B75) -> -1.4405381 | H75: =E75-(H$3+H$4*B75) -> -0.33995874 | I75: =G75*(B$7/B$9)+B$3 -> 36.893556 | J75: =H75*(C$7)+C$3 -> 20.108935 | K75: =I75*D$3 -> 512.82043 | L75: =J75*D$3 -> 279.5142
A76: =Data!A71 -> 051321-LS-SB-33m-To | B76: =Data!H71 -> 104.96667 | C76: =Data!C71/Data!F71 -> 49.017297 | E76: =Data!G71/Data!F71 -> 23.925249 | G76: =C76-(G$3+G$4*B76) -> -1.5852427 | H76: =E76-(H$3+H$4*B76) -> -0.48173189 | I76: =G76*(B$7/B$9)+B$3 -> 36.763628 | J76: =H76*(C$7)+C$3 -> 19.990471 | K76: =I76*D$3 -> 511.01442 | L76: =J76*D$3 -> 277.86755 | M76: =AVERAGE(K76:K78) -> 511.7024 | N76: =AVERAGE(L76:L78) -> 278.14007 | O76: =Data!A71 -> 051321-LS-SB-33m-To
B77: =Data!H72 -> 105.13333 | C77: =Data!C72/Data!F72 -> 49.110848 | E77: =Data!G72/Data!F72 -> 23.975762 | G77: =C77-(G$3+G$4*B77) -> -1.4916389 | H77: =E77-(H$3+H$4*B77) -> -0.43121568 | I77: =G77*(B$7/B$9)+B$3 -> 36.847674 | J77: =H77*(C$7)+C$3 -> 20.032682 | K77: =I77*D$3 -> 512.18266 | L77: =J77*D$3 -> 278.45428
B78: =Data!H73 -> 105.26667 | C78: =Data!C73/Data!F73 -> 49.088968 | E78: =Data!G73/Data!F73 -> 23.945117 | G78: =C78-(G$3+G$4*B78) -> -1.5134766 | H78: =E78-(H$3+H$4*B78) -> -0.46185767 | I78: =G78*(B$7/B$9)+B$3 -> 36.828066 | J78: =H78*(C$7)+C$3 -> 20.007078 | K78: =I78*D$3 -> 511.91011 | L78: =J78*D$3 -> 278.09838
A79: =Data!A74 -> 051421-LS-SB-5m-Tf | B79: =Data!H74 -> 109.58333 | C79: =Data!C74/Data!F74 -> 49.087818 | E79: =Data!G74/Data!F74 -> 24.411584 | G79: =C79-(G$3+G$4*B79) -> -1.5132503 | H79: =E79-(H$3+H$4*B79) -> 0.0046897782 | I79: =G79*(B$7/B$9)+B$3 -> 36.828269 | J79: =H79*(C$7)+C$3 -> 20.396919 | K79: =I79*D$3 -> 511.91294 | L79: =J79*D$3 -> 283.51717 | M79: =AVERAGE(K79:K81) -> 512.87983 | N79: =AVERAGE(L79:L81) -> 283.71955 | O79: =Data!A74 -> 051421-LS-SB-5m-Tf
B80: =Data!H75 -> 109.71667 | C80: =Data!C75/Data!F75 -> 49.20069 | E80: =Data!G75/Data!F75 -> 24.439363 | G80: =C80-(G$3+G$4*B80) -> -1.4003359 | H80: =E80-(H$3+H$4*B80) -> 0.032471105 | I80: =G80*(B$7/B$9)+B$3 -> 36.929653 | J80: =H80*(C$7)+C$3 -> 20.420132 | K80: =I80*D$3 -> 513.32218 | L80: =J80*D$3 -> 283.83984
B81: =Data!H76 -> 109.85 | C81: =Data!C76/Data!F76 -> 49.207232 | E81: =Data!G76/Data!F76 -> 24.436073 | G81: =C81-(G$3+G$4*B81) -> -1.3937514 | H81: =E81-(H$3+H$4*B81) -> 0.029183287 | I81: =G81*(B$7/B$9)+B$3 -> 36.935566 | J81: =H81*(C$7)+C$3 -> 20.417385 | K81: =I81*D$3 -> 513.40436 | L81: =J81*D$3 -> 283.80165
A82: =Data!A77 -> 051421-LS-SB-5m-Tf | B82: =Data!H77 -> 113.26667 | C82: =Data!C77/Data!F77 -> 49.171773 | E82: =Data!G77/Data!F77 -> 24.350591 | G82: =C82-(G$3+G$4*B82) -> -1.428122 | H82: =E82-(H$3+H$4*B82) -> -0.05623488 | I82: =G82*(B$7/B$9)+B$3 -> 36.904705 | J82: =H82*(C$7)+C$3 -> 20.346011 | K82: =I82*D$3 -> 512.97539 | L82: =J82*D$3 -> 282.80955 | M82: =AVERAGE(K82:K84) -> 513.06078 | N82: =AVERAGE(L82:L84) -> 282.74248 | O82: =Data!A77 -> 051421-LS-SB-5m-Tf
B83: =Data!H78 -> 113.4 | C83: =Data!C78/Data!F78 -> 49.15886 | E83: =Data!G78/Data!F78 -> 24.338349 | G83: =C83-(G$3+G$4*B83) -> -1.4409923 | H83: =E83-(H$3+H$4*B83) -> -0.068474413 | I83: =G83*(B$7/B$9)+B$3 -> 36.893148 | J83: =H83*(C$7)+C$3 -> 20.335784 | K83: =I83*D$3 -> 512.81476 | L83: =J83*D$3 -> 282.66739
B84: =Data!H79 -> 113.48333 | C84: =Data!C79/Data!F79 -> 49.205098 | E84: =Data!G79/Data!F79 -> 24.345502 | G84: =C84-(G$3+G$4*B84) -> -1.3947273 | H84: =E84-(H$3+H$4*B84) -> -0.061319721 | I84: =G84*(B$7/B$9)+B$3 -> 36.934689 | J84: =H84*(C$7)+C$3 -> 20.341762 | K84: =I84*D$3 -> 513.39218 | L84: =J84*D$3 -> 282.75049
A85: =Data!A80 -> 051421-LS-SB-33m-Tf | B85: =Data!H80 -> 117.65 | C85: =Data!C80/Data!F80 -> 49.086822 | E85: =Data!G80/Data!F80 -> 23.967405 | G85: =C85-(G$3+G$4*B85) -> -1.5116758 | H85: =E85-(H$3+H$4*B85) -> -0.43933985 | I85: =G85*(B$7/B$9)+B$3 -> 36.829683 | J85: =H85*(C$7)+C$3 -> 20.025894 | K85: =I85*D$3 -> 511.93259 | L85: =J85*D$3 -> 278.35992 | M85: =AVERAGE(K85:K87) -> 511.82387 | N85: =AVERAGE(L85:L87) -> 278.65624 | O85: =Data!A80 -> 051421-LS-SB-33m-Tf
B86: =Data!H81 -> 117.73333 | C86: =Data!C81/Data!F81 -> 49.052294 | E86: =Data!G81/Data!F81 -> 24.003597 | G86: =C86-(G$3+G$4*B86) -> -1.5461774 | H86: =E86-(H$3+H$4*B86) -> -0.40314586 | I86: =G86*(B$7/B$9)+B$3 -> 36.798704 | J86: =H86*(C$7)+C$3 -> 20.056137 | K86: =I86*D$3 -> 511.50198 | L86: =J86*D$3 -> 278.7803
B87: =Data!H82 -> 117.85 | C87: =Data!C82/Data!F82 -> 49.095128 | E87: =Data!G82/Data!F82 -> 24.007746 | G87: =C87-(G$3+G$4*B87) -> -1.5033063 | H87: =E87-(H$3+H$4*B87) -> -0.3989954 | I87: =G87*(B$7/B$9)+B$3 -> 36.837197 | J87: =H87*(C$7)+C$3 -> 20.059605 | K87: =I87*D$3 -> 512.03704 | L87: =J87*D$3 -> 278.82851
A88: =Data!A83 -> 051421-LS-SB-33m-Tf | B88: =Data!H83 -> 122.4 | C88: =Data!C83/Data!F83 -> 49.179514 | E88: =Data!G83/Data!F83 -> 23.93327 | G88: =C88-(G$3+G$4*B88) -> -1.4174699 | H88: =E88-(H$3+H$4*B88) -> -0.47338642 | I88: =G88*(B$7/B$9)+B$3 -> 36.914269 | J88: =H88*(C$7)+C$3 -> 19.997445 | K88: =I88*D$3 -> 513.10834 | L88: =J88*D$3 -> 277.96448 | M88: =AVERAGE(K88:K90) -> 512.87495 | N88: =AVERAGE(L88:L90) -> 277.83425 | O88: =Data!A83 -> 051421-LS-SB-33m-Tf
B89: =Data!H84 -> 122.48333 | C89: =Data!C84/Data!F84 -> 49.140715 | E89: =Data!G84/Data!F84 -> 23.911387 | G89: =C89-(G$3+G$4*B89) -> -1.4562429 | H89: =E89-(H$3+H$4*B89) -> -0.49526818 | I89: =G89*(B$7/B$9)+B$3 -> 36.879455 | J89: =H89*(C$7)+C$3 -> 19.979161 | K89: =I89*D$3 -> 512.62443 | L89: =J89*D$3 -> 277.71033
B90: =Data!H85 -> 122.61667 | C90: =Data!C85/Data!F85 -> 49.162117 | E90: =Data!G85/Data!F85 -> 23.921511 | G90: =C90-(G$3+G$4*B90) -> -1.4347982 | H90: =E90-(H$3+H$4*B90) -> -0.48514173 | I90: =G90*(B$7/B$9)+B$3 -> 36.89871 | J90: =H90*(C$7)+C$3 -> 19.987622 | K90: =I90*D$3 -> 512.89207 | L90: =J90*D$3 -> 277.82795
A91: =Data!A86 -> 20/0 | B91: =Data!H86 -> 131.91667 | C91: =Data!C86/Data!F86 -> 50.671341 | D91: =B$3/C91 -> 0.75362126 | E91: =Data!G86/Data!F86 -> 24.506869 | F91: =C$3/E91 -> 0.83213404 | G91: =C91-(G$3+G$4*B91) -> 0.077389919 | H91: =E91-(H$3+H$4*B91) -> 0.10038949 | I91: =G91*(B$7/B$9)+B$3 -> 38.256488 | J91: =H91*(C$7)+C$3 -> 20.476884 | K91: =I91*D$3 -> 531.76518 | L91: =J91*D$3 -> 284.62869 | O91: =Data!A86 -> 20/0
B92: =Data!H87 -> 132.13333 | C92: =Data!C87/Data!F87 -> 50.476653 | D92: =B$3/C92 -> 0.75652797 | E92: =Data!G87/Data!F87 -> 24.37266 | F92: =C$3/E92 -> 0.83671622 | G92: =C92-(G$3+G$4*B92) -> -0.11722896 | H92: =E92-(H$3+H$4*B92) -> -0.033815515 | I92: =G92*(B$7/B$9)+B$3 -> 38.081741 | J92: =H92*(C$7)+C$3 -> 20.364744 | K92: =I92*D$3 -> 529.33621 | L92: =J92*D$3 -> 283.06994
B93: =Data!H88 -> 132.43333 | C93: =Data!C88/Data!F88 -> 50.501787 | D93: =B$3/C93 -> 0.75615146 | E93: =Data!G88/Data!F88 -> 24.389252 | F93: =C$3/E93 -> 0.83614702 | G93: =C93-(G$3+G$4*B93) -> -0.091999125 | H93: =E93-(H$3+H$4*B93) -> -0.017218437 | I93: =G93*(B$7/B$9)+B$3 -> 38.104395 | J93: =H93*(C$7)+C$3 -> 20.378613 | K93: =I93*D$3 -> 529.65109 | L93: =J93*D$3 -> 283.26271
A94: =Data!A89 -> 30/0 | B94: =Data!H89 -> 141.05 | C94: =Data!C89/Data!F89 -> 51.295223 | D94: =B$4/C94 -> 0.75759491 | E94: =Data!G89/Data!F89 -> 24.373377 | F94: =C$4/E94 -> 0.83615823 | G94: =C94-(G$3+G$4*B94) -> 0.70418266 | H94: =E94-(H$3+H$4*B94) -> -0.032932645 | I94: =G94*(B$7/B$9)+B$3 -> 38.819278 | J94: =H94*(C$7)+C$3 -> 20.365482 | K94: =I94*D$3 -> 539.58796 | L94: =J94*D$3 -> 283.0802 | O94: =Data!A89 -> 30/0
B95: =Data!H90 -> 141.13333 | C95: =Data!C90/Data!F90 -> 51.285609 | D95: =B$4/C95 -> 0.75773694 | E95: =Data!G90/Data!F90 -> 24.371558 | F95: =C$4/E95 -> 0.83622063 | G95: =C95-(G$3+G$4*B95) -> 0.6945949 | H95: =E95-(H$3+H$4*B95) -> -0.034750019 | I95: =G95*(B$7/B$9)+B$3 -> 38.810669 | J95: =H95*(C$7)+C$3 -> 20.363963 | K95: =I95*D$3 -> 539.4683 | L95: =J95*D$3 -> 283.05909
B96: =Data!H91 -> 141.21667 | C96: =Data!C91/Data!F91 -> 51.492878 | D96: =B$4/C96 -> 0.75468688 | E96: =Data!G91/Data!F91 -> 24.46808 | F96: =C$4/E96 -> 0.83292191 | G96: =C96-(G$3+G$4*B96) -> 0.9018912 | H96: =E96-(H$3+H$4*B96) -> 0.061773311 | I96: =G96*(B$7/B$9)+B$3 -> 38.996798 | J96: =H96*(C$7)+C$3 -> 20.444617 | K96: =I96*D$3 -> 542.0555 | L96: =J96*D$3 -> 284.18018
A97: =Data!A92 -> 20/0 | B97: =Data!H92 -> 146.03333 | C97: =Data!C92/Data!F92 -> 50.599724 | D97: =B$3/C97 -> 0.75468792 | E97: =Data!G92/Data!F92 -> 24.440615 | F97: =C$3/E97 -> 0.83438982 | G97: =C97-(G$3+G$4*B97) -> 0.010271383 | H97: =E97-(H$3+H$4*B97) -> 0.034397349 | I97: =G97*(B$7/B$9)+B$3 -> 38.196223 | J97: =H97*(C$7)+C$3 -> 20.421742 | K97: =I97*D$3 -> 530.92749 | L97: =J97*D$3 -> 283.86221 | O97: =Data!A92 -> 20/0
B98: =Data!H93 -> 146.13333 | C98: =Data!C93/Data!F93 -> 50.472232 | D98: =B$3/C98 -> 0.75659423 | E98: =Data!G93/Data!F93 -> 24.406052 | F98: =C$3/E98 -> 0.83557145 | G98: =C98-(G$3+G$4*B98) -> -0.11718782 | H98: =E98-(H$3+H$4*B98) -> -0.00016375114 | I98: =G98*(B$7/B$9)+B$3 -> 38.081778 | J98: =H98*(C$7)+C$3 -> 20.392863 | K98: =I98*D$3 -> 529.33672 | L98: =J98*D$3 -> 283.4608
B99: =Data!H94 -> 146.21667 | C99: =Data!C94/Data!F94 -> 50.646817 | D99: =B$3/C99 -> 0.75398619 | E99: =Data!G94/Data!F94 -> 24.456217 | F99: =C$3/E99 -> 0.83385751 | G99: =C99-(G$3+G$4*B99) -> 0.057422781 | H99: =E99-(H$3+H$4*B99) -> 0.050002799 | I99: =G99*(B$7/B$9)+B$3 -> 38.238559 | J99: =H99*(C$7)+C$3 -> 20.434782 | K99: =I99*D$3 -> 531.51597 | L99: =J99*D$3 -> 284.04347
A100: =Data!A95 -> 30/0 | B100: =Data!H95 -> 150.36667 | C100: =Data!C95/Data!F95 -> 51.238875 | D100: =B$4/C100 -> 0.75842805 | E100: =Data!G95/Data!F95 -> 24.396887 | F100: =C$4/E100 -> 0.83535249 | G100: =C100-(G$3+G$4*B100) -> 0.65080362 | H100: =E100-(H$3+H$4*B100) -> -0.0092501399 | I100: =G100*(B$7/B$9)+B$3 -> 38.77135 | J100: =H100*(C$7)+C$3 -> 20.385271 | K100: =I100*D$3 -> 538.92176 | L100: =J100*D$3 -> 283.35526 | O100: =Data!A95 -> 30/0
B101: =Data!H96 -> 150.5 | C101: =Data!C96/Data!F96 -> 51.427708 | D101: =B$4/C101 -> 0.75564324 | E101: =Data!G96/Data!F96 -> 24.44809 | F101: =C$4/E101 -> 0.83360296 | G101: =C101-(G$3+G$4*B101) -> 0.83967954 | H101: =E101-(H$3+H$4*B101) -> 0.041955542 | I101: =G101*(B$7/B$9)+B$3 -> 38.940939 | J101: =H101*(C$7)+C$3 -> 20.428057 | K101: =I101*D$3 -> 541.27906 | L101: =J101*D$3 -> 283.95
B102: =Data!H97 -> 150.88333 | C102: =Data!C97/Data!F97 -> 51.393934 | D102: =B$4/C102 -> 0.75613982 | E102: =Data!G97/Data!F97 -> 24.427858 | F102: =C$4/E102 -> 0.83429338 | G102: =C102-(G$3+G$4*B102) -> 0.80602775 | H102: =E102-(H$3+H$4*B102) -> 0.021730419 | I102: =G102*(B$7/B$9)+B$3 -> 38.910724 | J102: =H102*(C$7)+C$3 -> 20.411158 | K102: =I102*D$3 -> 540.85906 | L102: =J102*D$3 -> 283.71509
...

Sheet 30N2
A1: 531.2 | B1: =actual N2 at 20/0
A2: =AVERAGE(Data!C8:C10,Data!C14:C16,Data!C56:C58,Data!C86:C88,Data!C92:C94,Data!C152:C154,Data!C212:C214,Data!C218:C220) -> 5.9219521e-08 | B2: =average measured N2 at 20/0
C4: x | D4: y | F4: N30 based
B5: N2*O2 | C5: SQRT | D5: N30 | E5: Excess | F5: on N2 | H5: SUMMARY OUTPUT
A7: =Data!A8 -> 20/0 | B7: =Data!C8*Data!G8 -> 1.8775519e-15 | C7: =SQRT(B7) -> 4.3330727e-08 | D7: =Data!E8 -> 1.134001e-11 | E7: =D7-(C7*I$22+I$21) -> 4.8318881e-14 | F7: =A$1*E7/A$2 -> 0.00043342109 | H7: Regression Statistics
B8: =Data!C9*Data!G9 -> 1.8805594e-15 | C8: =SQRT(B8) -> 4.3365417e-08 | D8: =Data!E9 -> 1.150738e-11 | E8: =D8-(C8*I$22+I$21) -> 2.0966596e-13 | F8: =A$1*E8/A$2 -> 0.0018807068 | H8: Multiple R | I8: 0.92521334
B9: =Data!C10*Data!G10 -> 1.875994e-15 | C9: =SQRT(B9) -> 4.3312746e-08 | D9: =Data!E10 -> 1.144119e-11 | E9: =D9-(C9*I$22+I$21) -> 1.5262079e-13 | F9: =A$1*E9/A$2 -> 0.0013690108 | H9: R Square | I9: 0.85601973
A10: =Data!A11 -> 30/0 | B10: =Data!C11*Data!G11 -> 1.3248716e-15 | C10: =SQRT(B10) -> 3.6398785e-08 | D10: =Data!E11 -> 1.067302e-11 | E10: =D10-(C10*I$22+I$21) -> 5.8486274e-13 | F10: =A$1*E10/A$2 -> 0.0052462276 | H10: Adjusted R Square | I10: 0.85288973
B11: =Data!C12*Data!G12 -> 1.3248727e-15 | C11: =SQRT(B11) -> 3.6398801e-08 | D11: =Data!E12 -> 1.037504e-11 | E11: =D11-(C11*I$22+I$21) -> 2.8687998e-13 | F11: =A$1*E11/A$2 -> 0.0025733177 | H11: Standard Error | I11: 2.4535244e-13
B12: =Data!C13*Data!G13 -> 1.3227606e-15 | C12: =SQRT(B12) -> 3.6369776e-08 | D12: =Data!E13 -> 1.031778e-11 | E12: =D12-(C12*I$22+I$21) -> 2.3465935e-13 | F12: =A$1*E12/A$2 -> 0.0021048979 | H12: Observations | I12: 48
A13: =Data!A14 -> 20/0 | B13: =Data!C14*Data!G14 -> 1.8583397e-15 | C13: =SQRT(B13) -> 4.3108465e-08 | D13: =Data!E14 -> 1.131205e-11 | E13: =D13-(C13*I$22+I$21) -> 5.8948389e-14 | F13: =A$1*E13/A$2 -> 0.00052876794
B14: =Data!C15*Data!G15 -> 1.8603025e-15 | C14: =SQRT(B14) -> 4.3131224e-08 | D14: =Data!E15 -> 1.140981e-11 | E14: =D14-(C14*I$22+I$21) -> 1.5275684e-13 | F14: =A$1*E14/A$2 -> 0.0013702312 | H14: ANOVA
B15: =Data!C16*Data!G16 -> 1.8599038e-15 | C15: =SQRT(B15) -> 4.3126602e-08 | D15: =Data!E16 -> 1.137642e-11 | E15: =D15-(C15*I$22+I$21) -> 1.201694e-13 | F15: =A$1*E15/A$2 -> 0.0010779213 | I15: df | J15: SS | K15: MS | L15: F | M15: Significance F
A16: =Data!A17 -> 30/0 | B16: =Data!C17*Data!G17 -> 1.3113419e-15 | C16: =SQRT(B16) -> 3.6212455e-08 | D16: =Data!E17 -> 1.021252e-11 | E16: =D16-(C16*I$22+I$21) -> 1.5671357e-13 | F16: =A$1*E16/A$2 -> 0.0014057231 | H16: Regression | I16: 1 | J16: 1.6463395e-23 | K16: 1.6463395e-23 | L16: 273.48823 | M16: 5.5133839e-21
B17: =Data!C18*Data!G18 -> 1.3109618e-15 | C17: =SQRT(B17) -> 3.6207206e-08 | D17: =Data!E18 -> 1.027509e-11 | E17: =D17-(C17*I$22+I$21) -> 2.2019501e-13 | F17: =A$1*E17/A$2 -> 0.0019751526 | H17: Residual | I17: 46 | J17: 2.7690996e-24 | K17: 6.0197818e-26
B18: =Data!C19*Data!G19 -> 1.3080609e-15 | C18: =SQRT(B18) -> 3.6167124e-08 | D18: =Data!E19 -> 1.044589e-11 | E18: =D18-(C18*I$22+I$21) -> 3.97954e-13 | F18: =A$1*E18/A$2 -> 0.0035696534 | H18: Total | I18: 47 | J18: 1.9232494e-23
A19: =Data!A56 -> 20/0 | B19: =Data!C56*Data!G56 -> 1.6755065e-15 | C19: =SQRT(B19) -> 4.0932952e-08 | D19: =Data!E56 -> 1.096884e-11 | E19: =D19-(C19*I$22+I$21) -> 9.3454146e-14 | F19: =A$1*E19/A$2 -> 0.00083828511
B20: =Data!C57*Data!G57 -> 1.6727244e-15 | C20: =SQRT(B20) -> 4.0898953e-08 | D20: =Data!E57 -> 1.133998e-11 | E20: =D20-(C20*I$22+I$21) -> 4.7049698e-13 | F20: =A$1*E20/A$2 -> 0.0042203651 | I20: Coefficients | J20: Standard Error | K20: t Stat | L20: P-value | M20: Lower 95% | N20: Upper 95% | O20: Lower 95.0% | P20: Upper 95.0%
B21: =Data!C58*Data!G58 -> 1.6759674e-15 | C21: =SQRT(B21) -> 4.0938581e-08 | D21: =Data!E58 -> 1.120492e-11 | E21: =D21-(C21*I$22+I$21) -> 3.2855685e-13 | F21: =A$1*E21/A$2 -> 0.00294716 | H21: Intercept | I21: 3.7685473e-12 | J21: 3.9988768e-13 | K21: 9.4240145 | L21: 2.5937484e-12 | M21: 2.9636152e-12 | N21: 4.5734795e-12 | O21: 2.9636152e-12 | P21: 4.5734795e-12
A22: =Data!A59 -> 30/0 | B22: =Data!C59*Data!G59 -> 1.1974746e-15 | C22: =SQRT(B22) -> 3.4604546e-08 | D22: =Data!E59 -> 1.00296e-11 | E22: =D22-(C22*I$22+I$21) -> 2.5296112e-13 | F22: =A$1*E22/A$2 -> 0.0022690651 | H22: X Variable 1 | I22: 0.00017362145 | J22: 1.0498665e-05 | K22: 16.537479 | L22: 5.5133839e-21 | M22: 0.00015248874 | N22: 0.00019475417 | O22: 0.00015248874 | P22: 0.00019475417
B23: =Data!C60*Data!G60 -> 1.1981711e-15 | C23: =SQRT(B23) -> 3.4614608e-08 | D23: =Data!E60 -> 1.006122e-11 | E23: =D23-(C23*I$22+I$21) -> 2.828341e-13 | F23: =A$1*E23/A$2 -> 0.0025370262
B24: =Data!C61*Data!G61 -> 1.2001427e-15 | C24: =SQRT(B24) -> 3.4643076e-08 | D24: =Data!E61 -> 1.012706e-11 | E24: =D24-(C24*I$22+I$21) -> 3.4373145e-13 | F24: =A$1*E24/A$2 -> 0.0030832763
A25: =Data!A86 -> 20/0 | B25: =Data!C86*Data!G86 -> 1.6296127e-15 | C25: =SQRT(B25) -> 4.0368461e-08 | D25: =Data!E86 -> 1.085515e-11 | E25: =D25-(C25*I$22+I$21) -> 7.7771764e-14 | F25: =A$1*E25/A$2 -> 0.00069761391
B26: =Data!C87*Data!G87 -> 1.6297321e-15 | C26: =SQRT(B26) -> 4.036994e-08 | D26: =Data!E87 -> 1.090813e-11 | E26: =D26-(C26*I$22+I$21) -> 1.3049505e-13 | F26: =A$1*E26/A$2 -> 0.0011705426
B27: =Data!C88*Data!G88 -> 1.6291764e-15 | C27: =SQRT(B27) -> 4.0363058e-08 | D27: =Data!E88 -> 1.070526e-11 | E27: =D27-(C27*I$22+I$21) -> -7.1180067e-14 | F27: =A$1*E27/A$2 -> -0.00063848628
A28: =Data!A89 -> 30/0 | B28: =Data!C89*Data!G89 -> 1.1747177e-15 | C28: =SQRT(B28) -> 3.4274155e-08 | D28: =Data!E89 -> 9.739623e-12 | E28: =D28-(C28*I$22+I$21) -> 2.0347034e-14 | F28: =A$1*E28/A$2 -> 0.0001825132
B29: =Data!C90*Data!G90 -> 1.1748895e-15 | C29: =SQRT(B29) -> 3.4276661e-08 | D29: =Data!E90 -> 9.829698e-12 | E29: =D29-(C29*I$22+I$21) -> 1.0998701e-13 | F29: =A$1*E29/A$2 -> 0.00098658513
B30: =Data!C91*Data!G91 -> 1.174514e-15 | C30: =SQRT(B30) -> 3.4271183e-08 | D30: =Data!E91 -> 9.622466e-12 | E30: =D30-(C30*I$22+I$21) -> -9.6293867e-14 | F30: =A$1*E30/A$2 -> -0.00086375745
A31: =Data!A92 -> 20/0 | B31: =Data!C92*Data!G92 -> 1.6447719e-15 | C31: =SQRT(B31) -> 4.0555788e-08 | D31: =Data!E92 -> 1.054258e-11 | E31: =D31-(C31*I$22+I$21) -> -2.6732215e-13 | F31: =A$1*E31/A$2 -> -0.0023978838
B32: =Data!C93*Data!G93 -> 1.6435994e-15 | C32: =SQRT(B32) -> 4.054133e-08 | D32: =Data!E93 -> 1.075568e-11 | E32: =D32-(C32*I$22+I$21) -> -5.1711877e-14 | F32: =A$1*E32/A$2 -> -0.00046385632
B33: =Data!C94*Data!G94 -> 1.6431168e-15 | C33: =SQRT(B33) -> 4.0535377e-08 | D33: =Data!E94 -> 1.088942e-11 | E33: =D33-(C33*I$22+I$21) -> 8.306169e-14 | F33: =A$1*E33/A$2 -> 0.00074506462
A34: =Data!A95 -> 30/0 | B34: =Data!C95*Data!G95 -> 1.1733169e-15 | C34: =SQRT(B34) -> 3.4253714e-08 | D34: =Data!E95 -> 9.571112e-12 | E34: =D34-(C34*I$22+I$21) -> -1.4461496e-13 | F34: =A$1*E34/A$2 -> -0.0012971984
B35: =Data!C96*Data!G96 -> 1.1744975e-15 | C35: =SQRT(B35) -> 3.4270943e-08 | D35: =Data!E96 -> 9.732601e-12 | E35: =D35-(C35*I$22+I$21) -> 1.3882748e-14 | F35: =A$1*E35/A$2 -> 0.00012452846
B36: =Data!C97*Data!G97 -> 1.1758868e-15 | C36: =SQRT(B36) -> 3.4291206e-08 | D36: =Data!E97 -> 9.625016e-12 | E36: =D36-(C36*I$22+I$21) -> -9.7220325e-14 | F36: =A$1*E36/A$2 -> -0.00087206779
A37: =Data!A152 -> 20/0 | B37: =Data!C152*Data!G152 -> 1.6256397e-15 | C37: =SQRT(B37) -> 4.0319223e-08 | D37: =Data!E152 -> 1.052609e-11 | E37: =D37-(C37*I$22+I$21) -> -2.4273934e-13 | F37: =A$1*E37/A$2 -> -0.0021773755
B38: =Data!C153*Data!G153 -> 1.6252108e-15 | C38: =SQRT(B38) -> 4.0313904e-08 | D38: =Data!E153 -> 1.049335e-11 | E38: =D38-(C38*I$22+I$21) -> -2.7455584e-13 | F38: =A$1*E38/A$2 -> -0.00246277
B39: =Data!C154*Data!G154 -> 1.6251483e-15 | C39: =SQRT(B39) -> 4.0313128e-08 | D39: =Data!E154 -> 1.055976e-11 | E39: =D39-(C39*I$22+I$21) -> -2.0801115e-13 | F39: =A$1*E39/A$2 -> -0.0018658632
A40: =Data!A155 -> 30/0 | B40: =Data!C155*Data!G155 -> 1.1644953e-15 | C40: =SQRT(B40) -> 3.4124702e-08 | D40: =Data!E155 -> 9.793371e-12 | E40: =D40-(C40*I$22+I$21) -> 1.0004341e-13 | F40: =A$1*E40/A$2 -> 0.00089739093
B41: =Data!C156*Data!G156 -> 1.1614751e-15 | C41: =SQRT(B41) -> 3.4080421e-08 | D41: =Data!E156 -> 9.511184e-12 | E41: =D41-(C41*I$22+I$21) -> -1.7445559e-13 | F41: =A$1*E41/A$2 -> -0.0015648692
B42: =Data!C157*Data!G157 -> 1.1642867e-15 | C42: =SQRT(B42) -> 3.4121646e-08 | D42: =Data!E157 -> 9.450335e-12 | E42: =D42-(C42*I$22+I$21) -> -2.4246207e-13 | F42: =A$1*E42/A$2 -> -0.0021748885
A43: =Data!A212 -> 20/0 | B43: =Data!C212*Data!G212 -> 1.6191963e-15 | C43: =SQRT(B43) -> 4.0239239e-08 | D43: =Data!E212 -> 1.03082e-11 | E43: =D43-(C43*I$22+I$21) -> -4.4674237e-13 | F43: =A$1*E43/A$2 -> -0.0040072858
B44: =Data!C213*Data!G213 -> 1.6177944e-15 | C44: =SQRT(B44) -> 4.0221815e-08 | D44: =Data!E213 -> 1.046136e-11 | E44: =D44-(C44*I$22+I$21) -> -2.9055726e-13 | F44: =A$1*E44/A$2 -> -0.002606303
B45: =Data!C214*Data!G214 -> 1.6178965e-15 | C45: =SQRT(B45) -> 4.0223084e-08 | D45: =Data!E214 -> 1.036369e-11 | E45: =D45-(C45*I$22+I$21) -> -3.8844753e-13 | F45: =A$1*E45/A$2 -> -0.0034843803
A46: =Data!A215 -> 30/0 | B46: =Data!C215*Data!G215 -> 1.1589193e-15 | C46: =SQRT(B46) -> 3.4042903e-08 | D46: =Data!E215 -> 9.459172e-12 | E46: =D46-(C46*I$22+I$21) -> -2.1995368e-13 | F46: =A$1*E46/A$2 -> -0.0019729878
B47: =Data!C216*Data!G216 -> 1.1594031e-15 | C47: =SQRT(B47) -> 3.4050009e-08 | D47: =Data!E216 -> 9.426353e-12 | E47: =D47-(C47*I$22+I$21) -> -2.5400632e-13 | F47: =A$1*E47/A$2 -> -0.0022784406
B48: =Data!C217*Data!G217 -> 1.1598844e-15 | C48: =SQRT(B48) -> 3.4057076e-08 | D48: =Data!E217 -> 9.583871e-12 | E48: =D48-(C48*I$22+I$21) -> -9.7715352e-14 | F48: =A$1*E48/A$2 -> -0.00087650819
A49: =Data!A218 -> 20/0 | B49: =Data!C218*Data!G218 -> 1.6188121e-15 | C49: =SQRT(B49) -> 4.0234464e-08 | D49: =Data!E218 -> 1.04533e-11 | E49: =D49-(C49*I$22+I$21) -> -3.0081346e-13 | F49: =A$1*E49/A$2 -> -0.0026983013
B50: =Data!C219*Data!G219 -> 1.6205266e-15 | C50: =SQRT(B50) -> 4.0255765e-08 | D50: =Data!E219 -> 1.042931e-11 | E50: =D50-(C50*I$22+I$21) -> -3.2850176e-13 | F50: =A$1*E50/A$2 -> -0.0029466657
B51: =Data!C220*Data!G220 -> 1.6188283e-15 | C51: =SQRT(B51) -> 4.0234665e-08 | D51: =Data!E220 -> 1.049768e-11 | E51: =D51-(C51*I$22+I$21) -> -2.5646835e-13 | F51: =A$1*E51/A$2 -> -0.002300525
A52: =Data!A221 -> 30/0 | B52: =Data!C221*Data!G221 -> 1.1591885e-15 | C52: =SQRT(B52) -> 3.4046858e-08 | D52: =Data!E221 -> 9.509496e-12 | E52: =D52-(C52*I$22+I$21) -> -1.7031629e-13 | F52: =A$1*E52/A$2 -> -0.0015277397
B53: =Data!C222*Data!G222 -> 1.15857e-15 | C53: =SQRT(B53) -> 3.4037773e-08 | D53: =Data!E222 -> 9.449852e-12 | E53: =D53-(C53*I$22+I$21) -> -2.2838298e-13 | F53: =A$1*E53/A$2 -> -0.0020485988
B54: =Data!C223*Data!G223 -> 1.1598453e-15 | C54: =SQRT(B54) -> 3.4056502e-08 | D54: =Data!E223 -> 9.602591e-12 | E54: =D54-(C54*I$22+I$21) -> -7.8895675e-14 | F54: =A$1*E54/A$2 -> -0.0007076954
A55: =Data!A20 -> 051221-LS-WM-5m-To | B55: =Data!C20*Data!G20 -> 3.4280118e-15 | C55: =SQRT(B55) -> 5.8549226e-08 | D55: =Data!E20 -> 1.373352e-11 | E55: =D55-(C55*I$22+I$21) -> -2.0042893e-13 | F55: =A$1*E55/A$2 -> -0.0017978506 | G55: =AVERAGE(F55:F57) -> -0.0036099167
B56: =Data!C21*Data!G21 -> 3.4276056e-15 | C56: =SQRT(B56) -> 5.8545757e-08 | D56: =Data!E21 -> 1.338887e-11 | E56: =D56-(C56*I$22+I$21) -> -5.4447665e-13 | F56: =A$1*E56/A$2 -> -0.0048839638
B57: =Data!C22*Data!G22 -> 3.4302469e-15 | C57: =SQRT(B57) -> 5.856831e-08 | D57: =Data!E22 -> 1.347484e-11 | E57: =D57-(C57*I$22+I$21) -> -4.6242238e-13 | F57: =A$1*E57/A$2 -> -0.0041479358
A58: =Data!A23 -> 051221-LS-WM-5m-To | B58: =Data!C23*Data!G23 -> 3.7190041e-15 | C58: =SQRT(B58) -> 6.0983638e-08 | D58: =Data!E23 -> 1.407899e-11 | E58: =D58-(C58*I$22+I$21) -> -2.776251e-13 | F58: =A$1*E58/A$2 -> -0.0024903014 | G58: =AVERAGE(F58:F60) -> -0.0028310613
B59: =Data!C24*Data!G24 -> 3.7223011e-15 | C59: =SQRT(B59) -> 6.1010664e-08 | D59: =Data!E24 -> 1.406122e-11 | E59: =D59-(C59*I$22+I$21) -> -3.0008746e-13 | F59: =A$1*E59/A$2 -> -0.0026917891
B60: =Data!C25*Data!G25 -> 3.7121116e-15 | C60: =SQRT(B60) -> 6.0927101e-08 | D60: =Data!E25 -> 1.397767e-11 | E60: =D60-(C60*I$22+I$21) -> -3.6912907e-13 | F60: =A$1*E60/A$2 -> -0.0033110934
A61: =Data!A26 -> 051221-LS-WM-35m-To | B61: =Data!C26*Data!G26 -> 4.3364789e-15 | C61: =SQRT(B61) -> 6.5851947e-08 | D61: =Data!E26 -> 1.491213e-11 | E61: =D61-(C61*I$22+I$21) -> -2.8972797e-13 | F61: =A$1*E61/A$2 -> -0.0025988643 | G61: =AVERAGE(F61:F63) -> -0.0029871272
B62: =Data!C27*Data!G27 -> 4.3239125e-15 | C62: =SQRT(B62) -> 6.5756463e-08 | D62: =Data!E27 -> 1.489012e-11 | E62: =D62-(C62*I$22+I$21) -> -2.9516003e-13 | F62: =A$1*E62/A$2 -> -0.0026475899
B63: =Data!C28*Data!G28 -> 4.328064e-15 | C63: =SQRT(B63) -> 6.5788023e-08 | D63: =Data!E28 -> 1.477661e-11 | E63: =D63-(C63*I$22+I$21) -> -4.141495e-13 | F63: =A$1*E63/A$2 -> -0.0037149273
A64: =Data!A29 -> 051221-LS-WM-35m-To | B64: =Data!C29*Data!G29 -> 3.356145e-15 | C64: =SQRT(B64) -> 5.7932245e-08 | D64: =Data!E29 -> 1.379609e-11 | E64: =D64-(C64*I$22+I$21) -> -3.0737911e-14 | F64: =A$1*E64/A$2 -> -0.00027571952 | G64: =AVERAGE(F64:F66) -> -0.00016597917
B65: =Data!C30*Data!G30 -> 3.3505723e-15 | C65: =SQRT(B65) -> 5.7884128e-08 | D65: =Data!E30 -> 1.360536e-11 | E65: =D65-(C65*I$22+I$21) -> -2.1311377e-13 | F65: =A$1*E65/A$2 -> -0.0019116337
B66: =Data!C31*Data!G31 -> 3.3514831e-15 | C66: =SQRT(B66) -> 5.7891995e-08 | D66: =Data!E31 -> 1.400818e-11 | E66: =D66-(C66*I$22+I$21) -> 1.8834035e-13 | F66: =A$1*E66/A$2 -> 0.0016894158
A67: =Data!A32 -> 051221-LS-WM-163m-To | B67: =Data!C32*Data!G32 -> 3.3925765e-15 | C67: =SQRT(B67) -> 5.8245828e-08 | D67: =Data!E32 -> 1.366695e-11 | E67: =D67-(C67*I$22+I$21) -> -2.1432257e-13 | F67: =A$1*E67/A$2 -> -0.0019224767 | G67: =AVERAGE(F67:F69) -> -0.0011410141
B68: =Data!C33*Data!G33 -> 3.3923442e-15 | C68: =SQRT(B68) -> 5.8243834e-08 | D68: =Data!E33 -> 1.378303e-11 | E68: =D68-(C68*I$22+I$21) -> -9.7896337e-14 | F68: =A$1*E68/A$2 -> -0.00087813163
B69: =Data!C34*Data!G34 -> 3.3877393e-15 | C69: =SQRT(B69) -> 5.8204289e-08 | D69: =Data!E34 -> 1.380467e-11 | E69: =D69-(C69*I$22+I$21) -> -6.9390523e-14 | F69: =A$1*E69/A$2 -> -0.00062243404
A70: =Data!A35 -> 051221-LS-WM-163m-To | B70: =Data!C35*Data!G35 -> 3.3524188e-15 | C70: =SQRT(B70) -> 5.7900076e-08 | D70: =Data!E35 -> 1.391308e-11 | E70: =D70-(C70*I$22+I$21) -> 9.1837346e-14 | F70: =A$1*E70/A$2 -> 0.00082378239 | G70: =AVERAGE(F70:F72) -> -0.00046013713
B71: =Data!C36*Data!G36 -> 3.3481565e-15 | C71: =SQRT(B71) -> 5.7863257e-08 | D71: =Data!E36 -> 1.362905e-11 | E71: =D71-(C71*I$22+I$21) -> -1.8580002e-13 | F71: =A$1*E71/A$2 -> -0.001666629
B72: =Data!C37*Data!G37 -> 3.3462431e-15 | C72: =SQRT(B72) -> 5.7846721e-08 | D72: =Data!E37 -> 1.375205e-11 | E72: =D72-(C72*I$22+I$21) -> -5.9929082e-14 | F72: =A$1*E72/A$2 -> -0.00053756477
A73: =Data!A38 -> 051321-LS-WM-5m-Tf | B73: =Data!C38*Data!G38 -> 3.305392e-15 | C73: =SQRT(B73) -> 5.7492538e-08 | D73: =Data!E38 -> 1.37583e-11 | E73: =D73-(C73*I$22+I$21) -> 7.8146669e-15 | F73: =A$1*E73/A$2 -> 7.0097681e-05 | G73: =AVERAGE(F73:F75) -> -0.00019588901
B74: =Data!C39*Data!G39 -> 3.3019671e-15 | C74: =SQRT(B74) -> 5.7462745e-08 | D74: =Data!E39 -> 1.377982e-11 | E74: =D74-(C74*I$22+I$21) -> 3.4507425e-14 | F74: =A$1*E74/A$2 -> 0.00030953213
B75: =Data!C40*Data!G40 -> 3.3044061e-15 | C75: =SQRT(B75) -> 5.7483964e-08 | D75: =Data!E40 -> 1.364116e-11 | E75: =D75-(C75*I$22+I$21) -> -1.078367e-13 | F75: =A$1*E75/A$2 -> -0.00096729685
A76: =Data!A41 -> 051321-LS-WM-5m-Tf | B76: =Data!C41*Data!G41 -> 3.2583491e-15 | C76: =SQRT(B76) -> 5.7081951e-08 | D76: =Data!E41 -> 1.368905e-11 | E76: =D76-(C76*I$22+I$21) -> 9.85142e-15 | F76: =A$1*E76/A$2 -> 8.8367387e-05 | G76: =AVERAGE(F76:F78) -> -0.00051088954
B77: =Data!C42*Data!G42 -> 3.2494485e-15 | C77: =SQRT(B77) -> 5.7003934e-08 | D77: =Data!E42 -> 1.355985e-11 | E77: =D77-(C77*I$22+I$21) -> -1.058032e-13 | F77: =A$1*E77/A$2 -> -0.00094905633
B78: =Data!C43*Data!G43 -> 3.2581554e-15 | C78: =SQRT(B78) -> 5.7080254e-08 | D78: =Data!E43 -> 1.360399e-11 | E78: =D78-(C78*I$22+I$21) -> -7.4913994e-14 | F78: =A$1*E78/A$2 -> -0.00067197966
A79: =Data!A44 -> 051321-LS-WM-35m-Tf | B79: =Data!C44*Data!G44 -> 3.3938476e-15 | C79: =SQRT(B79) -> 5.8256739e-08 | D79: =Data!E44 -> 1.393801e-11 | E79: =D79-(C79*I$22+I$21) -> 5.4843088e-14 | F79: =A$1*E79/A$2 -> 0.00049194333 | G79: =AVERAGE(F79:F81) -> -0.00046639891
B80: =Data!C45*Data!G45 -> 3.3949673e-15 | C80: =SQRT(B80) -> 5.8266348e-08 | D80: =Data!E45 -> 1.369811e-11 | E80: =D80-(C80*I$22+I$21) -> -1.8672523e-13 | F80: =A$1*E80/A$2 -> -0.0016749282
B81: =Data!C46*Data!G46 -> 3.3947583e-15 | C81: =SQRT(B81) -> 5.8264554e-08 | D81: =Data!E46 -> 1.386042e-11 | E81: =D81-(C81*I$22+I$21) -> -2.4103848e-14 | F81: =A$1*E81/A$2 -> -0.00021621188
A82: =Data!A47 -> 051321-LS-WM-35m-Tf | B82: =Data!C47*Data!G47 -> 3.2287177e-15 | C82: =SQRT(B82) -> 5.6821806e-08 | D82: =Data!E47 -> 1.349973e-11 | E82: =D82-(C82*I$22+I$21) -> -1.3430191e-13 | F82: =A$1*E82/A$2 -> -0.0012046901 | G82: =AVERAGE(F82:F84) -> -0.0014245113
B83: =Data!C48*Data!G48 -> 3.2267507e-15 | C83: =SQRT(B83) -> 5.6804496e-08 | D83: =Data!E48 -> 1.337749e-11 | E83: =D83-(C83*I$22+I$21) -> -2.5353639e-13 | F83: =A$1*E83/A$2 -> -0.0022742252
B84: =Data!C49*Data!G49 -> 3.2268945e-15 | C84: =SQRT(B84) -> 5.6805761e-08 | D84: =Data!E49 -> 1.354266e-11 | E84: =D84-(C84*I$22+I$21) -> -8.8586086e-14 | F84: =A$1*E84/A$2 -> -0.00079461854
A85: =Data!A50 -> 051321-LS-WM-163m-Tf | B85: =Data!C50*Data!G50 -> 3.2473871e-15 | C85: =SQRT(B85) -> 5.698585e-08 | D85: =Data!E50 -> 1.336345e-11 | E85: =D85-(C85*I$22+I$21) -> -2.9906343e-13 | F85: =A$1*E85/A$2 -> -0.0026826035 | G85: =AVERAGE(F85:F87) -> -0.002784138
B86: =Data!C51*Data!G51 -> 3.2486838e-15 | C86: =SQRT(B86) -> 5.6997226e-08 | D86: =Data!E51 -> 1.337654e-11 | E86: =D86-(C86*I$22+I$21) -> -2.8794853e-13 | F86: =A$1*E86/A$2 -> -0.0025829027
B87: =Data!C52*Data!G52 -> 3.2498511e-15 | C87: =SQRT(B87) -> 5.7007465e-08 | D87: =Data!E52 -> 1.332213e-11 | E87: =D87-(C87*I$22+I$21) -> -3.4413628e-13 | F87: =A$1*E87/A$2 -> -0.0030869076
A88: =Data!A53 -> 051321-LS-WM-163m-Tf | B88: =Data!C53*Data!G53 -> 3.8159525e-15 | C88: =SQRT(B88) -> 6.1773396e-08 | D88: =Data!E53 -> 1.442628e-11 | E88: =D88-(C88*I$22+I$21) -> -6.745408e-14 | F88: =A$1*E88/A$2 -> -0.00060506412 | G88: =AVERAGE(F88:F90) -> -0.0017678504
B89: =Data!C54*Data!G54 -> 3.8134874e-15 | C89: =SQRT(B89) -> 6.175344e-08 | D89: =Data!E54 -> 1.435649e-11 | E89: =D89-(C89*I$22+I$21) -> -1.3377935e-13 | F89: =A$1*E89/A$2 -> -0.0012000028
B90: =Data!C55*Data!G55 -> 3.8161701e-15 | C90: =SQRT(B90) -> 6.1775157e-08 | D90: =Data!E55 -> 1.410402e-11 | E90: =D90-(C90*I$22+I$21) -> -3.9001989e-13 | F90: =A$1*E90/A$2 -> -0.0034984843
A91: =Data!A62 -> 051321-LS-SB-5m-To | B91: =Data!C62*Data!G62 -> 3.0615057e-15 | C91: =SQRT(B91) -> 5.5330875e-08 | D91: =Data!E62 -> 1.275888e-11 | E91: =D91-(C91*I$22+I$21) -> -6.1629421e-13 | F91: =A$1*E91/A$2 -> -0.0055281684 | G91: =AVERAGE(F91:F93) -> -0.0061874964
B92: =Data!C63*Data!G63 -> 3.0606332e-15 | C92: =SQRT(B92) -> 5.5322989e-08 | D92: =Data!E63 -> 1.261314e-11 | E92: =D92-(C92*I$22+I$21) -> -7.6066512e-13 | F92: =A$1*E92/A$2 -> -0.0068231777
B93: =Data!C64*Data!G64 -> 3.0625318e-15 | C93: =SQRT(B93) -> 5.5340147e-08 | D93: =Data!E64 -> 1.268435e-11 | E93: =D93-(C93*I$22+I$21) -> -6.9243396e-13 | F93: =A$1*E93/A$2 -> -0.0062111431
A94: =Data!A65 -> 051321-LS-SB-5m-To | B94: =Data!C65*Data!G65 -> 3.0139618e-15 | C94: =SQRT(B94) -> 5.4899561e-08 | D94: =Data!E65 -> 1.28347e-11 | E94: =D94-(C94*I$22+I$21) -> -4.6558879e-13 | F94: =A$1*E94/A$2 -> -0.0041763385 | G94: =AVERAGE(F94:F96) -> -0.0023899658
B95: =Data!C66*Data!G66 -> 3.0148027e-15 | C95: =SQRT(B95) -> 5.4907219e-08 | D95: =Data!E66 -> 1.322745e-11 | E95: =D95-(C95*I$22+I$21) -> -7.4168398e-14 | F95: =A$1*E95/A$2 -> -0.00066529165
B96: =Data!C67*Data!G67 -> 3.012041e-15 | C96: =SQRT(B96) -> 5.4882065e-08 | D96: =Data!E67 -> 1.303769e-11 | E96: =D96-(C96*I$22+I$21) -> -2.5956114e-13 | F96: =A$1*E96/A$2 -> -0.0023282674
A97: =Data!A68 -> 051321-LS-SB-33m-To | B97: =Data!C68*Data!G68 -> 3.1115103e-15 | C97: =SQRT(B97) -> 5.5780914e-08 | D97: =Data!E68 -> 1.334965e-11 | E97: =D97-(C97*I$22+I$21) -> -1.0366061e-13 | F97: =A$1*E97/A$2 -> -0.00092983721 | G97: =AVERAGE(F97:F99) -> -0.0018929022
B98: =Data!C69*Data!G69 -> 3.1129613e-15 | C98: =SQRT(B98) -> 5.5793918e-08 | D98: =Data!E69 -> 1.327359e-11 | E98: =D98-(C98*I$22+I$21) -> -1.8197837e-13 | F98: =A$1*E98/A$2 -> -0.0016323487
B99: =Data!C70*Data!G70 -> 3.1135714e-15 | C99: =SQRT(B99) -> 5.5799385e-08 | D99: =Data!E70 -> 1.310908e-11 | E99: =D99-(C99*I$22+I$21) -> -3.474376e-13 | F99: =A$1*E99/A$2 -> -0.0031165206
A100: =Data!A71 -> 051321-LS-SB-33m-To | B100: =Data!C71*Data!G71 -> 3.0898094e-15 | C100: =SQRT(B100) -> 5.5586054e-08 | D100: =Data!E71 -> 1.332426e-11 | E100: =D100-(C100*I$22+I$21) -> -9.5218787e-14 | F100: =A$1*E100/A$2 -> -0.00085411396 | G100: =AVERAGE(F100:F102) -> 0.00026805976
B101: =Data!C72*Data!G72 -> 3.0945448e-15 | C101: =SQRT(B101) -> 5.5628633e-08 | D101: =Data!E72 -> 1.353656e-11 | E101: =D101-(C101*I$22+I$21) -> 1.0968855e-13 | F101: =A$1*E101/A$2 -> 0.00098390793
B102: =Data!C73*Data!G73 -> 3.0921784e-15 | C102: =SQRT(B102) -> 5.5607359e-08 | D102: =Data!E73 -> 1.349836e-11 | E102: =D102-(C102*I$22+I$21) -> 7.5182182e-14 | F102: =A$1*E102/A$2 -> 0.00067438531
...

Sheet 29N2
A1: ='30N2'!A1 -> 531.2 | B1: =actual N2 at 20/0
A2: ='30N2'!A2 -> 5.9219521e-08 | B2: =average measured N2 at 20/0
B4: x | C4: y | E4: N29 based
B5: N28 | C5: N29 | D5: Excess | E5: on N2 | G5: SUMMARY OUTPUT
A7: ='30N2'!A7 -> 20/0 | B7: =Data!C8 -> 6.241656e-08 | C7: =Data!D8 -> 4.392797e-10 | D7: =C7-(B7*H$22+H$21) -> -8.6571328e-14 | E7: =A$1*D7/A$2 -> -0.00077654613 | G7: Regression Statistics
B8: =Data!C9 -> 6.249566e-08 | C8: =Data!D9 -> 4.396584e-10 | D8: =C8-(B8*H$22+H$21) -> -2.6121078e-13 | E8: =A$1*D8/A$2 -> -0.0023430646 | G8: Multiple R | H8: 0.9998193
B9: =Data!C10 -> 6.239389e-08 | C9: =Data!D10 -> 4.406928e-10 | D9: =C9-(B9*H$22+H$21) -> 1.4851153e-12 | E9: =A$1*D9/A$2 -> 0.013321507 | G9: R Square | H9: 0.99963863
A10: ='30N2'!A10 -> 30/0 | B10: =Data!C11 -> 5.282325e-08 | C10: =Data!D11 -> 3.717482e-10 | D10: =C10-(B10*H$22+H$21) -> -5.0862945e-13 | E10: =A$1*D10/A$2 -> -0.0045624138 | G10: Adjusted R Square | H10: 0.99963077
B11: =Data!C12 -> 5.277345e-08 | C11: =Data!D12 -> 3.715286e-10 | D11: =C11-(B11*H$22+H$21) -> -3.7985644e-13 | E11: =A$1*D11/A$2 -> -0.0034073181 | G11: Standard Error | H11: 6.367191e-13
B12: =Data!C13 -> 5.278764e-08 | C12: =Data!D13 -> 3.717964e-10 | D12: =C12-(B12*H$22+H$21) -> -2.1132176e-13 | E12: =A$1*D12/A$2 -> -0.0018955594 | G12: Observations | H12: 48
A13: ='30N2'!A13 -> 20/0 | B13: =Data!C14 -> 6.211614e-08 | C13: =Data!D14 -> 4.365749e-10 | D13: =C13-(B13*H$22+H$21) -> -6.898007e-13 | E13: =A$1*D13/A$2 -> -0.0061875227
B14: =Data!C15 -> 6.218553e-08 | C14: =Data!D15 -> 4.370271e-10 | D14: =C14-(B14*H$22+H$21) -> -7.2301441e-13 | E14: =A$1*D14/A$2 -> -0.0064854502 | G14: ANOVA
B15: =Data!C16 -> 6.21415e-08 | C15: =Data!D16 -> 4.381185e-10 | D15: =C15-(B15*H$22+H$21) -> 6.763949e-13 | E15: =A$1*D15/A$2 -> 0.0060672725 | H15: df | I15: SS | J15: MS | K15: F | L15: Significance F
A16: ='30N2'!A16 -> 30/0 | B16: =Data!C17 -> 5.255534e-08 | C16: =Data!D17 -> 3.704886e-10 | D16: =C16-(B16*H$22+H$21) -> 1.0591937e-13 | E16: =A$1*D16/A$2 -> 0.00095009836 | G16: Regression | H16: 1 | I16: 5.1586937e-20 | J16: 5.1586937e-20 | K16: 127245.96 | L16: 7.9668052e-81
B17: =Data!C18 -> 5.247932e-08 | C17: =Data!D18 -> 3.698069e-10 | D17: =C17-(B17*H$22+H$21) -> -4.3987143e-14 | E17: =A$1*D17/A$2 -> -0.00039456534 | G17: Residual | H17: 46 | I17: 1.8648916e-23 | J17: 4.0541121e-25
B18: =Data!C19 -> 5.245805e-08 | C18: =Data!D19 -> 3.689866e-10 | D18: =C18-(B18*H$22+H$21) -> -7.154941e-13 | E18: =A$1*D18/A$2 -> -0.0064179929 | G18: Total | H18: 47 | I18: 5.1605586e-20
A19: ='30N2'!A19 -> 20/0 | B19: =Data!C56 -> 5.895125e-08 | C19: =Data!D56 -> 4.149025e-10 | D19: =C19-(B19*H$22+H$21) -> -2.2239687e-13 | E19: =A$1*D19/A$2 -> -0.0019949033
B20: =Data!C57 -> 5.887273e-08 | C20: =Data!D57 -> 4.145086e-10 | D20: =C20-(B20*H$22+H$21) -> -6.7014774e-14 | E20: =A$1*D20/A$2 -> -0.00060112354 | H20: Coefficients | I20: Standard Error | J20: t Stat | K20: P-value | L20: Lower 95% | M20: Upper 95% | N20: Lower 95.0% | O20: Upper 95.0%
B21: =Data!C58 -> 5.897757e-08 | C21: =Data!D58 -> 4.152285e-10 | D21: =C21-(B21*H$22+H$21) -> -8.0516894e-14 | E21: =A$1*D21/A$2 -> -0.00072223776 | G21: Intercept | H21: 2.7348578e-12 | I21: 1.0787438e-12 | J21: 2.5352245 | K21: 0.014701501 | L21: 5.6345907e-13 | M21: 4.9062565e-12 | N21: 5.6345907e-13 | O21: 4.9062565e-12
A22: ='30N2'!A22 -> 30/0 | B22: =Data!C59 -> 5.015424e-08 | C22: =Data!D59 -> 3.543148e-10 | D22: =C22-(B22*H$22+H$21) -> 7.288747e-13 | E22: =A$1*D22/A$2 -> 0.0065380171 | G22: X Variable 1 | H22: 0.0069954418 | I22: 1.9610703e-05 | J22: 356.71551 | K22: 7.9668052e-81 | L22: 0.0069559675 | M22: 0.0070349161 | N22: 0.0069559675 | O22: 0.0070349161
B23: =Data!C60 -> 5.017883e-08 | C23: =Data!D60 -> 3.538924e-10 | D23: =C23-(B23*H$22+H$21) -> 1.3445679e-13 | E23: =A$1*D23/A$2 -> 0.0012060794
B24: =Data!C61 -> 5.023872e-08 | C24: =Data!D61 -> 3.543515e-10 | D24: =C24-(B24*H$22+H$21) -> 1.7459978e-13 | E24: =A$1*D24/A$2 -> 0.0015661627
A25: ='30N2'!A25 -> 20/0 | B25: =Data!C86 -> 5.804696e-08 | C25: =Data!D86 -> 4.084777e-10 | D25: =C25-(B25*H$22+H$21) -> -3.2128879e-13 | E25: =A$1*D25/A$2 -> -0.0028819653
B26: =Data!C87 -> 5.809676e-08 | C26: =Data!D87 -> 4.091306e-10 | D26: =C26-(B26*H$22+H$21) -> -1.6761792e-14 | E26: =A$1*D26/A$2 -> -0.00015035353
B27: =Data!C88 -> 5.808155e-08 | C27: =Data!D88 -> 4.07538e-10 | D27: =C27-(B27*H$22+H$21) -> -1.5029611e-12 | E27: =A$1*D27/A$2 -> -0.013481584
A28: ='30N2'!A28 -> 30/0 | B28: =Data!C89 -> 4.972186e-08 | C28: =Data!D89 -> 3.519018e-10 | D28: =C28-(B28*H$22+H$21) -> 1.3405638e-12 | E28: =A$1*D28/A$2 -> 0.012024878
B29: =Data!C90 -> 4.972269e-08 | C29: =Data!D90 -> 3.500491e-10 | D29: =C29-(B29*H$22+H$21) -> -5.1794238e-13 | E29: =A$1*D29/A$2 -> -0.004645951
B30: =Data!C91 -> 4.971675e-08 | C30: =Data!D91 -> 3.499057e-10 | D30: =C30-(B30*H$22+H$21) -> -6.1978946e-13 | E30: =A$1*D30/A$2 -> -0.0055595208
A31: ='30N2'!A31 -> 20/0 | B31: =Data!C92 -> 5.835403e-08 | C31: =Data!D92 -> 4.114449e-10 | D31: =C31-(B31*H$22+H$21) -> 4.9782089e-13 | E31: =A$1*D31/A$2 -> 0.004465461
B32: =Data!C93 -> 5.830093e-08 | C32: =Data!D93 -> 4.100867e-10 | D32: =C32-(B32*H$22+H$21) -> -4.8892115e-13 | E32: =A$1*D32/A$2 -> -0.0043856301
B33: =Data!C94 -> 5.833318e-08 | C33: =Data!D94 -> 4.105515e-10 | D33: =C33-(B33*H$22+H$21) -> -2.4972414e-13 | E33: =A$1*D33/A$2 -> -0.0022400294
A34: ='30N2'!A34 -> 30/0 | B34: =Data!C95 -> 4.964097e-08 | C34: =Data!D95 -> 3.499651e-10 | D34: =C34-(B34*H$22+H$21) -> -3.0274878e-14 | E34: =A$1*D34/A$2 -> -0.00027156612
B35: =Data!C96 -> 4.970524e-08 | C35: =Data!D96 -> 3.501202e-10 | D35: =C35-(B35*H$22+H$21) -> -3.2477192e-13 | E35: =A$1*D35/A$2 -> -0.0029132091
B36: =Data!C97 -> 4.973888e-08 | C36: =Data!D97 -> 3.503465e-10 | D36: =C36-(B36*H$22+H$21) -> -3.3379859e-13 | E36: =A$1*D36/A$2 -> -0.0029941784
A37: ='30N2'!A37 -> 20/0 | B37: =Data!C152 -> 5.799245e-08 | C37: =Data!D152 -> 4.085233e-10 | D37: =C37-(B37*H$22+H$21) -> 1.0563274e-13 | E37: =A$1*D37/A$2 -> 0.00094752731
B38: =Data!C153 -> 5.803257e-08 | C38: =Data!D153 -> 4.087445e-10 | D38: =C38-(B38*H$22+H$21) -> 4.6175618e-14 | E38: =A$1*D38/A$2 -> 0.00041419599
B39: =Data!C154 -> 5.802207e-08 | C39: =Data!D154 -> 4.091817e-10 | D39: =C39-(B39*H$22+H$21) -> 5.5682776e-13 | E39: =A$1*D39/A$2 -> 0.0049947534
A40: ='30N2'!A40 -> 30/0 | B40: =Data!C155 -> 4.950477e-08 | C40: =Data!D155 -> 3.487987e-10 | D40: =C40-(B40*H$22+H$21) -> -2.438957e-13 | E40: =A$1*D40/A$2 -> -0.0021877482
B41: =Data!C156 -> 4.943274e-08 | C41: =Data!D156 -> 3.482881e-10 | D41: =C41-(B41*H$22+H$21) -> -2.5061403e-13 | E41: =A$1*D41/A$2 -> -0.0022480116
B42: =Data!C157 -> 4.950727e-08 | C42: =Data!D157 -> 3.489865e-10 | D42: =C42-(B42*H$22+H$21) -> -7.3584308e-14 | E42: =A$1*D42/A$2 -> -0.00066005236
A43: ='30N2'!A31 -> 20/0 | B43: =Data!C212 -> 5.793247e-08 | C43: =Data!D212 -> 4.085166e-10 | D43: =C43-(B43*H$22+H$21) -> 5.1851934e-13 | E43: =A$1*D43/A$2 -> 0.0046511264
B44: =Data!C213 -> 5.786401e-08 | C44: =Data!D213 -> 4.091503e-10 | D44: =C44-(B44*H$22+H$21) -> 1.6311273e-12 | E44: =A$1*D44/A$2 -> 0.014631237
B45: =Data!C214 -> 5.793428e-08 | C45: =Data!D214 -> 4.088408e-10 | D45: =C45-(B45*H$22+H$21) -> 8.3005759e-13 | E45: =A$1*D45/A$2 -> 0.0074456292
A46: ='30N2'!A34 -> 30/0 | B46: =Data!C215 -> 4.939843e-08 | C46: =Data!D215 -> 3.495651e-10 | D46: =C46-(B46*H$22+H$21) -> 1.2663996e-12 | E46: =A$1*D46/A$2 -> 0.011359623
B47: =Data!C216 -> 4.939745e-08 | C47: =Data!D216 -> 3.489097e-10 | D47: =C47-(B47*H$22+H$21) -> 6.1785511e-13 | E47: =A$1*D47/A$2 -> 0.0055421697
B48: =Data!C217 -> 4.940638e-08 | C48: =Data!D217 -> 3.482959e-10 | D48: =C48-(B48*H$22+H$21) -> -5.8414184e-14 | E48: =A$1*D48/A$2 -> -0.00052397611
A49: ='30N2'!A37 -> 20/0 | B49: =Data!C218 -> 5.791574e-08 | C49: =Data!D218 -> 4.079245e-10 | D49: =C49-(B49*H$22+H$21) -> 4.3453085e-14 | E49: =A$1*D49/A$2 -> 0.00038977483
B50: =Data!C219 -> 5.792614e-08 | C50: =Data!D219 -> 4.067729e-10 | D50: =C50-(B50*H$22+H$21) -> -1.1808995e-12 | E50: =A$1*D50/A$2 -> -0.010592687
B51: =Data!C220 -> 5.788453e-08 | C51: =Data!D220 -> 4.076234e-10 | D51: =C51-(B51*H$22+H$21) -> -3.9319176e-14 | E51: =A$1*D51/A$2 -> -0.00035269361
A52: ='30N2'!A40 -> 30/0 | B52: =Data!C221 -> 4.940119e-08 | C52: =Data!D221 -> 3.481965e-10 | D52: =C52-(B52*H$22+H$21) -> -1.2150784e-13 | E52: =A$1*D52/A$2 -> -0.0010899272
B53: =Data!C222 -> 4.937826e-08 | C53: =Data!D222 -> 3.476681e-10 | D53: =C53-(B53*H$22+H$21) -> -4.8950236e-13 | E53: =A$1*D53/A$2 -> -0.0043908436
B54: =Data!C223 -> 4.939024e-08 | C54: =Data!D223 -> 3.483354e-10 | D54: =C54-(B54*H$22+H$21) -> 9.3992247e-14 | E54: =A$1*D54/A$2 -> 0.00084311188
A55: ='30N2'!A55 -> 051221-LS-WM-5m-To | B55: =Data!C20 -> 8.369335e-08 | C55: =Data!D20 -> 5.885065e-10 | D55: =C55-(B55*H$22+H$21) -> 2.996823e-13 | E55: =A$1*D55/A$2 -> 0.0026881547 | F55: =AVERAGE(E55:E57) -> 0.0030978074
B56: =Data!C21 -> 8.366315e-08 | C56: =Data!D21 -> 5.894184e-10 | D56: =C56-(B56*H$22+H$21) -> 1.4228446e-12 | E56: =A$1*D56/A$2 -> 0.012762938
B57: =Data!C22 -> 8.368348e-08 | C57: =Data!D22 -> 5.874513e-10 | D57: =C57-(B57*H$22+H$21) -> -6.8647269e-13 | E57: =A$1*D57/A$2 -> -0.0061576705
A58: ='30N2'!A58 -> 051221-LS-WM-5m-To | B58: =Data!C23 -> 8.772465e-08 | C58: =Data!D23 -> 6.163563e-10 | D58: =C58-(B58*H$22+H$21) -> -5.1242279e-14 | E58: =A$1*D58/A$2 -> -0.00045964402 | F58: =AVERAGE(E58:E60) -> 0.0022345602
B59: =Data!C24 -> 8.776044e-08 | C59: =Data!D24 -> 6.175508e-10 | D59: =C59-(B59*H$22+H$21) -> 8.9289086e-13 | E59: =A$1*D59/A$2 -> 0.0080092445
B60: =Data!C25 -> 8.769108e-08 | C60: =Data!D25 -> 6.160784e-10 | D60: =C60-(B60*H$22+H$21) -> -9.4305297e-14 | E60: =A$1*D60/A$2 -> -0.00084591994
A61: ='30N2'!A61 -> 051221-LS-WM-35m-To | B61: =Data!C26 -> 9.918642e-08 | C61: =Data!D26 -> 6.715734e-10 | D61: =C61-(B61*H$22+H$21) -> -2.5014287e-11 | E61: =A$1*D61/A$2 -> -0.22437854 | F61: =AVERAGE(E61:E63) -> -0.21919975
B62: =Data!C27 -> 9.90812e-08 | C62: =Data!D27 -> 6.724103e-10 | D62: =C62-(B62*H$22+H$21) -> -2.3441327e-11 | E62: =A$1*D62/A$2 -> -0.21026906
B63: =Data!C28 -> 9.915436e-08 | C63: =Data!D28 -> 6.715082e-10 | D63: =C63-(B63*H$22+H$21) -> -2.4855214e-11 | E63: =A$1*D63/A$2 -> -0.22295164
A64: ='30N2'!A64 -> 051221-LS-WM-35m-To | B64: =Data!C29 -> 8.274705e-08 | C64: =Data!D29 -> 5.821241e-10 | D64: =C64-(B64*H$22+H$21) -> 5.3706888e-13 | E64: =A$1*D64/A$2 -> 0.004817516 | F64: =AVERAGE(E64:E66) -> 0.0036999798
B65: =Data!C30 -> 8.263995e-08 | C65: =Data!D30 -> 5.804103e-10 | D65: =C65-(B65*H$22+H$21) -> -4.275193e-13 | E65: =A$1*D65/A$2 -> -0.0038348546
B66: =Data!C31 -> 8.257612e-08 | C66: =Data!D31 -> 5.815192e-10 | D66: =C66-(B66*H$22+H$21) -> 1.1278998e-12 | E66: =A$1*D66/A$2 -> 0.010117278
A67: ='30N2'!A67 -> 051221-LS-WM-163m-To | B67: =Data!C32 -> 8.32091e-08 | C67: =Data!D32 -> 5.844462e-10 | D67: =C67-(B67*H$22+H$21) -> -3.7307501e-13 | E67: =A$1*D67/A$2 -> -0.0033464885 | F67: =AVERAGE(E67:E69) -> -0.0099835949
B68: =Data!C33 -> 8.319522e-08 | C68: =Data!D33 -> 5.830397e-10 | D68: =C68-(B68*H$22+H$21) -> -1.6824783e-12 | E68: =A$1*D68/A$2 -> -0.015091856
B69: =Data!C34 -> 8.315403e-08 | C69: =Data!D34 -> 5.831506e-10 | D69: =C69-(B69*H$22+H$21) -> -1.283436e-12 | E69: =A$1*D69/A$2 -> -0.011512441
A70: ='30N2'!A70 -> 051221-LS-WM-163m-To | B70: =Data!C35 -> 8.286748e-08 | C70: =Data!D35 -> 5.81196e-10 | D70: =C70-(B70*H$22+H$21) -> -1.2334922e-12 | E70: =A$1*D70/A$2 -> -0.011064444 | F70: =AVERAGE(E70:E72) -> -0.0035654028
B71: =Data!C36 -> 8.282901e-08 | C71: =Data!D36 -> 5.823343e-10 | D71: =C71-(B71*H$22+H$21) -> 1.7392247e-13 | E71: =A$1*D71/A$2 -> 0.0015600872
B72: =Data!C37 -> 8.278225e-08 | C72: =Data!D37 -> 5.817004e-10 | D72: =C72-(B72*H$22+H$21) -> -1.3287067e-13 | E72: =A$1*D72/A$2 -> -0.0011918519
A73: ='30N2'!A73 -> 051321-LS-WM-5m-Tf | B73: =Data!C38 -> 8.191422e-08 | C73: =Data!D38 -> 5.757809e-10 | D73: =C73-(B73*H$22+H$21) -> 1.9882685e-14 | E73: =A$1*D73/A$2 -> 0.00017834799 | F73: =AVERAGE(E73:E75) -> 0.0055003231
B74: =Data!C39 -> 8.181505e-08 | C74: =Data!D39 -> 5.764165e-10 | D74: =C74-(B74*H$22+H$21) -> 1.3492206e-12 | E74: =A$1*D74/A$2 -> 0.01210253
B75: =Data!C40 -> 8.189531e-08 | C75: =Data!D40 -> 5.760992e-10 | D75: =C75-(B75*H$22+H$21) -> 4.7046649e-13 | E75: =A$1*D75/A$2 -> 0.0042200915
A76: ='30N2'!A76 -> 051321-LS-WM-5m-Tf | B76: =Data!C41 -> 8.141865e-08 | C76: =Data!D41 -> 5.702153e-10 | D76: =C76-(B76*H$22+H$21) -> -2.0789862e-12 | E76: =A$1*D76/A$2 -> -0.018648538 | F76: =AVERAGE(E76:E78) -> -0.0064090543
B77: =Data!C42 -> 8.123205e-08 | C77: =Data!D42 -> 5.712569e-10 | D77: =C77-(B77*H$22+H$21) -> 2.6796323e-13 | E77: =A$1*D77/A$2 -> 0.0024036342
B78: =Data!C43 -> 8.131914e-08 | C78: =Data!D43 -> 5.712657e-10 | D78: =C78-(B78*H$22+H$21) -> -3.324698e-13 | E78: =A$1*D78/A$2 -> -0.0029822592
A79: ='30N2'!A79 -> 051321-LS-WM-35m-Tf | B79: =Data!C44 -> 8.365682e-08 | C79: =Data!D44 -> 5.860307e-10 | D79: =C79-(B79*H$22+H$21) -> -1.9205742e-12 | E79: =A$1*D79/A$2 -> -0.01722758 | F79: =AVERAGE(E79:E81) -> -0.01455513
B80: =Data!C45 -> 8.366891e-08 | C80: =Data!D45 -> 5.86553e-10 | D80: =C80-(B80*H$22+H$21) -> -1.4828491e-12 | E80: =A$1*D80/A$2 -> -0.013301179
B81: =Data!C46 -> 8.367638e-08 | C81: =Data!D46 -> 5.866236e-10 | D81: =C81-(B81*H$22+H$21) -> -1.4645051e-12 | E81: =A$1*D81/A$2 -> -0.013136633
A82: ='30N2'!A82 -> 051321-LS-WM-35m-Tf | B82: =Data!C47 -> 8.103729e-08 | C82: =Data!D47 -> 5.686254e-10 | D82: =C82-(B82*H$22+H$21) -> -1.0011045e-12 | E82: =A$1*D82/A$2 -> -0.0089799228 | F82: =AVERAGE(E82:E84) -> 0.0022383575
B83: =Data!C48 -> 8.096248e-08 | C83: =Data!D48 -> 5.707191e-10 | D83: =C83-(B83*H$22+H$21) -> 1.6159245e-12 | E83: =A$1*D83/A$2 -> 0.014494867
B84: =Data!C49 -> 8.103243e-08 | C84: =Data!D49 -> 5.697263e-10 | D84: =C84-(B84*H$22+H$21) -> 1.3379332e-13 | E84: =A$1*D84/A$2 -> 0.0012001281
A85: ='30N2'!A85 -> 051321-LS-WM-163m-Tf | B85: =Data!C50 -> 8.147295e-08 | C85: =Data!D50 -> 5.714353e-10 | D85: =C85-(B85*H$22+H$21) -> -1.2388387e-12 | E85: =A$1*D85/A$2 -> -0.011112402 | F85: =AVERAGE(E85:E87) -> -0.0025800294
B86: =Data!C51 -> 8.152301e-08 | C86: =Data!D51 -> 5.736868e-10 | D86: =C86-(B86*H$22+H$21) -> 6.6246948e-13 | E86: =A$1*D86/A$2 -> 0.0059423612
B87: =Data!C52 -> 8.151536e-08 | C87: =Data!D52 -> 5.726843e-10 | D87: =C87-(B87*H$22+H$21) -> -2.8651539e-13 | E87: =A$1*D87/A$2 -> -0.0025700474
A88: ='30N2'!A88 -> 051321-LS-WM-163m-Tf | B88: =Data!C53 -> 9.053631e-08 | C88: =Data!D53 -> 6.347189e-10 | D88: =C88-(B88*H$22+H$21) -> -1.3574462e-12 | E88: =A$1*D88/A$2 -> -0.012176313 | F88: =AVERAGE(E88:E90) -> 0.00064844289
B89: =Data!C54 -> 9.051502e-08 | C89: =Data!D54 -> 6.366246e-10 | D89: =C89-(B89*H$22+H$21) -> 6.9718675e-13 | E89: =A$1*D89/A$2 -> 0.0062537758
B90: =Data!C55 -> 9.050029e-08 | C90: =Data!D55 -> 6.367015e-10 | D90: =C90-(B90*H$22+H$21) -> 8.7712961e-13 | E90: =A$1*D90/A$2 -> 0.0078678659
A91: ='30N2'!A91 -> 051321-LS-SB-5m-To | B91: =Data!C62 -> 7.839309e-08 | C91: =Data!D62 -> 5.505617e-10 | D91: =C91-(B91*H$22+H$21) -> -5.6745729e-13 | E91: =A$1*D91/A$2 -> -0.0050901005 | F91: =AVERAGE(E91:E93) -> -0.0065352826
B92: =Data!C63 -> 7.838014e-08 | C92: =Data!D63 -> 5.510485e-10 | D92: =C92-(B92*H$22+H$21) -> 9.9336815e-15 | E92: =A$1*D92/A$2 -> 8.9105274e-05
B93: =Data!C64 -> 7.844823e-08 | C93: =Data!D64 -> 5.498867e-10 | D93: =C93-(B93*H$22+H$21) -> -1.628186e-12 | E93: =A$1*D93/A$2 -> -0.014604853
A94: ='30N2'!A94 -> 051321-LS-SB-5m-To | B94: =Data!C65 -> 7.781691e-08 | C94: =Data!D65 -> 5.466164e-10 | D94: =C94-(B94*H$22+H$21) -> -4.8212363e-13 | E94: =A$1*D94/A$2 -> -0.0043246562 | F94: =AVERAGE(E94:E96) -> -0.005166522
B95: =Data!C66 -> 7.785042e-08 | C95: =Data!D66 -> 5.474882e-10 | D95: =C95-(B95*H$22+H$21) -> 1.5525912e-13 | E95: =A$1*D95/A$2 -> 0.0013926766
B96: =Data!C67 -> 7.782728e-08 | C96: =Data!D67 -> 5.4577e-10 | D96: =C96-(B96*H$22+H$21) -> -1.4010664e-12 | E96: =A$1*D96/A$2 -> -0.012567586
A97: ='30N2'!A97 -> 051321-LS-SB-33m-To | B97: =Data!C68 -> 7.973656e-08 | C97: =Data!D68 -> 5.615994e-10 | D97: =C97-(B97*H$22+H$21) -> 1.0720765e-12 | E97: =A$1*D97/A$2 -> 0.0096165425 | F97: =AVERAGE(E97:E99) -> 0.0014917107
B98: =Data!C69 -> 7.968012e-08 | C98: =Data!D69 -> 5.608533e-10 | D98: =C98-(B98*H$22+H$21) -> 7.2079924e-13 | E98: =A$1*D98/A$2 -> 0.0064655801
B99: =Data!C70 -> 7.975122e-08 | C99: =Data!D70 -> 5.593359e-10 | D99: =C99-(B99*H$22+H$21) -> -1.2939767e-12 | E99: =A$1*D99/A$2 -> -0.01160699
A100: ='30N2'!A100 -> 051321-LS-SB-33m-To | B100: =Data!C71 -> 7.956321e-08 | C100: =Data!D71 -> 5.578624e-10 | D100: =C100-(B100*H$22+H$21) -> -1.4522637e-12 | E100: =A$1*D100/A$2 -> -0.013026827 | F100: =AVERAGE(E100:E102) -> 0.0034579515
B101: =Data!C72 -> 7.96161e-08 | C101: =Data!D72 -> 5.612341e-10 | D101: =C101-(B101*H$22+H$21) -> 1.5494474e-12 | E101: =A$1*D101/A$2 -> 0.013898567
B102: =Data!C73 -> 7.961882e-08 | C102: =Data!D73 -> 5.60763e-10 | D102: =C102-(B102*H$22+H$21) -> 1.0593198e-12 | E102: =A$1*D102/A$2 -> 0.0095021148
...
