Workbook

Sheet Data
A1: 052121-Lake Superior-Cores+Respirations-May2021
A6: Sample | B6: Time | C6: N2 | D6: O2 | E6: Ar | F6: N2_Ar | G6: O2_Ar | H6: Time
A8: 20 | B8: 0.54027778 | C8: 1.690634e-10 | D8: 7.996655e-11 | E8: 6.329942e-12 | F8: 26.70852 | G8: 12.63306 | H8: =M8-M$8 -> 0 | I8: 0.46233796 | J8: 10 | K8: 16 | L8: 43 | M8: =J8*60+K8+L8/60 -> 616.71667
A9: 20 | B9: 0.54042824 | C9: 1.689836e-10 | D9: 7.998829e-11 | E9: 6.329542e-12 | F9: 26.69761 | G9: 12.63729 | H9: =M9-M$8 -> 0.13333333 | I9: 0.46243056 | J9: 10 | K9: 16 | L9: 51 | M9: =J9*60+K9+L9/60 -> 616.85
A10: 20 | B10: 0.54047454 | C10: 1.689786e-10 | D10: 7.99964e-11 | E10: 6.328629e-12 | F10: 26.70067 | G10: 12.6404 | H10: =M10-M$8 -> 0.3 | I10: 0.46253472 | J10: 10 | K10: 17 | L10: 1 | M10: =J10*60+K10+L10/60 -> 617.01667
A11: 30 | B11: 0.54293981 | C11: 1.464004e-10 | D11: 6.847302e-11 | E11: 5.361757e-12 | F11: 27.30455 | G11: 12.77063 | H11: =M11-M$8 -> 5.0833333 | I11: 0.46653935 | J11: 10 | K11: 21 | L11: 48 | M11: =J11*60+K11+L11/60 -> 621.8
A12: 30 | B12: 0.54299769 | C12: 1.463889e-10 | D12: 6.846379e-11 | E12: 5.362715e-12 | F12: 27.29753 | G12: 12.76663 | H12: =M12-M$8 -> 5.2166667 | I12: 0.46664352 | J12: 10 | K12: 21 | L12: 56 | M12: =J12*60+K12+L12/60 -> 621.93333
A13: 30 | B13: 0.54326389 | C13: 1.462323e-10 | D13: 6.839896e-11 | E13: 5.355685e-12 | F13: 27.30412 | G13: 12.77128 | H13: =M13-M$8 -> 5.35 | I13: 0.46677083 | J13: 10 | K13: 22 | L13: 4 | M13: =J13*60+K13+L13/60 -> 622.06667
A14: Hardwoods_IN_T1_1 | B14: 0.54819444 | C14: 1.703647e-10 | D14: 6.002009e-11 | E14: 6.348015e-12 | F14: 26.83747 | G14: 9.454938 | H14: =M14-M$8 -> 9.6833333 | I14: 0.46967593 | J14: 10 | K14: 26 | L14: 24 | M14: =J14*60+K14+L14/60 -> 626.4
A15: Hardwoods_IN_T1_2 | B15: 0.54829861 | C15: 1.703934e-10 | D15: 6.002097e-11 | E15: 6.350166e-12 | F15: 26.8329 | G15: 9.451875 | H15: =M15-M$8 -> 9.8166667 | I15: 0.46969907 | J15: 10 | K15: 26 | L15: 32 | M15: =J15*60+K15+L15/60 -> 626.53333
A16: Hardwoods_IN_T1_3 | B16: 0.54835648 | C16: 1.704076e-10 | D16: 6.001982e-11 | E16: 6.352163e-12 | F16: 26.8267 | G16: 9.448721 | H16: =M16-M$8 -> 10.033333 | I16: 0.46976852 | J16: 10 | K16: 26 | L16: 45 | M16: =J16*60+K16+L16/60 -> 626.75
A17: Hardwoods_13_T1_1 | B17: 0.55128472 | C17: 1.682895e-10 | D17: 4.941083e-11 | E17: 6.275724e-12 | F17: 26.81594 | G17: 7.873327 | H17: =M17-M$8 -> 16.416667 | I17: 0.47162037 | J17: 10 | K17: 33 | L17: 8 | M17: =J17*60+K17+L17/60 -> 633.13333
A18: Hardwoods_13_T1_2 | B18: 0.55138889 | C18: 1.683322e-10 | D18: 4.940059e-11 | E18: 6.277455e-12 | F18: 26.81536 | G18: 7.869526 | H18: =M18-M$8 -> 16.55 | I18: 0.47168981 | J18: 10 | K18: 33 | L18: 16 | M18: =J18*60+K18+L18/60 -> 633.26667
A19: Hardwoods_13_T1_3 | B19: 0.5515162 | C19: 1.683272e-10 | D19: 4.938328e-11 | E19: 6.276681e-12 | F19: 26.81787 | G19: 7.867737 | H19: =M19-M$8 -> 16.683333 | I19: 0.47184028 | J19: 10 | K19: 33 | L19: 24 | M19: =J19*60+K19+L19/60 -> 633.4
A20: Hardwoods_14_T1_1 | B20: 0.55454861 | C20: 1.678446e-10 | D20: 5.783908e-11 | E20: 6.259296e-12 | F20: 26.81525 | G20: 9.240508 | H20: =M20-M$8 -> 22.2 | I20: 0.47496528 | J20: 10 | K20: 38 | L20: 55 | M20: =J20*60+K20+L20/60 -> 638.91667
A21: Hardwoods_14_T1_2 | B21: 0.5547338 | C21: 1.678652e-10 | D21: 5.785856e-11 | E21: 6.26218e-12 | F21: 26.8062 | G21: 9.239364 | H21: =M21-M$8 -> 22.333333 | I21: 0.47513889 | J21: 10 | K21: 39 | L21: 3 | M21: =J21*60+K21+L21/60 -> 639.05
A22: Hardwoods_14_T1_3 | B22: 0.55480324 | C22: 1.678641e-10 | D22: 5.786206e-11 | E22: 6.262415e-12 | F22: 26.80501 | G22: 9.239575 | H22: =M22-M$8 -> 22.466667 | I22: 0.47533565 | J22: 10 | K22: 39 | L22: 11 | M22: =J22*60+K22+L22/60 -> 639.18333
A23: 20 | B23: 0.55832176 | C23: 1.668713e-10 | D23: 7.890976e-11 | E23: 6.251678e-12 | F23: 26.69224 | G23: 12.62217 | H23: =M23-M$8 -> 28.716667 | I23: 0.47762731 | J23: 10 | K23: 45 | L23: 26 | M23: =J23*60+K23+L23/60 -> 645.43333
A24: 20 | B24: 0.55844907 | C24: 1.66814e-10 | D24: 7.891462e-11 | E24: 6.248129e-12 | F24: 26.69823 | G24: 12.63012 | H24: =M24-M$8 -> 28.8 | I24: 0.47770833 | J24: 10 | K24: 45 | L24: 31 | M24: =J24*60+K24+L24/60 -> 645.51667
A25: 20 | B25: 0.55849537 | C25: 1.667948e-10 | D25: 7.891983e-11 | E25: 6.246936e-12 | F25: 26.70026 | G25: 12.63337 | H25: =M25-M$8 -> 29.016667 | I25: 0.47782407 | J25: 10 | K25: 45 | L25: 44 | M25: =J25*60+K25+L25/60 -> 645.73333
A26: 30 | B26: 0.5608912 | C26: 1.449711e-10 | D26: 6.76494e-11 | E26: 5.302363e-12 | F26: 27.34084 | G26: 12.75835 | H26: =M26-M$8 -> 35.483333 | I26: 0.48113426 | J26: 10 | K26: 52 | L26: 12 | M26: =J26*60+K26+L26/60 -> 652.2
A27: 30 | B27: 0.56115741 | C27: 1.447126e-10 | D27: 6.754768e-11 | E27: 5.295215e-12 | F27: 27.32894 | G27: 12.75636 | H27: =M27-M$8 -> 35.616667 | I27: 0.48121528 | J27: 10 | K27: 52 | L27: 20 | M27: =J27*60+K27+L27/60 -> 652.33333
A28: 30 | B28: 0.56127315 | C28: 1.446565e-10 | D28: 6.75252e-11 | E28: 5.293078e-12 | F28: 27.32938 | G28: 12.75726 | H28: =M28-M$8 -> 35.7 | I28: 0.4812963 | J28: 10 | K28: 52 | L28: 25 | M28: =J28*60+K28+L28/60 -> 652.41667

Sheet Regs
A1: 20/0 N2 | D1: SUMMARY OUTPUT
A3: N2/Ar | B3: time(min) | D3: Regression Statistics
A4: =Data!F8 -> 26.70852 | B4: =Data!H8 -> 0 | D4: Multiple R | E4: 0.55214209
A5: =Data!F9 -> 26.69761 | B5: =Data!H9 -> 0.13333333 | D5: R Square | E5: 0.30486088
A6: =Data!F10 -> 26.70067 | B6: =Data!H10 -> 0.3 | D6: Adjusted R Square | E6: 0.13107611
A7: =Data!F23 -> 26.69224 | B7: =Data!H23 -> 28.716667 | D7: Standard Error | E7: 0.004952796
A8: =Data!F24 -> 26.69823 | B8: =Data!H24 -> 28.8 | D8: Observations | E8: 6
A9: =Data!F25 -> 26.70026 | B9: =Data!H25 -> 29.016667
A10: =Data!#REF! -> #REF! | B10: =Data!#REF! -> #REF! | D10: ANOVA
A11: =Data!#REF! -> #REF! | B11: =Data!#REF! -> #REF! | E11: df | F11: SS | G11: MS | H11: F | I11: Significance F
A12: =Data!#REF! -> #REF! | B12: =Data!#REF! -> #REF! | D12: Regression | E12: 1 | F12: 4.3031932e-05 | G12: 4.3031932e-05 | H12: 1.7542439 | I12: 0.25595013
A13: =Data!#REF! -> #REF! | B13: =Data!#REF! -> #REF! | D13: Residual | E13: 4 | F13: 9.8120751e-05 | G13: 2.4530188e-05
A14: =Data!#REF! -> #REF! | B14: =Data!#REF! -> #REF! | D14: Total | E14: 5 | F14: 0.00014115268
A15: =Data!#REF! -> #REF! | B15: =Data!#REF! -> #REF!
A16: =Data!#REF! -> #REF! | B16: =Data!#REF! -> #REF! | E16: Coefficients | F16: Standard Error | G16: t Stat | H16: P-value | I16: Lower 95% | J16: Upper 95% | K16: Lower 95.0% | L16: Upper 95.0%
A17: =Data!#REF! -> #REF! | B17: =Data!#REF! -> #REF! | D17: Intercept | E17: 26.702293 | F17: 0.002873871 | G17: 9291.4029 | H17: 8.0505593e-16 | I17: 26.694314 | J17: 26.710272 | K17: 26.694314 | L17: 26.710272
A18: =Data!#REF! -> #REF! | B18: =Data!#REF! -> #REF! | D18: X Variable 1 | E18: -0.00018661714 | F18: 0.00014089856 | G18: -1.3244787 | H18: 0.25595013 | I18: -0.00057781424 | J18: 0.00020457997 | K18: -0.00057781424 | L18: 0.00020457997
B19: =Data!#REF! -> #REF!
B20: =Data!#REF! -> #REF!
B21: =Data!#REF! -> #REF!
B22: =Data!#REF! -> #REF!
B23: =Data!#REF! -> #REF!
B24: =Data!#REF! -> #REF!
A28: =Data!C145/Data!F145 -> #DIV/0! | B28: =Data!H220 -> 0
A29: =Data!C146/Data!F146 -> #DIV/0! | B29: =Data!H221 -> 0
A30: =Data!C147/Data!F147 -> #DIV/0! | B30: =Data!H222 -> 0
A31: =Data!C271/Data!F271 -> #DIV/0! | B31: =Data!H346 -> 0
A32: =Data!C272/Data!F272 -> #DIV/0! | B32: =Data!H347 -> 0
A33: =Data!C273/Data!F273 -> #DIV/0! | B33: =Data!H348 -> 0
A34: =Data!C337/Data!F337 -> #DIV/0! | B34: =Data!H412 -> 0
A35: =Data!C338/Data!F338 -> #DIV/0! | B35: =Data!H413 -> 0
A36: =Data!C339/Data!F339 -> #DIV/0! | B36: =Data!H414 -> 0
A37: =Data!C343/Data!F343 -> #DIV/0! | B37: =Data!H418 -> 0
A38: =Data!C344/Data!F344 -> #DIV/0! | B38: =Data!H419 -> 0
A39: =Data!C345/Data!F345 -> #DIV/0! | B39: =Data!H420 -> 0
A41: 30/0 N2 | D41: SUMMARY OUTPUT
A43: N2/Ar | B43: time(min) | D43: Regression Statistics
A44: =Data!#REF!/Data!#REF! -> #REF! | B44: =Data!H11 -> 5.0833333 | D44: Multiple R | E44: 0.44806265
A45: =Data!#REF!/Data!#REF! -> #REF! | B45: =Data!H12 -> 5.2166667 | D45: R Square | E45: 0.20076013
A46: =Data!#REF!/Data!#REF! -> #REF! | B46: =Data!H13 -> 5.35 | D46: Adjusted R Square | E46: 0.16443105
A47: =Data!#REF!/Data!#REF! -> #REF! | B47: =Data!H17 -> 16.416667 | D47: Standard Error | E47: 0.077765522
A48: =Data!#REF!/Data!#REF! -> #REF! | B48: =Data!H18 -> 16.55 | D48: Observations | E48: 24
A49: =Data!#REF!/Data!#REF! -> #REF! | B49: =Data!H19 -> 16.683333
A50: =Data!#REF!/Data!#REF! -> #REF! | B50: =Data!#REF! -> #REF! | D50: ANOVA
A51: =Data!#REF!/Data!#REF! -> #REF! | B51: =Data!#REF! -> #REF! | E51: df | F51: SS | G51: MS | H51: F | I51: Significance F
A52: =Data!#REF!/Data!#REF! -> #REF! | B52: =Data!#REF! -> #REF! | D52: Regression | E52: 1 | F52: 0.033419289 | G52: 0.033419289 | H52: 5.5261545 | I52: 0.028108273
A53: =Data!C14/Data!F14 -> 6.3480164e-12 | B53: =Data!#REF! -> #REF! | D53: Residual | E53: 22 | F53: 0.13304448 | G53: 0.0060474764
A54: =Data!C15/Data!F15 -> 6.3501671e-12 | B54: =Data!#REF! -> #REF! | D54: Total | E54: 23 | F54: 0.16646377
A55: =Data!C16/Data!F16 -> 6.3521641e-12 | B55: =Data!#REF! -> #REF!
A56: =Data!C20/Data!F20 -> 6.2592965e-12 | B56: =Data!#REF! -> #REF! | E56: Coefficients | F56: Standard Error | G56: t Stat | H56: P-value | I56: Lower 95% | J56: Upper 95% | K56: Lower 95.0% | L56: Upper 95.0%
A57: =Data!C21/Data!F21 -> 6.2621782e-12 | B57: =Data!#REF! -> #REF! | D57: Intercept | E57: 51.275 | F57: 0.025762051 | G57: 1990.3306 | H57: 2.6065397e-59 | I57: 51.221572 | J57: 51.328427 | K57: 51.221572 | L57: 51.328427
A58: =Data!C22/Data!F22 -> 6.2624151e-12 | B58: =Data!#REF! -> #REF! | D58: X Variable 1 | E58: 0.00026778935 | F58: 0.00011391523 | G58: 2.3507774 | H58: 0.028108273 | I58: 3.1543623e-05 | J58: 0.00050403508 | K58: 3.1543623e-05 | L58: 0.00050403508
A59: =Data!#REF!/Data!#REF! -> #REF! | B59: =Data!#REF! -> #REF!
A60: =Data!#REF!/Data!#REF! -> #REF! | B60: =Data!#REF! -> #REF!
A61: =Data!#REF!/Data!#REF! -> #REF! | B61: =Data!#REF! -> #REF!
A62: =Data!#REF!/Data!#REF! -> #REF! | B62: =Data!#REF! -> #REF!
A63: =Data!#REF!/Data!#REF! -> #REF! | B63: =Data!#REF! -> #REF!
A64: =Data!#REF!/Data!#REF! -> #REF! | B64: =Data!#REF! -> #REF!
A65: =Data!#REF!/Data!#REF! -> #REF! | B65: =Data!#REF! -> #REF!
A66: =Data!#REF!/Data!#REF! -> #REF! | B66: =Data!#REF! -> #REF!
A67: =Data!#REF!/Data!#REF! -> #REF! | B67: =Data!#REF! -> #REF!
A68: =Data!C148/Data!F148 -> #DIV/0! | B68: =Data!H223 -> 0
A69: =Data!C149/Data!F149 -> #DIV/0! | B69: =Data!H224 -> 0
A70: =Data!C150/Data!F150 -> #DIV/0! | B70: =Data!H225 -> 0
A71: =Data!C274/Data!F274 -> #DIV/0! | B71: =Data!H349 -> 0
A72: =Data!C275/Data!F275 -> #DIV/0! | B72: =Data!H350 -> 0
A73: =Data!C276/Data!F276 -> #DIV/0! | B73: =Data!H351 -> 0
A74: =Data!C340/Data!F340 -> #DIV/0! | B74: =Data!H415 -> 0
A75: =Data!C341/Data!F341 -> #DIV/0! | B75: =Data!H416 -> 0
A76: =Data!C342/Data!F342 -> #DIV/0! | B76: =Data!H417 -> 0
A77: =Data!C346/Data!F346 -> #DIV/0! | B77: =Data!H421 -> 0
A78: =Data!C347/Data!F347 -> #DIV/0! | B78: =Data!H422 -> 0
A79: =Data!C348/Data!F348 -> #DIV/0! | B79: =Data!H423 -> 0
A81: 20/0 O2 | D81: SUMMARY OUTPUT
A83: O2/Ar | B83: Time(min) | D83: Regression Statistics
A84: =Data!#REF!/Data!#REF! -> #REF! | B84: =Data!H8 -> 0 | D84: Multiple R | E84: 0.047939097
A85: =Data!#REF!/Data!#REF! -> #REF! | B85: =Data!H9 -> 0.13333333 | D85: R Square | E85: 0.002298157
A86: =Data!#REF!/Data!#REF! -> #REF! | B86: =Data!H10 -> 0.3 | D86: Adjusted R Square | E86: -0.043051927
A87: =Data!#REF!/Data!#REF! -> #REF! | B87: =Data!H14 -> 9.6833333 | D87: Standard Error | E87: 0.056283918
A88: =Data!#REF!/Data!#REF! -> #REF! | B88: =Data!H15 -> 9.8166667 | D88: Observations | E88: 24
A89: =Data!#REF!/Data!#REF! -> #REF! | B89: =Data!H16 -> 10.033333
A90: =Data!#REF!/Data!#REF! -> #REF! | B90: =Data!#REF! -> #REF! | D90: ANOVA
A91: =Data!#REF!/Data!#REF! -> #REF! | B91: =Data!#REF! -> #REF! | E91: df | F91: SS | G91: MS | H91: F | I91: Significance F
A92: =Data!#REF!/Data!#REF! -> #REF! | B92: =Data!#REF! -> #REF! | D92: Regression | E92: 1 | F92: 0.00016053519 | G92: 0.00016053519 | H92: 0.050675915 | I92: 0.82396916
A93: =Data!G11/Data!F11 -> 0.46771069 | B93: =Data!#REF! -> #REF! | D93: Residual | E93: 22 | F93: 0.069693347 | G93: 0.0031678794
A94: =Data!G12/Data!F12 -> 0.46768444 | B94: =Data!#REF! -> #REF! | D94: Total | E94: 23 | F94: 0.069853882
A95: =Data!G13/Data!F13 -> 0.46774186 | B95: =Data!#REF! -> #REF!
A96: =Data!G17/Data!F17 -> 0.29360623 | B96: =Data!#REF! -> #REF! | E96: Coefficients | F96: Standard Error | G96: t Stat | H96: P-value | I96: Lower 95% | J96: Upper 95% | K96: Lower 95.0% | L96: Upper 95.0%
A97: =Data!G18/Data!F18 -> 0.29347083 | B97: =Data!#REF! -> #REF! | D97: Intercept | E97: 24.408931 | F97: 0.018270073 | G97: 1336.0062 | H97: 1.6772655e-55 | I97: 24.371041 | J97: 24.446821 | K97: 24.371041 | L97: 24.446821
A98: =Data!G19/Data!F19 -> 0.29337666 | B98: =Data!#REF! -> #REF! | D98: X Variable 1 | E98: -1.8582266e-05 | F98: 8.2546349e-05 | G98: -0.22511312 | H98: 0.82396916 | I98: -0.00018977292 | J98: 0.00015260838 | K98: -0.00018977292 | L98: 0.00015260838
A99: =Data!#REF!/Data!#REF! -> #REF! | B99: =Data!#REF! -> #REF!
A100: =Data!#REF!/Data!#REF! -> #REF! | B100: =Data!#REF! -> #REF!
A101: =Data!#REF!/Data!#REF! -> #REF! | B101: =Data!#REF! -> #REF!
A102: =Data!#REF!/Data!#REF! -> #REF! | B102: =Data!#REF! -> #REF!
A103: =Data!#REF!/Data!#REF! -> #REF! | B103: =Data!#REF! -> #REF!
A104: =Data!#REF!/Data!#REF! -> #REF! | B104: =Data!#REF! -> #REF!
A105: =Data!#REF!/Data!#REF! -> #REF! | B105: =Data!#REF! -> #REF!
A106: =Data!#REF!/Data!#REF! -> #REF! | B106: =Data!#REF! -> #REF!
A107: =Data!#REF!/Data!#REF! -> #REF! | B107: =Data!#REF! -> #REF!
A108: =Data!G145/Data!F145 -> #DIV/0! | B108: =Data!H220 -> 0
...

Sheet 28N2-O2
C1: Actual | G1: N2(20/0) | H1: O2(20/0)
B2: N2/Ar | C2: O2/Ar | D2: Ar | F2: r2 | G2: =Regs!E5 -> 0.30486088 | H2: =Regs!E85 -> 0.002298157
A3: 20/0 | B3: 38.187 | C3: 20.393 | D3: 13.9 | F3: intercept | G3: =Regs!E17 -> 26.702293 | H3: =Regs!E97 -> 24.408931
A4: 30/0 | B4: 38.861 | C4: 20.38 | D4: 11.6 | F4: slope | G4: =Regs!E18 -> -0.00018661714 | H4: =Regs!E98 -> -1.8582266e-05
A6: D= | B6: =(Regs!E57+Regs!E58*(Data!#REF!/2))-(Regs!E17+Regs!E18*(Data!#REF!/2)) -> #REF!
A7: Avg CF= | B7: =AVERAGE(D13:D15,D19:D21,D61:D63,D91:D93,D97:D99,D157:D159,D217:D219,D223:D225) -> #REF! | C7: =AVERAGE(F13:F15,F19:F21,F61:F63,F91:F93,F97:F99,F157:F159,F217:F219,F223:F225) -> #REF!
A8: Adj. D= | B8: =B6*B7 -> #REF!
A9: Factor= | B9: =B8/(B4-B3) -> #REF!
E11: Measured | J11: Actual
A12: Sample ID | B12: time (min) | C12: N2/Ar | D12: CF | E12: O2/Ar | F12: CF | G12: N2 D | H12: O2 D | I12: N2/Ar | J12: O2/Ar | K12: N2 | L12: O2 | M12: Avg N2 | N12: Avg O2 | O12: Sample ID
A13: =Data!#REF! -> #REF! | B13: =Data!H8 -> 0 | C13: =Data!#REF!/Data!#REF! -> #REF! | D13: =B$3/C13 -> #REF! | E13: =Data!#REF!/Data!#REF! -> #REF! | F13: =C$3/E13 -> #REF! | G13: =C13-(G$3+G$4*B13) -> #REF! | H13: =E13-(H$3+H$4*B13) -> #REF! | I13: =G13*(B$7/B$9)+B$3 -> #REF! | J13: =H13*(C$7)+C$3 -> #REF! | K13: =I13*D$3 -> #REF! | L13: =J13*D$3 -> #REF! | O13: =Data!#REF! -> #REF!
B14: =Data!H9 -> 0.13333333 | C14: =Data!#REF!/Data!#REF! -> #REF! | D14: =B$3/C14 -> #REF! | E14: =Data!#REF!/Data!#REF! -> #REF! | F14: =C$3/E14 -> #REF! | G14: =C14-(G$3+G$4*B14) -> #REF! | H14: =E14-(H$3+H$4*B14) -> #REF! | I14: =G14*(B$7/B$9)+B$3 -> #REF! | J14: =H14*(C$7)+C$3 -> #REF! | K14: =I14*D$3 -> #REF! | L14: =J14*D$3 -> #REF!
B15: =Data!H10 -> 0.3 | C15: =Data!#REF!/Data!#REF! -> #REF! | D15: =B$3/C15 -> #REF! | E15: =Data!#REF!/Data!#REF! -> #REF! | F15: =C$3/E15 -> #REF! | G15: =C15-(G$3+G$4*B15) -> #REF! | H15: =E15-(H$3+H$4*B15) -> #REF! | I15: =G15*(B$7/B$9)+B$3 -> #REF! | J15: =H15*(C$7)+C$3 -> #REF! | K15: =I15*D$3 -> #REF! | L15: =J15*D$3 -> #REF!
A16: =Data!#REF! -> #REF! | B16: =Data!H11 -> 5.0833333 | C16: =Data!#REF!/Data!#REF! -> #REF! | D16: =B$4/C16 -> #REF! | E16: =Data!#REF!/Data!#REF! -> #REF! | F16: =C$4/E16 -> #REF! | G16: =C16-(G$3+G$4*B16) -> #REF! | H16: =E16-(H$3+H$4*B16) -> #REF! | I16: =G16*(B$7/B$9)+B$3 -> #REF! | J16: =H16*(C$7)+C$3 -> #REF! | K16: =I16*D$3 -> #REF! | L16: =J16*D$3 -> #REF! | O16: =Data!#REF! -> #REF!
B17: =Data!H12 -> 5.2166667 | C17: =Data!#REF!/Data!#REF! -> #REF! | D17: =B$4/C17 -> #REF! | E17: =Data!#REF!/Data!#REF! -> #REF! | F17: =C$4/E17 -> #REF! | G17: =C17-(G$3+G$4*B17) -> #REF! | H17: =E17-(H$3+H$4*B17) -> #REF! | I17: =G17*(B$7/B$9)+B$3 -> #REF! | J17: =H17*(C$7)+C$3 -> #REF! | K17: =I17*D$3 -> #REF! | L17: =J17*D$3 -> #REF!
B18: =Data!H13 -> 5.35 | C18: =Data!#REF!/Data!#REF! -> #REF! | D18: =B$4/C18 -> #REF! | E18: =Data!#REF!/Data!#REF! -> #REF! | F18: =C$4/E18 -> #REF! | G18: =C18-(G$3+G$4*B18) -> #REF! | H18: =E18-(H$3+H$4*B18) -> #REF! | I18: =G18*(B$7/B$9)+B$3 -> #REF! | J18: =H18*(C$7)+C$3 -> #REF! | K18: =I18*D$3 -> #REF! | L18: =J18*D$3 -> #REF!
A19: =Data!#REF! -> #REF! | B19: =Data!H14 -> 9.6833333 | C19: =Data!#REF!/Data!#REF! -> #REF! | D19: =B$3/C19 -> #REF! | E19: =Data!#REF!/Data!#REF! -> #REF! | F19: =C$3/E19 -> #REF! | G19: =C19-(G$3+G$4*B19) -> #REF! | H19: =E19-(H$3+H$4*B19) -> #REF! | I19: =G19*(B$7/B$9)+B$3 -> #REF! | J19: =H19*(C$7)+C$3 -> #REF! | K19: =I19*D$3 -> #REF! | L19: =J19*D$3 -> #REF! | O19: =Data!#REF! -> #REF!
B20: =Data!H15 -> 9.8166667 | C20: =Data!#REF!/Data!#REF! -> #REF! | D20: =B$3/C20 -> #REF! | E20: =Data!#REF!/Data!#REF! -> #REF! | F20: =C$3/E20 -> #REF! | G20: =C20-(G$3+G$4*B20) -> #REF! | H20: =E20-(H$3+H$4*B20) -> #REF! | I20: =G20*(B$7/B$9)+B$3 -> #REF! | J20: =H20*(C$7)+C$3 -> #REF! | K20: =I20*D$3 -> #REF! | L20: =J20*D$3 -> #REF!
B21: =Data!H16 -> 10.033333 | C21: =Data!#REF!/Data!#REF! -> #REF! | D21: =B$3/C21 -> #REF! | E21: =Data!#REF!/Data!#REF! -> #REF! | F21: =C$3/E21 -> #REF! | G21: =C21-(G$3+G$4*B21) -> #REF! | H21: =E21-(H$3+H$4*B21) -> #REF! | I21: =G21*(B$7/B$9)+B$3 -> #REF! | J21: =H21*(C$7)+C$3 -> #REF! | K21: =I21*D$3 -> #REF! | L21: =J21*D$3 -> #REF!
A22: =Data!#REF! -> #REF! | B22: =Data!H17 -> 16.416667 | C22: =Data!#REF!/Data!#REF! -> #REF! | D22: =B$4/C22 -> #REF! | E22: =Data!#REF!/Data!#REF! -> #REF! | F22: =C$4/E22 -> #REF! | G22: =C22-(G$3+G$4*B22) -> #REF! | H22: =E22-(H$3+H$4*B22) -> #REF! | I22: =G22*(B$7/B$9)+B$3 -> #REF! | J22: =H22*(C$7)+C$3 -> #REF! | K22: =I22*D$3 -> #REF! | L22: =J22*D$3 -> #REF! | O22: =Data!#REF! -> #REF!
B23: =Data!H18 -> 16.55 | C23: =Data!#REF!/Data!#REF! -> #REF! | D23: =B$4/C23 -> #REF! | E23: =Data!#REF!/Data!#REF! -> #REF! | F23: =C$4/E23 -> #REF! | G23: =C23-(G$3+G$4*B23) -> #REF! | H23: =E23-(H$3+H$4*B23) -> #REF! | I23: =G23*(B$7/B$9)+B$3 -> #REF! | J23: =H23*(C$7)+C$3 -> #REF! | K23: =I23*D$3 -> #REF! | L23: =J23*D$3 -> #REF!
B24: =Data!H19 -> 16.683333 | C24: =Data!#REF!/Data!#REF! -> #REF! | D24: =B$4/C24 -> #REF! | E24: =Data!#REF!/Data!#REF! -> #REF! | F24: =C$4/E24 -> #REF! | G24: =C24-(G$3+G$4*B24) -> #REF! | H24: =E24-(H$3+H$4*B24) -> #REF! | I24: =G24*(B$7/B$9)+B$3 -> #REF! | J24: =H24*(C$7)+C$3 -> #REF! | K24: =I24*D$3 -> #REF! | L24: =J24*D$3 -> #REF!
A25: =Data!#REF! -> #REF! | B25: =Data!H20 -> 22.2 | C25: =Data!#REF!/Data!#REF! -> #REF! | E25: =Data!#REF!/Data!#REF! -> #REF! | G25: =C25-(G$3+G$4*B25) -> #REF! | H25: =E25-(H$3+H$4*B25) -> #REF! | I25: =G25*(B$7/B$9)+B$3 -> #REF! | J25: =H25*(C$7)+C$3 -> #REF! | K25: =I25*D$3 -> #REF! | L25: =J25*D$3 -> #REF! | M25: =AVERAGE(K25:K27) -> #REF! | N25: =AVERAGE(L25:L27) -> #REF! | O25: =Data!#REF! -> #REF!
B26: =Data!H21 -> 22.333333 | C26: =Data!#REF!/Data!#REF! -> #REF! | E26: =Data!#REF!/Data!#REF! -> #REF! | G26: =C26-(G$3+G$4*B26) -> #REF! | H26: =E26-(H$3+H$4*B26) -> #REF! | I26: =G26*(B$7/B$9)+B$3 -> #REF! | J26: =H26*(C$7)+C$3 -> #REF! | K26: =I26*D$3 -> #REF! | L26: =J26*D$3 -> #REF!
B27: =Data!H22 -> 22.466667 | C27: =Data!#REF!/Data!#REF! -> #REF! | E27: =Data!#REF!/Data!#REF! -> #REF! | G27: =C27-(G$3+G$4*B27) -> #REF! | H27: =E27-(H$3+H$4*B27) -> #REF! | I27: =G27*(B$7/B$9)+B$3 -> #REF! | J27: =H27*(C$7)+C$3 -> #REF! | K27: =I27*D$3 -> #REF! | L27: =J27*D$3 -> #REF!
A28: =Data!#REF! -> #REF! | B28: =Data!H23 -> 28.716667 | C28: =Data!#REF!/Data!#REF! -> #REF! | E28: =Data!#REF!/Data!#REF! -> #REF! | G28: =C28-(G$3+G$4*B28) -> #REF! | H28: =E28-(H$3+H$4*B28) -> #REF! | I28: =G28*(B$7/B$9)+B$3 -> #REF! | J28: =H28*(C$7)+C$3 -> #REF! | K28: =I28*D$3 -> #REF! | L28: =J28*D$3 -> #REF! | M28: =AVERAGE(K28:K29) -> #REF! | N28: =AVERAGE(L28:L30) -> #REF! | O28: =Data!#REF! -> #REF!
B29: =Data!H24 -> 28.8 | C29: =Data!#REF!/Data!#REF! -> #REF! | E29: =Data!#REF!/Data!#REF! -> #REF! | G29: =C29-(G$3+G$4*B29) -> #REF! | H29: =E29-(H$3+H$4*B29) -> #REF! | I29: =G29*(B$7/B$9)+B$3 -> #REF! | J29: =H29*(C$7)+C$3 -> #REF! | K29: =I29*D$3 -> #REF! | L29: =J29*D$3 -> #REF!
B30: =Data!H25 -> 29.016667 | C30: =Data!#REF!/Data!#REF! -> #REF! | E30: =Data!#REF!/Data!#REF! -> #REF! | G30: =C30-(G$3+G$4*B30) -> #REF! | H30: =E30-(H$3+H$4*B30) -> #REF! | I30: =G30*(B$7/B$9)+B$3 -> #REF! | J30: =H30*(C$7)+C$3 -> #REF! | K30: =I30*D$3 -> #REF! | L30: =J30*D$3 -> #REF!
A31: =Data!#REF! -> #REF! | B31: =Data!H26 -> 35.483333 | C31: =Data!#REF!/Data!#REF! -> #REF! | E31: =Data!#REF!/Data!#REF! -> #REF! | G31: =C31-(G$3+G$4*B31) -> #REF! | H31: =E31-(H$3+H$4*B31) -> #REF! | I31: =G31*(B$7/B$9)+B$3 -> #REF! | J31: =H31*(C$7)+C$3 -> #REF! | K31: =I31*D$3 -> #REF! | L31: =J31*D$3 -> #REF! | M31: =AVERAGE(K31:K33) -> #REF! | N31: =AVERAGE(L31:L33) -> #REF! | O31: =Data!#REF! -> #REF!
B32: =Data!H27 -> 35.616667 | C32: =Data!#REF!/Data!#REF! -> #REF! | E32: =Data!#REF!/Data!#REF! -> #REF! | G32: =C32-(G$3+G$4*B32) -> #REF! | H32: =E32-(H$3+H$4*B32) -> #REF! | I32: =G32*(B$7/B$9)+B$3 -> #REF! | J32: =H32*(C$7)+C$3 -> #REF! | K32: =I32*D$3 -> #REF! | L32: =J32*D$3 -> #REF!
B33: =Data!H28 -> 35.7 | C33: =Data!#REF!/Data!#REF! -> #REF! | E33: =Data!#REF!/Data!#REF! -> #REF! | G33: =C33-(G$3+G$4*B33) -> #REF! | H33: =E33-(H$3+H$4*B33) -> #REF! | I33: =G33*(B$7/B$9)+B$3 -> #REF! | J33: =H33*(C$7)+C$3 -> #REF! | K33: =I33*D$3 -> #REF! | L33: =J33*D$3 -> #REF!
A34: =Data!#REF! -> #REF! | B34: =Data!#REF! -> #REF! | C34: =Data!#REF!/Data!#REF! -> #REF! | E34: =Data!#REF!/Data!#REF! -> #REF! | G34: =C34-(G$3+G$4*B34) -> #REF! | H34: =E34-(H$3+H$4*B34) -> #REF! | I34: =G34*(B$7/B$9)+B$3 -> #REF! | J34: =H34*(C$7)+C$3 -> #REF! | K34: =I34*D$3 -> #REF! | L34: =J34*D$3 -> #REF! | M34: =AVERAGE(K34:K36) -> #REF! | N34: =AVERAGE(L34:L36) -> #REF! | O34: =Data!#REF! -> #REF!
B35: =Data!#REF! -> #REF! | C35: =Data!#REF!/Data!#REF! -> #REF! | E35: =Data!#REF!/Data!#REF! -> #REF! | G35: =C35-(G$3+G$4*B35) -> #REF! | H35: =E35-(H$3+H$4*B35) -> #REF! | I35: =G35*(B$7/B$9)+B$3 -> #REF! | J35: =H35*(C$7)+C$3 -> #REF! | K35: =I35*D$3 -> #REF! | L35: =J35*D$3 -> #REF!
B36: =Data!#REF! -> #REF! | C36: =Data!#REF!/Data!#REF! -> #REF! | E36: =Data!#REF!/Data!#REF! -> #REF! | G36: =C36-(G$3+G$4*B36) -> #REF! | H36: =E36-(H$3+H$4*B36) -> #REF! | I36: =G36*(B$7/B$9)+B$3 -> #REF! | J36: =H36*(C$7)+C$3 -> #REF! | K36: =I36*D$3 -> #REF! | L36: =J36*D$3 -> #REF!
A37: =Data!#REF! -> #REF! | B37: =Data!#REF! -> #REF! | C37: =Data!#REF!/Data!#REF! -> #REF! | E37: =Data!#REF!/Data!#REF! -> #REF! | G37: =C37-(G$3+G$4*B37) -> #REF! | H37: =E37-(H$3+H$4*B37) -> #REF! | I37: =G37*(B$7/B$9)+B$3 -> #REF! | J37: =H37*(C$7)+C$3 -> #REF! | K37: =I37*D$3 -> #REF! | L37: =J37*D$3 -> #REF! | M37: =AVERAGE(K37:K39) -> #REF! | N37: =AVERAGE(L37:L39) -> #REF! | O37: =Data!#REF! -> #REF!
B38: =Data!#REF! -> #REF! | C38: =Data!#REF!/Data!#REF! -> #REF! | E38: =Data!#REF!/Data!#REF! -> #REF! | G38: =C38-(G$3+G$4*B38) -> #REF! | H38: =E38-(H$3+H$4*B38) -> #REF! | I38: =G38*(B$7/B$9)+B$3 -> #REF! | J38: =H38*(C$7)+C$3 -> #REF! | K38: =I38*D$3 -> #REF! | L38: =J38*D$3 -> #REF!
B39: =Data!#REF! -> #REF! | C39: =Data!#REF!/Data!#REF! -> #REF! | E39: =Data!#REF!/Data!#REF! -> #REF! | G39: =C39-(G$3+G$4*B39) -> #REF! | H39: =E39-(H$3+H$4*B39) -> #REF! | I39: =G39*(B$7/B$9)+B$3 -> #REF! | J39: =H39*(C$7)+C$3 -> #REF! | K39: =I39*D$3 -> #REF! | L39: =J39*D$3 -> #REF!
A40: =Data!#REF! -> #REF! | B40: =Data!#REF! -> #REF! | C40: =Data!#REF!/Data!#REF! -> #REF! | E40: =Data!#REF!/Data!#REF! -> #REF! | G40: =C40-(G$3+G$4*B40) -> #REF! | H40: =E40-(H$3+H$4*B40) -> #REF! | I40: =G40*(B$7/B$9)+B$3 -> #REF! | J40: =H40*(C$7)+C$3 -> #REF! | K40: =I40*D$3 -> #REF! | L40: =J40*D$3 -> #REF! | M40: =AVERAGE(K40:K42) -> #REF! | N40: =AVERAGE(L40:L42) -> #REF! | O40: =Data!#REF! -> #REF!
B41: =Data!#REF! -> #REF! | C41: =Data!#REF!/Data!#REF! -> #REF! | E41: =Data!#REF!/Data!#REF! -> #REF! | G41: =C41-(G$3+G$4*B41) -> #REF! | H41: =E41-(H$3+H$4*B41) -> #REF! | I41: =G41*(B$7/B$9)+B$3 -> #REF! | J41: =H41*(C$7)+C$3 -> #REF! | K41: =I41*D$3 -> #REF! | L41: =J41*D$3 -> #REF!
B42: =Data!#REF! -> #REF! | C42: =Data!#REF!/Data!#REF! -> #REF! | E42: =Data!#REF!/Data!#REF! -> #REF! | G42: =C42-(G$3+G$4*B42) -> #REF! | H42: =E42-(H$3+H$4*B42) -> #REF! | I42: =G42*(B$7/B$9)+B$3 -> #REF! | J42: =H42*(C$7)+C$3 -> #REF! | K42: =I42*D$3 -> #REF! | L42: =J42*D$3 -> #REF!
A43: =Data!#REF! -> #REF! | B43: =Data!#REF! -> #REF! | C43: =Data!#REF!/Data!#REF! -> #REF! | E43: =Data!#REF!/Data!#REF! -> #REF! | G43: =C43-(G$3+G$4*B43) -> #REF! | H43: =E43-(H$3+H$4*B43) -> #REF! | I43: =G43*(B$7/B$9)+B$3 -> #REF! | J43: =H43*(C$7)+C$3 -> #REF! | K43: =I43*D$3 -> #REF! | L43: =J43*D$3 -> #REF! | M43: =AVERAGE(K43:K45) -> #REF! | N43: =AVERAGE(L43:L45) -> #REF! | O43: =Data!#REF! -> #REF!
B44: =Data!#REF! -> #REF! | C44: =Data!#REF!/Data!#REF! -> #REF! | E44: =Data!#REF!/Data!#REF! -> #REF! | G44: =C44-(G$3+G$4*B44) -> #REF! | H44: =E44-(H$3+H$4*B44) -> #REF! | I44: =G44*(B$7/B$9)+B$3 -> #REF! | J44: =H44*(C$7)+C$3 -> #REF! | K44: =I44*D$3 -> #REF! | L44: =J44*D$3 -> #REF!
B45: =Data!#REF! -> #REF! | C45: =Data!#REF!/Data!#REF! -> #REF! | E45: =Data!#REF!/Data!#REF! -> #REF! | G45: =C45-(G$3+G$4*B45) -> #REF! | H45: =E45-(H$3+H$4*B45) -> #REF! | I45: =G45*(B$7/B$9)+B$3 -> #REF! | J45: =H45*(C$7)+C$3 -> #REF! | K45: =I45*D$3 -> #REF! | L45: =J45*D$3 -> #REF!
A46: =Data!#REF! -> #REF! | B46: =Data!#REF! -> #REF! | C46: =Data!#REF!/Data!#REF! -> #REF! | E46: =Data!#REF!/Data!#REF! -> #REF! | G46: =C46-(G$3+G$4*B46) -> #REF! | H46: =E46-(H$3+H$4*B46) -> #REF! | I46: =G46*(B$7/B$9)+B$3 -> #REF! | J46: =H46*(C$7)+C$3 -> #REF! | K46: =I46*D$3 -> #REF! | L46: =J46*D$3 -> #REF! | M46: =AVERAGE(K46:K48) -> #REF! | N46: =AVERAGE(L46:L48) -> #REF! | O46: =Data!#REF! -> #REF!
B47: =Data!#REF! -> #REF! | C47: =Data!#REF!/Data!#REF! -> #REF! | E47: =Data!#REF!/Data!#REF! -> #REF! | G47: =C47-(G$3+G$4*B47) -> #REF! | H47: =E47-(H$3+H$4*B47) -> #REF! | I47: =G47*(B$7/B$9)+B$3 -> #REF! | J47: =H47*(C$7)+C$3 -> #REF! | K47: =I47*D$3 -> #REF! | L47: =J47*D$3 -> #REF!
B48: =Data!#REF! -> #REF! | C48: =Data!#REF!/Data!#REF! -> #REF! | E48: =Data!#REF!/Data!#REF! -> #REF! | G48: =C48-(G$3+G$4*B48) -> #REF! | H48: =E48-(H$3+H$4*B48) -> #REF! | I48: =G48*(B$7/B$9)+B$3 -> #REF! | J48: =H48*(C$7)+C$3 -> #REF! | K48: =I48*D$3 -> #REF! | L48: =J48*D$3 -> #REF!
A49: =Data!#REF! -> #REF! | B49: =Data!#REF! -> #REF! | C49: =Data!#REF!/Data!#REF! -> #REF! | E49: =Data!#REF!/Data!#REF! -> #REF! | G49: =C49-(G$3+G$4*B49) -> #REF! | H49: =E49-(H$3+H$4*B49) -> #REF! | I49: =G49*(B$7/B$9)+B$3 -> #REF! | J49: =H49*(C$7)+C$3 -> #REF! | K49: =I49*D$3 -> #REF! | L49: =J49*D$3 -> #REF! | M49: =AVERAGE(K49:K51) -> #REF! | N49: =AVERAGE(L49:L51) -> #REF! | O49: =Data!#REF! -> #REF!
B50: =Data!#REF! -> #REF! | C50: =Data!#REF!/Data!#REF! -> #REF! | E50: =Data!#REF!/Data!#REF! -> #REF! | G50: =C50-(G$3+G$4*B50) -> #REF! | H50: =E50-(H$3+H$4*B50) -> #REF! | I50: =G50*(B$7/B$9)+B$3 -> #REF! | J50: =H50*(C$7)+C$3 -> #REF! | K50: =I50*D$3 -> #REF! | L50: =J50*D$3 -> #REF!
B51: =Data!#REF! -> #REF! | C51: =Data!#REF!/Data!#REF! -> #REF! | E51: =Data!#REF!/Data!#REF! -> #REF! | G51: =C51-(G$3+G$4*B51) -> #REF! | H51: =E51-(H$3+H$4*B51) -> #REF! | I51: =G51*(B$7/B$9)+B$3 -> #REF! | J51: =H51*(C$7)+C$3 -> #REF! | K51: =I51*D$3 -> #REF! | L51: =J51*D$3 -> #REF!
A52: =Data!#REF! -> #REF! | B52: =Data!#REF! -> #REF! | C52: =Data!#REF!/Data!#REF! -> #REF! | E52: =Data!#REF!/Data!#REF! -> #REF! | G52: =C52-(G$3+G$4*B52) -> #REF! | H52: =E52-(H$3+H$4*B52) -> #REF! | I52: =G52*(B$7/B$9)+B$3 -> #REF! | J52: =H52*(C$7)+C$3 -> #REF! | K52: =I52*D$3 -> #REF! | L52: =J52*D$3 -> #REF! | M52: =AVERAGE(K52:K54) -> #REF! | N52: =AVERAGE(L52:L54) -> #REF! | O52: =Data!#REF! -> #REF!
B53: =Data!#REF! -> #REF! | C53: =Data!#REF!/Data!#REF! -> #REF! | E53: =Data!#REF!/Data!#REF! -> #REF! | G53: =C53-(G$3+G$4*B53) -> #REF! | H53: =E53-(H$3+H$4*B53) -> #REF! | I53: =G53*(B$7/B$9)+B$3 -> #REF! | J53: =H53*(C$7)+C$3 -> #REF! | K53: =I53*D$3 -> #REF! | L53: =J53*D$3 -> #REF!
B54: =Data!#REF! -> #REF! | C54: =Data!#REF!/Data!#REF! -> #REF! | E54: =Data!#REF!/Data!#REF! -> #REF! | G54: =C54-(G$3+G$4*B54) -> #REF! | H54: =E54-(H$3+H$4*B54) -> #REF! | I54: =G54*(B$7/B$9)+B$3 -> #REF! | J54: =H54*(C$7)+C$3 -> #REF! | K54: =I54*D$3 -> #REF! | L54: =J54*D$3 -> #REF!
A55: =Data!#REF! -> #REF! | B55: =Data!#REF! -> #REF! | C55: =Data!#REF!/Data!#REF! -> #REF! | E55: =Data!#REF!/Data!#REF! -> #REF! | G55: =C55-(G$3+G$4*B55) -> #REF! | H55: =E55-(H$3+H$4*B55) -> #REF! | I55: =G55*(B$7/B$9)+B$3 -> #REF! | J55: =H55*(C$7)+C$3 -> #REF! | K55: =I55*D$3 -> #REF! | L55: =J55*D$3 -> #REF! | M55: =AVERAGE(K55:K57) -> #REF! | N55: =AVERAGE(L55:L57) -> #REF! | O55: =Data!#REF! -> #REF!
B56: =Data!#REF! -> #REF! | C56: =Data!#REF!/Data!#REF! -> #REF! | E56: =Data!#REF!/Data!#REF! -> #REF! | G56: =C56-(G$3+G$4*B56) -> #REF! | H56: =E56-(H$3+H$4*B56) -> #REF! | I56: =G56*(B$7/B$9)+B$3 -> #REF! | J56: =H56*(C$7)+C$3 -> #REF! | K56: =I56*D$3 -> #REF! | L56: =J56*D$3 -> #REF!
B57: =Data!#REF! -> #REF! | C57: =Data!#REF!/Data!#REF! -> #REF! | E57: =Data!#REF!/Data!#REF! -> #REF! | G57: =C57-(G$3+G$4*B57) -> #REF! | H57: =E57-(H$3+H$4*B57) -> #REF! | I57: =G57*(B$7/B$9)+B$3 -> #REF! | J57: =H57*(C$7)+C$3 -> #REF! | K57: =I57*D$3 -> #REF! | L57: =J57*D$3 -> #REF!
A58: =Data!#REF! -> #REF! | B58: =Data!#REF! -> #REF! | C58: =Data!#REF!/Data!#REF! -> #REF! | E58: =Data!#REF!/Data!#REF! -> #REF! | G58: =C58-(G$3+G$4*B58) -> #REF! | H58: =E58-(H$3+H$4*B58) -> #REF! | I58: =G58*(B$7/B$9)+B$3 -> #REF! | J58: =H58*(C$7)+C$3 -> #REF! | K58: =I58*D$3 -> #REF! | L58: =J58*D$3 -> #REF! | M58: =AVERAGE(K58:K60) -> #REF! | N58: =AVERAGE(L58:L60) -> #REF! | O58: =Data!#REF! -> #REF!
B59: =Data!#REF! -> #REF! | C59: =Data!#REF!/Data!#REF! -> #REF! | E59: =Data!#REF!/Data!#REF! -> #REF! | G59: =C59-(G$3+G$4*B59) -> #REF! | H59: =E59-(H$3+H$4*B59) -> #REF! | I59: =G59*(B$7/B$9)+B$3 -> #REF! | J59: =H59*(C$7)+C$3 -> #REF! | K59: =I59*D$3 -> #REF! | L59: =J59*D$3 -> #REF!
B60: =Data!#REF! -> #REF! | C60: =Data!#REF!/Data!#REF! -> #REF! | E60: =Data!#REF!/Data!#REF! -> #REF! | G60: =C60-(G$3+G$4*B60) -> #REF! | H60: =E60-(H$3+H$4*B60) -> #REF! | I60: =G60*(B$7/B$9)+B$3 -> #REF! | J60: =H60*(C$7)+C$3 -> #REF! | K60: =I60*D$3 -> #REF! | L60: =J60*D$3 -> #REF!
A61: =Data!#REF! -> #REF! | B61: =Data!#REF! -> #REF! | C61: =Data!#REF!/Data!#REF! -> #REF! | D61: =B$3/C61 -> #REF! | E61: =Data!#REF!/Data!#REF! -> #REF! | F61: =C$3/E61 -> #REF! | G61: =C61-(G$3+G$4*B61) -> #REF! | H61: =E61-(H$3+H$4*B61) -> #REF! | I61: =G61*(B$7/B$9)+B$3 -> #REF! | J61: =H61*(C$7)+C$3 -> #REF! | K61: =I61*D$3 -> #REF! | L61: =J61*D$3 -> #REF! | O61: =Data!#REF! -> #REF!
B62: =Data!#REF! -> #REF! | C62: =Data!#REF!/Data!#REF! -> #REF! | D62: =B$3/C62 -> #REF! | E62: =Data!#REF!/Data!#REF! -> #REF! | F62: =C$3/E62 -> #REF! | G62: =C62-(G$3+G$4*B62) -> #REF! | H62: =E62-(H$3+H$4*B62) -> #REF! | I62: =G62*(B$7/B$9)+B$3 -> #REF! | J62: =H62*(C$7)+C$3 -> #REF! | K62: =I62*D$3 -> #REF! | L62: =J62*D$3 -> #REF!
B63: =Data!#REF! -> #REF! | C63: =Data!#REF!/Data!#REF! -> #REF! | D63: =B$3/C63 -> #REF! | E63: =Data!#REF!/Data!#REF! -> #REF! | F63: =C$3/E63 -> #REF! | G63: =C63-(G$3+G$4*B63) -> #REF! | H63: =E63-(H$3+H$4*B63) -> #REF! | I63: =G63*(B$7/B$9)+B$3 -> #REF! | J63: =H63*(C$7)+C$3 -> #REF! | K63: =I63*D$3 -> #REF! | L63: =J63*D$3 -> #REF!
A64: =Data!#REF! -> #REF! | B64: =Data!#REF! -> #REF! | C64: =Data!#REF!/Data!#REF! -> #REF! | D64: =B$4/C64 -> #REF! | E64: =Data!#REF!/Data!#REF! -> #REF! | F64: =C$4/E64 -> #REF! | G64: =C64-(G$3+G$4*B64) -> #REF! | H64: =E64-(H$3+H$4*B64) -> #REF! | I64: =G64*(B$7/B$9)+B$3 -> #REF! | J64: =H64*(C$7)+C$3 -> #REF! | K64: =I64*D$3 -> #REF! | L64: =J64*D$3 -> #REF! | O64: =Data!#REF! -> #REF!
B65: =Data!#REF! -> #REF! | C65: =Data!#REF!/Data!#REF! -> #REF! | D65: =B$4/C65 -> #REF! | E65: =Data!#REF!/Data!#REF! -> #REF! | F65: =C$4/E65 -> #REF! | G65: =C65-(G$3+G$4*B65) -> #REF! | H65: =E65-(H$3+H$4*B65) -> #REF! | I65: =G65*(B$7/B$9)+B$3 -> #REF! | J65: =H65*(C$7)+C$3 -> #REF! | K65: =I65*D$3 -> #REF! | L65: =J65*D$3 -> #REF!
B66: =Data!#REF! -> #REF! | C66: =Data!#REF!/Data!#REF! -> #REF! | D66: =B$4/C66 -> #REF! | E66: =Data!#REF!/Data!#REF! -> #REF! | F66: =C$4/E66 -> #REF! | G66: =C66-(G$3+G$4*B66) -> #REF! | H66: =E66-(H$3+H$4*B66) -> #REF! | I66: =G66*(B$7/B$9)+B$3 -> #REF! | J66: =H66*(C$7)+C$3 -> #REF! | K66: =I66*D$3 -> #REF! | L66: =J66*D$3 -> #REF!
A67: =Data!#REF! -> #REF! | B67: =Data!#REF! -> #REF! | C67: =Data!#REF!/Data!#REF! -> #REF! | E67: =Data!#REF!/Data!#REF! -> #REF! | G67: =C67-(G$3+G$4*B67) -> #REF! | H67: =E67-(H$3+H$4*B67) -> #REF! | I67: =G67*(B$7/B$9)+B$3 -> #REF! | J67: =H67*(C$7)+C$3 -> #REF! | K67: =I67*D$3 -> #REF! | L67: =J67*D$3 -> #REF! | M67: =AVERAGE(K67:K69) -> #REF! | N67: =AVERAGE(L67:L69) -> #REF! | O67: =Data!#REF! -> #REF!
B68: =Data!#REF! -> #REF! | C68: =Data!#REF!/Data!#REF! -> #REF! | E68: =Data!#REF!/Data!#REF! -> #REF! | G68: =C68-(G$3+G$4*B68) -> #REF! | H68: =E68-(H$3+H$4*B68) -> #REF! | I68: =G68*(B$7/B$9)+B$3 -> #REF! | J68: =H68*(C$7)+C$3 -> #REF! | K68: =I68*D$3 -> #REF! | L68: =J68*D$3 -> #REF!
B69: =Data!#REF! -> #REF! | C69: =Data!#REF!/Data!#REF! -> #REF! | E69: =Data!#REF!/Data!#REF! -> #REF! | G69: =C69-(G$3+G$4*B69) -> #REF! | H69: =E69-(H$3+H$4*B69) -> #REF! | I69: =G69*(B$7/B$9)+B$3 -> #REF! | J69: =H69*(C$7)+C$3 -> #REF! | K69: =I69*D$3 -> #REF! | L69: =J69*D$3 -> #REF!
A70: =Data!#REF! -> #REF! | B70: =Data!#REF! -> #REF! | C70: =Data!#REF!/Data!#REF! -> #REF! | E70: =Data!#REF!/Data!#REF! -> #REF! | G70: =C70-(G$3+G$4*B70) -> #REF! | H70: =E70-(H$3+H$4*B70) -> #REF! | I70: =G70*(B$7/B$9)+B$3 -> #REF! | J70: =H70*(C$7)+C$3 -> #REF! | K70: =I70*D$3 -> #REF! | L70: =J70*D$3 -> #REF! | M70: =AVERAGE(K70:K72) -> #REF! | N70: =AVERAGE(L70:L72) -> #REF! | O70: =Data!#REF! -> #REF!
B71: =Data!#REF! -> #REF! | C71: =Data!#REF!/Data!#REF! -> #REF! | E71: =Data!#REF!/Data!#REF! -> #REF! | G71: =C71-(G$3+G$4*B71) -> #REF! | H71: =E71-(H$3+H$4*B71) -> #REF! | I71: =G71*(B$7/B$9)+B$3 -> #REF! | J71: =H71*(C$7)+C$3 -> #REF! | K71: =I71*D$3 -> #REF! | L71: =J71*D$3 -> #REF!
B72: =Data!#REF! -> #REF! | C72: =Data!#REF!/Data!#REF! -> #REF! | E72: =Data!#REF!/Data!#REF! -> #REF! | G72: =C72-(G$3+G$4*B72) -> #REF! | H72: =E72-(H$3+H$4*B72) -> #REF! | I72: =G72*(B$7/B$9)+B$3 -> #REF! | J72: =H72*(C$7)+C$3 -> #REF! | K72: =I72*D$3 -> #REF! | L72: =J72*D$3 -> #REF!
A73: =Data!#REF! -> #REF! | B73: =Data!#REF! -> #REF! | C73: =Data!#REF!/Data!#REF! -> #REF! | E73: =Data!#REF!/Data!#REF! -> #REF! | G73: =C73-(G$3+G$4*B73) -> #REF! | H73: =E73-(H$3+H$4*B73) -> #REF! | I73: =G73*(B$7/B$9)+B$3 -> #REF! | J73: =H73*(C$7)+C$3 -> #REF! | K73: =I73*D$3 -> #REF! | L73: =J73*D$3 -> #REF! | M73: =AVERAGE(K73:K75) -> #REF! | N73: =AVERAGE(L73:L75) -> #REF! | O73: =Data!#REF! -> #REF!
B74: =Data!#REF! -> #REF! | C74: =Data!#REF!/Data!#REF! -> #REF! | E74: =Data!#REF!/Data!#REF! -> #REF! | G74: =C74-(G$3+G$4*B74) -> #REF! | H74: =E74-(H$3+H$4*B74) -> #REF! | I74: =G74*(B$7/B$9)+B$3 -> #REF! | J74: =H74*(C$7)+C$3 -> #REF! | K74: =I74*D$3 -> #REF! | L74: =J74*D$3 -> #REF!
B75: =Data!#REF! -> #REF! | C75: =Data!#REF!/Data!#REF! -> #REF! | E75: =Data!#REF!/Data!#REF! -> #REF! | G75: =C75-(G$3+G$4*B75) -> #REF! | H75: =E75-(H$3+H$4*B75) -> #REF! | I75: =G75*(B$7/B$9)+B$3 -> #REF! | J75: =H75*(C$7)+C$3 -> #REF! | K75: =I75*D$3 -> #REF! | L75: =J75*D$3 -> #REF!
A76: =Data!#REF! -> #REF! | B76: =Data!#REF! -> #REF! | C76: =Data!#REF!/Data!#REF! -> #REF! | E76: =Data!#REF!/Data!#REF! -> #REF! | G76: =C76-(G$3+G$4*B76) -> #REF! | H76: =E76-(H$3+H$4*B76) -> #REF! | I76: =G76*(B$7/B$9)+B$3 -> #REF! | J76: =H76*(C$7)+C$3 -> #REF! | K76: =I76*D$3 -> #REF! | L76: =J76*D$3 -> #REF! | M76: =AVERAGE(K76:K78) -> #REF! | N76: =AVERAGE(L76:L78) -> #REF! | O76: =Data!#REF! -> #REF!
B77: =Data!#REF! -> #REF! | C77: =Data!#REF!/Data!#REF! -> #REF! | E77: =Data!#REF!/Data!#REF! -> #REF! | G77: =C77-(G$3+G$4*B77) -> #REF! | H77: =E77-(H$3+H$4*B77) -> #REF! | I77: =G77*(B$7/B$9)+B$3 -> #REF! | J77: =H77*(C$7)+C$3 -> #REF! | K77: =I77*D$3 -> #REF! | L77: =J77*D$3 -> #REF!
B78: =Data!#REF! -> #REF! | C78: =Data!#REF!/Data!#REF! -> #REF! | E78: =Data!#REF!/Data!#REF! -> #REF! | G78: =C78-(G$3+G$4*B78) -> #REF! | H78: =E78-(H$3+H$4*B78) -> #REF! | I78: =G78*(B$7/B$9)+B$3 -> #REF! | J78: =H78*(C$7)+C$3 -> #REF! | K78: =I78*D$3 -> #REF! | L78: =J78*D$3 -> #REF!
A79: =Data!#REF! -> #REF! | B79: =Data!#REF! -> #REF! | C79: =Data!#REF!/Data!#REF! -> #REF! | E79: =Data!#REF!/Data!#REF! -> #REF! | G79: =C79-(G$3+G$4*B79) -> #REF! | H79: =E79-(H$3+H$4*B79) -> #REF! | I79: =G79*(B$7/B$9)+B$3 -> #REF! | J79: =H79*(C$7)+C$3 -> #REF! | K79: =I79*D$3 -> #REF! | L79: =J79*D$3 -> #REF! | M79: =AVERAGE(K79:K81) -> #REF! | N79: =AVERAGE(L79:L81) -> #REF! | O79: =Data!#REF! -> #REF!
B80: =Data!#REF! -> #REF! | C80: =Data!#REF!/Data!#REF! -> #REF! | E80: =Data!#REF!/Data!#REF! -> #REF! | G80: =C80-(G$3+G$4*B80) -> #REF! | H80: =E80-(H$3+H$4*B80) -> #REF! | I80: =G80*(B$7/B$9)+B$3 -> #REF! | J80: =H80*(C$7)+C$3 -> #REF! | K80: =I80*D$3 -> #REF! | L80: =J80*D$3 -> #REF!
B81: =Data!#REF! -> #REF! | C81: =Data!#REF!/Data!#REF! -> #REF! | E81: =Data!#REF!/Data!#REF! -> #REF! | G81: =C81-(G$3+G$4*B81) -> #REF! | H81: =E81-(H$3+H$4*B81) -> #REF! | I81: =G81*(B$7/B$9)+B$3 -> #REF! | J81: =H81*(C$7)+C$3 -> #REF! | K81: =I81*D$3 -> #REF! | L81: =J81*D$3 -> #REF!
A82: =Data!#REF! -> #REF! | B82: =Data!#REF! -> #REF! | C82: =Data!#REF!/Data!#REF! -> #REF! | E82: =Data!#REF!/Data!#REF! -> #REF! | G82: =C82-(G$3+G$4*B82) -> #REF! | H82: =E82-(H$3+H$4*B82) -> #REF! | I82: =G82*(B$7/B$9)+B$3 -> #REF! | J82: =H82*(C$7)+C$3 -> #REF! | K82: =I82*D$3 -> #REF! | L82: =J82*D$3 -> #REF! | M82: =AVERAGE(K82:K84) -> #REF! | N82: =AVERAGE(L82:L84) -> #REF! | O82: =Data!#REF! -> #REF!
B83: =Data!#REF! -> #REF! | C83: =Data!#REF!/Data!#REF! -> #REF! | E83: =Data!#REF!/Data!#REF! -> #REF! | G83: =C83-(G$3+G$4*B83) -> #REF! | H83: =E83-(H$3+H$4*B83) -> #REF! | I83: =G83*(B$7/B$9)+B$3 -> #REF! | J83: =H83*(C$7)+C$3 -> #REF! | K83: =I83*D$3 -> #REF! | L83: =J83*D$3 -> #REF!
B84: =Data!#REF! -> #REF! | C84: =Data!#REF!/Data!#REF! -> #REF! | E84: =Data!#REF!/Data!#REF! -> #REF! | G84: =C84-(G$3+G$4*B84) -> #REF! | H84: =E84-(H$3+H$4*B84) -> #REF! | I84: =G84*(B$7/B$9)+B$3 -> #REF! | J84: =H84*(C$7)+C$3 -> #REF! | K84: =I84*D$3 -> #REF! | L84: =J84*D$3 -> #REF!
A85: =Data!#REF! -> #REF! | B85: =Data!#REF! -> #REF! | C85: =Data!#REF!/Data!#REF! -> #REF! | E85: =Data!#REF!/Data!#REF! -> #REF! | G85: =C85-(G$3+G$4*B85) -> #REF! | H85: =E85-(H$3+H$4*B85) -> #REF! | I85: =G85*(B$7/B$9)+B$3 -> #REF! | J85: =H85*(C$7)+C$3 -> #REF! | K85: =I85*D$3 -> #REF! | L85: =J85*D$3 -> #REF! | M85: =AVERAGE(K85:K87) -> #REF! | N85: =AVERAGE(L85:L87) -> #REF! | O85: =Data!#REF! -> #REF!
B86: =Data!#REF! -> #REF! | C86: =Data!#REF!/Data!#REF! -> #REF! | E86: =Data!#REF!/Data!#REF! -> #REF! | G86: =C86-(G$3+G$4*B86) -> #REF! | H86: =E86-(H$3+H$4*B86) -> #REF! | I86: =G86*(B$7/B$9)+B$3 -> #REF! | J86: =H86*(C$7)+C$3 -> #REF! | K86: =I86*D$3 -> #REF! | L86: =J86*D$3 -> #REF!
B87: =Data!#REF! -> #REF! | C87: =Data!#REF!/Data!#REF! -> #REF! | E87: =Data!#REF!/Data!#REF! -> #REF! | G87: =C87-(G$3+G$4*B87) -> #REF! | H87: =E87-(H$3+H$4*B87) -> #REF! | I87: =G87*(B$7/B$9)+B$3 -> #REF! | J87: =H87*(C$7)+C$3 -> #REF! | K87: =I87*D$3 -> #REF! | L87: =J87*D$3 -> #REF!
A88: =Data!A8 -> 20 | B88: =Data!#REF! -> #REF! | C88: =Data!C8/Data!F8 -> 6.3299427e-12 | E88: =Data!G8/Data!F8 -> 0.47299738 | G88: =C88-(G$3+G$4*B88) -> #REF! | H88: =E88-(H$3+H$4*B88) -> #REF! | I88: =G88*(B$7/B$9)+B$3 -> #REF! | J88: =H88*(C$7)+C$3 -> #REF! | K88: =I88*D$3 -> #REF! | L88: =J88*D$3 -> #REF! | M88: =AVERAGE(K88:K90) -> #REF! | N88: =AVERAGE(L88:L90) -> #REF! | O88: =Data!A8 -> 20
B89: =Data!#REF! -> #REF! | C89: =Data!C9/Data!F9 -> 6.3295404e-12 | E89: =Data!G9/Data!F9 -> 0.47334911 | G89: =C89-(G$3+G$4*B89) -> #REF! | H89: =E89-(H$3+H$4*B89) -> #REF! | I89: =G89*(B$7/B$9)+B$3 -> #REF! | J89: =H89*(C$7)+C$3 -> #REF! | K89: =I89*D$3 -> #REF! | L89: =J89*D$3 -> #REF!
B90: =Data!#REF! -> #REF! | C90: =Data!C10/Data!F10 -> 6.3286277e-12 | E90: =Data!G10/Data!F10 -> 0.47341134 | G90: =C90-(G$3+G$4*B90) -> #REF! | H90: =E90-(H$3+H$4*B90) -> #REF! | I90: =G90*(B$7/B$9)+B$3 -> #REF! | J90: =H90*(C$7)+C$3 -> #REF! | K90: =I90*D$3 -> #REF! | L90: =J90*D$3 -> #REF!
A91: =Data!A11 -> 30 | B91: =Data!#REF! -> #REF! | C91: =Data!C11/Data!F11 -> 5.3617584e-12 | D91: =B$3/C91 -> 7.1221038e+12 | E91: =Data!G11/Data!F11 -> 0.46771069 | F91: =C$3/E91 -> 43.60174 | G91: =C91-(G$3+G$4*B91) -> #REF! | H91: =E91-(H$3+H$4*B91) -> #REF! | I91: =G91*(B$7/B$9)+B$3 -> #REF! | J91: =H91*(C$7)+C$3 -> #REF! | K91: =I91*D$3 -> #REF! | L91: =J91*D$3 -> #REF! | O91: =Data!A11 -> 30
B92: =Data!#REF! -> #REF! | C92: =Data!C12/Data!F12 -> 5.362716e-12 | D92: =B$3/C92 -> 7.1208321e+12 | E92: =Data!G12/Data!F12 -> 0.46768444 | F92: =C$3/E92 -> 43.604188 | G92: =C92-(G$3+G$4*B92) -> #REF! | H92: =E92-(H$3+H$4*B92) -> #REF! | I92: =G92*(B$7/B$9)+B$3 -> #REF! | J92: =H92*(C$7)+C$3 -> #REF! | K92: =I92*D$3 -> #REF! | L92: =J92*D$3 -> #REF!
B93: =Data!#REF! -> #REF! | C93: =Data!C13/Data!F13 -> 5.3556862e-12 | D93: =B$3/C93 -> 7.1301787e+12 | E93: =Data!G13/Data!F13 -> 0.46774186 | F93: =C$3/E93 -> 43.598834 | G93: =C93-(G$3+G$4*B93) -> #REF! | H93: =E93-(H$3+H$4*B93) -> #REF! | I93: =G93*(B$7/B$9)+B$3 -> #REF! | J93: =H93*(C$7)+C$3 -> #REF! | K93: =I93*D$3 -> #REF! | L93: =J93*D$3 -> #REF!
A94: =Data!A14 -> Hardwoods_IN_T1_1 | B94: =Data!#REF! -> #REF! | C94: =Data!C14/Data!F14 -> 6.3480164e-12 | D94: =B$4/C94 -> 6.1217548e+12 | E94: =Data!G14/Data!F14 -> 0.35230363 | F94: =C$4/E94 -> 57.847829 | G94: =C94-(G$3+G$4*B94) -> #REF! | H94: =E94-(H$3+H$4*B94) -> #REF! | I94: =G94*(B$7/B$9)+B$3 -> #REF! | J94: =H94*(C$7)+C$3 -> #REF! | K94: =I94*D$3 -> #REF! | L94: =J94*D$3 -> #REF! | O94: =Data!A14 -> Hardwoods_IN_T1_1
B95: =Data!#REF! -> #REF! | C95: =Data!C15/Data!F15 -> 6.3501671e-12 | D95: =B$4/C95 -> 6.1196814e+12 | E95: =Data!G15/Data!F15 -> 0.35224948 | F95: =C$4/E95 -> 57.856722 | G95: =C95-(G$3+G$4*B95) -> #REF! | H95: =E95-(H$3+H$4*B95) -> #REF! | I95: =G95*(B$7/B$9)+B$3 -> #REF! | J95: =H95*(C$7)+C$3 -> #REF! | K95: =I95*D$3 -> #REF! | L95: =J95*D$3 -> #REF!
B96: =Data!#REF! -> #REF! | C96: =Data!C16/Data!F16 -> 6.3521641e-12 | D96: =B$4/C96 -> 6.1177576e+12 | E96: =Data!G16/Data!F16 -> 0.35221332 | F96: =C$4/E96 -> 57.862662 | G96: =C96-(G$3+G$4*B96) -> #REF! | H96: =E96-(H$3+H$4*B96) -> #REF! | I96: =G96*(B$7/B$9)+B$3 -> #REF! | J96: =H96*(C$7)+C$3 -> #REF! | K96: =I96*D$3 -> #REF! | L96: =J96*D$3 -> #REF!
A97: =Data!A17 -> Hardwoods_13_T1_1 | B97: =Data!#REF! -> #REF! | C97: =Data!C17/Data!F17 -> 6.2757263e-12 | D97: =B$3/C97 -> 6.0848734e+12 | E97: =Data!G17/Data!F17 -> 0.29360623 | F97: =C$3/E97 -> 69.456973 | G97: =C97-(G$3+G$4*B97) -> #REF! | H97: =E97-(H$3+H$4*B97) -> #REF! | I97: =G97*(B$7/B$9)+B$3 -> #REF! | J97: =H97*(C$7)+C$3 -> #REF! | K97: =I97*D$3 -> #REF! | L97: =J97*D$3 -> #REF! | O97: =Data!A17 -> Hardwoods_13_T1_1
B98: =Data!#REF! -> #REF! | C98: =Data!C18/Data!F18 -> 6.2774544e-12 | D98: =B$3/C98 -> 6.0831983e+12 | E98: =Data!G18/Data!F18 -> 0.29347083 | F98: =C$3/E98 -> 69.489018 | G98: =C98-(G$3+G$4*B98) -> #REF! | H98: =E98-(H$3+H$4*B98) -> #REF! | I98: =G98*(B$7/B$9)+B$3 -> #REF! | J98: =H98*(C$7)+C$3 -> #REF! | K98: =I98*D$3 -> #REF! | L98: =J98*D$3 -> #REF!
B99: =Data!#REF! -> #REF! | C99: =Data!C19/Data!F19 -> 6.2766804e-12 | D99: =B$3/C99 -> 6.0839484e+12 | E99: =Data!G19/Data!F19 -> 0.29337666 | F99: =C$3/E99 -> 69.511325 | G99: =C99-(G$3+G$4*B99) -> #REF! | H99: =E99-(H$3+H$4*B99) -> #REF! | I99: =G99*(B$7/B$9)+B$3 -> #REF! | J99: =H99*(C$7)+C$3 -> #REF! | K99: =I99*D$3 -> #REF! | L99: =J99*D$3 -> #REF!
A100: =Data!A20 -> Hardwoods_14_T1_1 | B100: =Data!#REF! -> #REF! | C100: =Data!C20/Data!F20 -> 6.2592965e-12 | D100: =B$4/C100 -> 6.2085252e+12 | E100: =Data!G20/Data!F20 -> 0.34459899 | F100: =C$4/E100 -> 59.141207 | G100: =C100-(G$3+G$4*B100) -> #REF! | H100: =E100-(H$3+H$4*B100) -> #REF! | I100: =G100*(B$7/B$9)+B$3 -> #REF! | J100: =H100*(C$7)+C$3 -> #REF! | K100: =I100*D$3 -> #REF! | L100: =J100*D$3 -> #REF! | O100: =Data!A20 -> Hardwoods_14_T1_1
B101: =Data!#REF! -> #REF! | C101: =Data!C21/Data!F21 -> 6.2621782e-12 | D101: =B$4/C101 -> 6.2056682e+12 | E101: =Data!G21/Data!F21 -> 0.34467265 | F101: =C$4/E101 -> 59.128567 | G101: =C101-(G$3+G$4*B101) -> #REF! | H101: =E101-(H$3+H$4*B101) -> #REF! | I101: =G101*(B$7/B$9)+B$3 -> #REF! | J101: =H101*(C$7)+C$3 -> #REF! | K101: =I101*D$3 -> #REF! | L101: =J101*D$3 -> #REF!
B102: =Data!#REF! -> #REF! | C102: =Data!C22/Data!F22 -> 6.2624151e-12 | D102: =B$4/C102 -> 6.2054334e+12 | E102: =Data!G22/Data!F22 -> 0.34469582 | F102: =C$4/E102 -> 59.124592 | G102: =C102-(G$3+G$4*B102) -> #REF! | H102: =E102-(H$3+H$4*B102) -> #REF! | I102: =G102*(B$7/B$9)+B$3 -> #REF! | J102: =H102*(C$7)+C$3 -> #REF! | K102: =I102*D$3 -> #REF! | L102: =J102*D$3 -> #REF!
...

Sheet 30N2
A1: 531.2 | B1: =actual N2 at 20/0
A2: =AVERAGE(Data!#REF!,Data!#REF!,Data!#REF!,Data!C11:C13,Data!C17:C19,Data!#REF!,Data!#REF!,Data!#REF!) -> #REF! | B2: =average measured N2 at 20/0
C4: x | D4: y | F4: N30 based
B5: N2*O2 | C5: SQRT | D5: N30 | E5: Excess | F5: on N2 | H5: SUMMARY OUTPUT
A7: =Data!#REF! -> #REF! | B7: =Data!#REF!*Data!#REF! -> #REF! | C7: =SQRT(B7) -> #REF! | D7: =Data!#REF! -> #REF! | E7: =D7-(C7*I$22+I$21) -> #REF! | F7: =A$1*E7/A$2 -> #REF! | H7: Regression Statistics
B8: =Data!#REF!*Data!#REF! -> #REF! | C8: =SQRT(B8) -> #REF! | D8: =Data!#REF! -> #REF! | E8: =D8-(C8*I$22+I$21) -> #REF! | F8: =A$1*E8/A$2 -> #REF! | H8: Multiple R | I8: 0.92521334
B9: =Data!#REF!*Data!#REF! -> #REF! | C9: =SQRT(B9) -> #REF! | D9: =Data!#REF! -> #REF! | E9: =D9-(C9*I$22+I$21) -> #REF! | F9: =A$1*E9/A$2 -> #REF! | H9: R Square | I9: 0.85601973
A10: =Data!#REF! -> #REF! | B10: =Data!#REF!*Data!#REF! -> #REF! | C10: =SQRT(B10) -> #REF! | D10: =Data!#REF! -> #REF! | E10: =D10-(C10*I$22+I$21) -> #REF! | F10: =A$1*E10/A$2 -> #REF! | H10: Adjusted R Square | I10: 0.85288973
B11: =Data!#REF!*Data!#REF! -> #REF! | C11: =SQRT(B11) -> #REF! | D11: =Data!#REF! -> #REF! | E11: =D11-(C11*I$22+I$21) -> #REF! | F11: =A$1*E11/A$2 -> #REF! | H11: Standard Error | I11: 2.4535244e-13
B12: =Data!#REF!*Data!#REF! -> #REF! | C12: =SQRT(B12) -> #REF! | D12: =Data!#REF! -> #REF! | E12: =D12-(C12*I$22+I$21) -> #REF! | F12: =A$1*E12/A$2 -> #REF! | H12: Observations | I12: 48
A13: =Data!#REF! -> #REF! | B13: =Data!#REF!*Data!#REF! -> #REF! | C13: =SQRT(B13) -> #REF! | D13: =Data!#REF! -> #REF! | E13: =D13-(C13*I$22+I$21) -> #REF! | F13: =A$1*E13/A$2 -> #REF!
B14: =Data!#REF!*Data!#REF! -> #REF! | C14: =SQRT(B14) -> #REF! | D14: =Data!#REF! -> #REF! | E14: =D14-(C14*I$22+I$21) -> #REF! | F14: =A$1*E14/A$2 -> #REF! | H14: ANOVA
B15: =Data!#REF!*Data!#REF! -> #REF! | C15: =SQRT(B15) -> #REF! | D15: =Data!#REF! -> #REF! | E15: =D15-(C15*I$22+I$21) -> #REF! | F15: =A$1*E15/A$2 -> #REF! | I15: df | J15: SS | K15: MS | L15: F | M15: Significance F
A16: =Data!#REF! -> #REF! | B16: =Data!#REF!*Data!#REF! -> #REF! | C16: =SQRT(B16) -> #REF! | D16: =Data!#REF! -> #REF! | E16: =D16-(C16*I$22+I$21) -> #REF! | F16: =A$1*E16/A$2 -> #REF! | H16: Regression | I16: 1 | J16: 1.6463395e-23 | K16: 1.6463395e-23 | L16: 273.48823 | M16: 5.5133839e-21
B17: =Data!#REF!*Data!#REF! -> #REF! | C17: =SQRT(B17) -> #REF! | D17: =Data!#REF! -> #REF! | E17: =D17-(C17*I$22+I$21) -> #REF! | F17: =A$1*E17/A$2 -> #REF! | H17: Residual | I17: 46 | J17: 2.7690996e-24 | K17: 6.0197818e-26
B18: =Data!#REF!*Data!#REF! -> #REF! | C18: =SQRT(B18) -> #REF! | D18: =Data!#REF! -> #REF! | E18: =D18-(C18*I$22+I$21) -> #REF! | F18: =A$1*E18/A$2 -> #REF! | H18: Total | I18: 47 | J18: 1.9232494e-23
A19: =Data!#REF! -> #REF! | B19: =Data!#REF!*Data!#REF! -> #REF! | C19: =SQRT(B19) -> #REF! | D19: =Data!#REF! -> #REF! | E19: =D19-(C19*I$22+I$21) -> #REF! | F19: =A$1*E19/A$2 -> #REF!
B20: =Data!#REF!*Data!#REF! -> #REF! | C20: =SQRT(B20) -> #REF! | D20: =Data!#REF! -> #REF! | E20: =D20-(C20*I$22+I$21) -> #REF! | F20: =A$1*E20/A$2 -> #REF! | I20: Coefficients | J20: Standard Error | K20: t Stat | L20: P-value | M20: Lower 95% | N20: Upper 95% | O20: Lower 95.0% | P20: Upper 95.0%
B21: =Data!#REF!*Data!#REF! -> #REF! | C21: =SQRT(B21) -> #REF! | D21: =Data!#REF! -> #REF! | E21: =D21-(C21*I$22+I$21) -> #REF! | F21: =A$1*E21/A$2 -> #REF! | H21: Intercept | I21: 3.7685473e-12 | J21: 3.9988768e-13 | K21: 9.4240145 | L21: 2.5937484e-12 | M21: 2.9636152e-12 | N21: 4.5734795e-12 | O21: 2.9636152e-12 | P21: 4.5734795e-12
A22: =Data!#REF! -> #REF! | B22: =Data!#REF!*Data!#REF! -> #REF! | C22: =SQRT(B22) -> #REF! | D22: =Data!#REF! -> #REF! | E22: =D22-(C22*I$22+I$21) -> #REF! | F22: =A$1*E22/A$2 -> #REF! | H22: X Variable 1 | I22: 0.00017362145 | J22: 1.0498665e-05 | K22: 16.537479 | L22: 5.5133839e-21 | M22: 0.00015248874 | N22: 0.00019475417 | O22: 0.00015248874 | P22: 0.00019475417
B23: =Data!#REF!*Data!#REF! -> #REF! | C23: =SQRT(B23) -> #REF! | D23: =Data!#REF! -> #REF! | E23: =D23-(C23*I$22+I$21) -> #REF! | F23: =A$1*E23/A$2 -> #REF!
B24: =Data!#REF!*Data!#REF! -> #REF! | C24: =SQRT(B24) -> #REF! | D24: =Data!#REF! -> #REF! | E24: =D24-(C24*I$22+I$21) -> #REF! | F24: =A$1*E24/A$2 -> #REF!
A25: =Data!A11 -> 30 | B25: =Data!C11*Data!G11 -> 1.8696253e-09 | C25: =SQRT(B25) -> 4.3239164e-05 | D25: =Data!E11 -> 5.361757e-12 | E25: =D25-(C25*I$22+I$21) -> -7.5056533e-09 | F25: =A$1*E25/A$2 -> #REF!
B26: =Data!C12*Data!G12 -> 1.8688929e-09 | C26: =SQRT(B26) -> 4.3230694e-05 | D26: =Data!E12 -> 5.362715e-12 | E26: =D26-(C26*I$22+I$21) -> -7.5041818e-09 | F26: =A$1*E26/A$2 -> #REF!
B27: =Data!C13*Data!G13 -> 1.8675736e-09 | C27: =SQRT(B27) -> 4.3215433e-05 | D27: =Data!E13 -> 5.355685e-12 | E27: =D27-(C27*I$22+I$21) -> -7.5015391e-09 | F27: =A$1*E27/A$2 -> #REF!
A28: =Data!A14 -> Hardwoods_IN_T1_1 | B28: =Data!C14*Data!G14 -> 1.6107877e-09 | C28: =SQRT(B28) -> 4.0134619e-05 | D28: =Data!E14 -> 6.348015e-12 | E28: =D28-(C28*I$22+I$21) -> -6.9656515e-09 | F28: =A$1*E28/A$2 -> #REF!
B29: =Data!C15*Data!G15 -> 1.6105371e-09 | C29: =SQRT(B29) -> 4.0131498e-05 | D29: =Data!E15 -> 6.350166e-12 | E29: =D29-(C29*I$22+I$21) -> -6.9651073e-09 | F29: =A$1*E29/A$2 -> #REF!
B30: =Data!C16*Data!G16 -> 1.6101339e-09 | C30: =SQRT(B30) -> 4.0126473e-05 | D30: =Data!E16 -> 6.352163e-12 | E30: =D30-(C30*I$22+I$21) -> -6.964233e-09 | F30: =A$1*E30/A$2 -> #REF!
A31: =Data!A17 -> Hardwoods_13_T1_1 | B31: =Data!C17*Data!G17 -> 1.3249983e-09 | C31: =SQRT(B31) -> 3.6400526e-05 | D31: =Data!E17 -> 6.275724e-12 | E31: =D31-(C31*I$22+I$21) -> -6.317405e-09 | F31: =A$1*E31/A$2 -> #REF!
B32: =Data!C18*Data!G18 -> 1.3246946e-09 | C32: =SQRT(B32) -> 3.6396355e-05 | D32: =Data!E18 -> 6.277455e-12 | E32: =D32-(C32*I$22+I$21) -> -6.316679e-09 | F32: =A$1*E32/A$2 -> #REF!
B33: =Data!C19*Data!G19 -> 1.3243541e-09 | C33: =SQRT(B33) -> 3.6391677e-05 | D33: =Data!E19 -> 6.276681e-12 | E33: =D33-(C33*I$22+I$21) -> -6.3158677e-09 | F33: =A$1*E33/A$2 -> #REF!
A34: =Data!A20 -> Hardwoods_14_T1_1 | B34: =Data!C20*Data!G20 -> 1.5509694e-09 | C34: =SQRT(B34) -> 3.9382348e-05 | D34: =Data!E20 -> 6.259296e-12 | E34: =D34-(C34*I$22+I$21) -> -6.8351298e-09 | F34: =A$1*E34/A$2 -> #REF!
B35: =Data!C21*Data!G21 -> 1.5509677e-09 | C35: =SQRT(B35) -> 3.9382327e-05 | D35: =Data!E21 -> 6.26218e-12 | E35: =D35-(C35*I$22+I$21) -> -6.8351232e-09 | F35: =A$1*E35/A$2 -> #REF!
B36: =Data!C22*Data!G22 -> 1.5509929e-09 | C36: =SQRT(B36) -> 3.9382648e-05 | D36: =Data!E22 -> 6.262415e-12 | E36: =D36-(C36*I$22+I$21) -> -6.8351786e-09 | F36: =A$1*E36/A$2 -> #REF!
A37: =Data!#REF! -> #REF! | B37: =Data!#REF!*Data!#REF! -> #REF! | C37: =SQRT(B37) -> #REF! | D37: =Data!#REF! -> #REF! | E37: =D37-(C37*I$22+I$21) -> #REF! | F37: =A$1*E37/A$2 -> #REF!
B38: =Data!#REF!*Data!#REF! -> #REF! | C38: =SQRT(B38) -> #REF! | D38: =Data!#REF! -> #REF! | E38: =D38-(C38*I$22+I$21) -> #REF! | F38: =A$1*E38/A$2 -> #REF!
B39: =Data!#REF!*Data!#REF! -> #REF! | C39: =SQRT(B39) -> #REF! | D39: =Data!#REF! -> #REF! | E39: =D39-(C39*I$22+I$21) -> #REF! | F39: =A$1*E39/A$2 -> #REF!
A40: =Data!#REF! -> #REF! | B40: =Data!#REF!*Data!#REF! -> #REF! | C40: =SQRT(B40) -> #REF! | D40: =Data!#REF! -> #REF! | E40: =D40-(C40*I$22+I$21) -> #REF! | F40: =A$1*E40/A$2 -> #REF!
B41: =Data!#REF!*Data!#REF! -> #REF! | C41: =SQRT(B41) -> #REF! | D41: =Data!#REF! -> #REF! | E41: =D41-(C41*I$22+I$21) -> #REF! | F41: =A$1*E41/A$2 -> #REF!
B42: =Data!#REF!*Data!#REF! -> #REF! | C42: =SQRT(B42) -> #REF! | D42: =Data!#REF! -> #REF! | E42: =D42-(C42*I$22+I$21) -> #REF! | F42: =A$1*E42/A$2 -> #REF!
A43: =Data!#REF! -> #REF! | B43: =Data!#REF!*Data!#REF! -> #REF! | C43: =SQRT(B43) -> #REF! | D43: =Data!#REF! -> #REF! | E43: =D43-(C43*I$22+I$21) -> #REF! | F43: =A$1*E43/A$2 -> #REF!
B44: =Data!#REF!*Data!#REF! -> #REF! | C44: =SQRT(B44) -> #REF! | D44: =Data!#REF! -> #REF! | E44: =D44-(C44*I$22+I$21) -> #REF! | F44: =A$1*E44/A$2 -> #REF!
B45: =Data!#REF!*Data!#REF! -> #REF! | C45: =SQRT(B45) -> #REF! | D45: =Data!#REF! -> #REF! | E45: =D45-(C45*I$22+I$21) -> #REF! | F45: =A$1*E45/A$2 -> #REF!
A46: =Data!#REF! -> #REF! | B46: =Data!#REF!*Data!#REF! -> #REF! | C46: =SQRT(B46) -> #REF! | D46: =Data!#REF! -> #REF! | E46: =D46-(C46*I$22+I$21) -> #REF! | F46: =A$1*E46/A$2 -> #REF!
B47: =Data!#REF!*Data!#REF! -> #REF! | C47: =SQRT(B47) -> #REF! | D47: =Data!#REF! -> #REF! | E47: =D47-(C47*I$22+I$21) -> #REF! | F47: =A$1*E47/A$2 -> #REF!
B48: =Data!#REF!*Data!#REF! -> #REF! | C48: =SQRT(B48) -> #REF! | D48: =Data!#REF! -> #REF! | E48: =D48-(C48*I$22+I$21) -> #REF! | F48: =A$1*E48/A$2 -> #REF!
A49: =Data!#REF! -> #REF! | B49: =Data!#REF!*Data!#REF! -> #REF! | C49: =SQRT(B49) -> #REF! | D49: =Data!#REF! -> #REF! | E49: =D49-(C49*I$22+I$21) -> #REF! | F49: =A$1*E49/A$2 -> #REF!
B50: =Data!#REF!*Data!#REF! -> #REF! | C50: =SQRT(B50) -> #REF! | D50: =Data!#REF! -> #REF! | E50: =D50-(C50*I$22+I$21) -> #REF! | F50: =A$1*E50/A$2 -> #REF!
B51: =Data!#REF!*Data!#REF! -> #REF! | C51: =SQRT(B51) -> #REF! | D51: =Data!#REF! -> #REF! | E51: =D51-(C51*I$22+I$21) -> #REF! | F51: =A$1*E51/A$2 -> #REF!
A52: =Data!#REF! -> #REF! | B52: =Data!#REF!*Data!#REF! -> #REF! | C52: =SQRT(B52) -> #REF! | D52: =Data!#REF! -> #REF! | E52: =D52-(C52*I$22+I$21) -> #REF! | F52: =A$1*E52/A$2 -> #REF!
B53: =Data!#REF!*Data!#REF! -> #REF! | C53: =SQRT(B53) -> #REF! | D53: =Data!#REF! -> #REF! | E53: =D53-(C53*I$22+I$21) -> #REF! | F53: =A$1*E53/A$2 -> #REF!
B54: =Data!#REF!*Data!#REF! -> #REF! | C54: =SQRT(B54) -> #REF! | D54: =Data!#REF! -> #REF! | E54: =D54-(C54*I$22+I$21) -> #REF! | F54: =A$1*E54/A$2 -> #REF!
A55: =Data!#REF! -> #REF! | B55: =Data!#REF!*Data!#REF! -> #REF! | C55: =SQRT(B55) -> #REF! | D55: =Data!#REF! -> #REF! | E55: =D55-(C55*I$22+I$21) -> #REF! | F55: =A$1*E55/A$2 -> #REF! | G55: =AVERAGE(F55:F57) -> #REF!
B56: =Data!#REF!*Data!#REF! -> #REF! | C56: =SQRT(B56) -> #REF! | D56: =Data!#REF! -> #REF! | E56: =D56-(C56*I$22+I$21) -> #REF! | F56: =A$1*E56/A$2 -> #REF!
B57: =Data!#REF!*Data!#REF! -> #REF! | C57: =SQRT(B57) -> #REF! | D57: =Data!#REF! -> #REF! | E57: =D57-(C57*I$22+I$21) -> #REF! | F57: =A$1*E57/A$2 -> #REF!
A58: =Data!#REF! -> #REF! | B58: =Data!#REF!*Data!#REF! -> #REF! | C58: =SQRT(B58) -> #REF! | D58: =Data!#REF! -> #REF! | E58: =D58-(C58*I$22+I$21) -> #REF! | F58: =A$1*E58/A$2 -> #REF! | G58: =AVERAGE(F58:F60) -> #REF!
B59: =Data!#REF!*Data!#REF! -> #REF! | C59: =SQRT(B59) -> #REF! | D59: =Data!#REF! -> #REF! | E59: =D59-(C59*I$22+I$21) -> #REF! | F59: =A$1*E59/A$2 -> #REF!
B60: =Data!#REF!*Data!#REF! -> #REF! | C60: =SQRT(B60) -> #REF! | D60: =Data!#REF! -> #REF! | E60: =D60-(C60*I$22+I$21) -> #REF! | F60: =A$1*E60/A$2 -> #REF!
A61: =Data!#REF! -> #REF! | B61: =Data!#REF!*Data!#REF! -> #REF! | C61: =SQRT(B61) -> #REF! | D61: =Data!#REF! -> #REF! | E61: =D61-(C61*I$22+I$21) -> #REF! | F61: =A$1*E61/A$2 -> #REF! | G61: =AVERAGE(F61:F63) -> #REF!
B62: =Data!#REF!*Data!#REF! -> #REF! | C62: =SQRT(B62) -> #REF! | D62: =Data!#REF! -> #REF! | E62: =D62-(C62*I$22+I$21) -> #REF! | F62: =A$1*E62/A$2 -> #REF!
B63: =Data!#REF!*Data!#REF! -> #REF! | C63: =SQRT(B63) -> #REF! | D63: =Data!#REF! -> #REF! | E63: =D63-(C63*I$22+I$21) -> #REF! | F63: =A$1*E63/A$2 -> #REF!
A64: =Data!#REF! -> #REF! | B64: =Data!#REF!*Data!#REF! -> #REF! | C64: =SQRT(B64) -> #REF! | D64: =Data!#REF! -> #REF! | E64: =D64-(C64*I$22+I$21) -> #REF! | F64: =A$1*E64/A$2 -> #REF! | G64: =AVERAGE(F64:F66) -> #REF!
B65: =Data!#REF!*Data!#REF! -> #REF! | C65: =SQRT(B65) -> #REF! | D65: =Data!#REF! -> #REF! | E65: =D65-(C65*I$22+I$21) -> #REF! | F65: =A$1*E65/A$2 -> #REF!
B66: =Data!#REF!*Data!#REF! -> #REF! | C66: =SQRT(B66) -> #REF! | D66: =Data!#REF! -> #REF! | E66: =D66-(C66*I$22+I$21) -> #REF! | F66: =A$1*E66/A$2 -> #REF!
A67: =Data!#REF! -> #REF! | B67: =Data!#REF!*Data!#REF! -> #REF! | C67: =SQRT(B67) -> #REF! | D67: =Data!#REF! -> #REF! | E67: =D67-(C67*I$22+I$21) -> #REF! | F67: =A$1*E67/A$2 -> #REF! | G67: =AVERAGE(F67:F69) -> #REF!
B68: =Data!#REF!*Data!#REF! -> #REF! | C68: =SQRT(B68) -> #REF! | D68: =Data!#REF! -> #REF! | E68: =D68-(C68*I$22+I$21) -> #REF! | F68: =A$1*E68/A$2 -> #REF!
B69: =Data!#REF!*Data!#REF! -> #REF! | C69: =SQRT(B69) -> #REF! | D69: =Data!#REF! -> #REF! | E69: =D69-(C69*I$22+I$21) -> #REF! | F69: =A$1*E69/A$2 -> #REF!
A70: =Data!#REF! -> #REF! | B70: =Data!#REF!*Data!#REF! -> #REF! | C70: =SQRT(B70) -> #REF! | D70: =Data!#REF! -> #REF! | E70: =D70-(C70*I$22+I$21) -> #REF! | F70: =A$1*E70/A$2 -> #REF! | G70: =AVERAGE(F70:F72) -> #REF!
B71: =Data!#REF!*Data!#REF! -> #REF! | C71: =SQRT(B71) -> #REF! | D71: =Data!#REF! -> #REF! | E71: =D71-(C71*I$22+I$21) -> #REF! | F71: =A$1*E71/A$2 -> #REF!
B72: =Data!#REF!*Data!#REF! -> #REF! | C72: =SQRT(B72) -> #REF! | D72: =Data!#REF! -> #REF! | E72: =D72-(C72*I$22+I$21) -> #REF! | F72: =A$1*E72/A$2 -> #REF!
A73: =Data!#REF! -> #REF! | B73: =Data!#REF!*Data!#REF! -> #REF! | C73: =SQRT(B73) -> #REF! | D73: =Data!#REF! -> #REF! | E73: =D73-(C73*I$22+I$21) -> #REF! | F73: =A$1*E73/A$2 -> #REF! | G73: =AVERAGE(F73:F75) -> #REF!
B74: =Data!#REF!*Data!#REF! -> #REF! | C74: =SQRT(B74) -> #REF! | D74: =Data!#REF! -> #REF! | E74: =D74-(C74*I$22+I$21) -> #REF! | F74: =A$1*E74/A$2 -> #REF!
B75: =Data!#REF!*Data!#REF! -> #REF! | C75: =SQRT(B75) -> #REF! | D75: =Data!#REF! -> #REF! | E75: =D75-(C75*I$22+I$21) -> #REF! | F75: =A$1*E75/A$2 -> #REF!
A76: =Data!#REF! -> #REF! | B76: =Data!#REF!*Data!#REF! -> #REF! | C76: =SQRT(B76) -> #REF! | D76: =Data!#REF! -> #REF! | E76: =D76-(C76*I$22+I$21) -> #REF! | F76: =A$1*E76/A$2 -> #REF! | G76: =AVERAGE(F76:F78) -> #REF!
B77: =Data!#REF!*Data!#REF! -> #REF! | C77: =SQRT(B77) -> #REF! | D77: =Data!#REF! -> #REF! | E77: =D77-(C77*I$22+I$21) -> #REF! | F77: =A$1*E77/A$2 -> #REF!
B78: =Data!#REF!*Data!#REF! -> #REF! | C78: =SQRT(B78) -> #REF! | D78: =Data!#REF! -> #REF! | E78: =D78-(C78*I$22+I$21) -> #REF! | F78: =A$1*E78/A$2 -> #REF!
A79: =Data!#REF! -> #REF! | B79: =Data!#REF!*Data!#REF! -> #REF! | C79: =SQRT(B79) -> #REF! | D79: =Data!#REF! -> #REF! | E79: =D79-(C79*I$22+I$21) -> #REF! | F79: =A$1*E79/A$2 -> #REF! | G79: =AVERAGE(F79:F81) -> #REF!
B80: =Data!#REF!*Data!#REF! -> #REF! | C80: =SQRT(B80) -> #REF! | D80: =Data!#REF! -> #REF! | E80: =D80-(C80*I$22+I$21) -> #REF! | F80: =A$1*E80/A$2 -> #REF!
B81: =Data!#REF!*Data!#REF! -> #REF! | C81: =SQRT(B81) -> #REF! | D81: =Data!#REF! -> #REF! | E81: =D81-(C81*I$22+I$21) -> #REF! | F81: =A$1*E81/A$2 -> #REF!
A82: =Data!#REF! -> #REF! | B82: =Data!#REF!*Data!#REF! -> #REF! | C82: =SQRT(B82) -> #REF! | D82: =Data!#REF! -> #REF! | E82: =D82-(C82*I$22+I$21) -> #REF! | F82: =A$1*E82/A$2 -> #REF! | G82: =AVERAGE(F82:F84) -> #REF!
B83: =Data!#REF!*Data!#REF! -> #REF! | C83: =SQRT(B83) -> #REF! | D83: =Data!#REF! -> #REF! | E83: =D83-(C83*I$22+I$21) -> #REF! | F83: =A$1*E83/A$2 -> #REF!
B84: =Data!#REF!*Data!#REF! -> #REF! | C84: =SQRT(B84) -> #REF! | D84: =Data!#REF! -> #REF! | E84: =D84-(C84*I$22+I$21) -> #REF! | F84: =A$1*E84/A$2 -> #REF!
A85: =Data!#REF! -> #REF! | B85: =Data!#REF!*Data!#REF! -> #REF! | C85: =SQRT(B85) -> #REF! | D85: =Data!#REF! -> #REF! | E85: =D85-(C85*I$22+I$21) -> #REF! | F85: =A$1*E85/A$2 -> #REF! | G85: =AVERAGE(F85:F87) -> #REF!
B86: =Data!#REF!*Data!#REF! -> #REF! | C86: =SQRT(B86) -> #REF! | D86: =Data!#REF! -> #REF! | E86: =D86-(C86*I$22+I$21) -> #REF! | F86: =A$1*E86/A$2 -> #REF!
B87: =Data!#REF!*Data!#REF! -> #REF! | C87: =SQRT(B87) -> #REF! | D87: =Data!#REF! -> #REF! | E87: =D87-(C87*I$22+I$21) -> #REF! | F87: =A$1*E87/A$2 -> #REF!
A88: =Data!#REF! -> #REF! | B88: =Data!#REF!*Data!#REF! -> #REF! | C88: =SQRT(B88) -> #REF! | D88: =Data!#REF! -> #REF! | E88: =D88-(C88*I$22+I$21) -> #REF! | F88: =A$1*E88/A$2 -> #REF! | G88: =AVERAGE(F88:F90) -> #REF!
B89: =Data!#REF!*Data!#REF! -> #REF! | C89: =SQRT(B89) -> #REF! | D89: =Data!#REF! -> #REF! | E89: =D89-(C89*I$22+I$21) -> #REF! | F89: =A$1*E89/A$2 -> #REF!
B90: =Data!#REF!*Data!#REF! -> #REF! | C90: =SQRT(B90) -> #REF! | D90: =Data!#REF! -> #REF! | E90: =D90-(C90*I$22+I$21) -> #REF! | F90: =A$1*E90/A$2 -> #REF!
A91: =Data!#REF! -> #REF! | B91: =Data!#REF!*Data!#REF! -> #REF! | C91: =SQRT(B91) -> #REF! | D91: =Data!#REF! -> #REF! | E91: =D91-(C91*I$22+I$21) -> #REF! | F91: =A$1*E91/A$2 -> #REF! | G91: =AVERAGE(F91:F93) -> #REF!
B92: =Data!#REF!*Data!#REF! -> #REF! | C92: =SQRT(B92) -> #REF! | D92: =Data!#REF! -> #REF! | E92: =D92-(C92*I$22+I$21) -> #REF! | F92: =A$1*E92/A$2 -> #REF!
B93: =Data!#REF!*Data!#REF! -> #REF! | C93: =SQRT(B93) -> #REF! | D93: =Data!#REF! -> #REF! | E93: =D93-(C93*I$22+I$21) -> #REF! | F93: =A$1*E93/A$2 -> #REF!
A94: =Data!#REF! -> #REF! | B94: =Data!#REF!*Data!#REF! -> #REF! | C94: =SQRT(B94) -> #REF! | D94: =Data!#REF! -> #REF! | E94: =D94-(C94*I$22+I$21) -> #REF! | F94: =A$1*E94/A$2 -> #REF! | G94: =AVERAGE(F94:F96) -> #REF!
B95: =Data!#REF!*Data!#REF! -> #REF! | C95: =SQRT(B95) -> #REF! | D95: =Data!#REF! -> #REF! | E95: =D95-(C95*I$22+I$21) -> #REF! | F95: =A$1*E95/A$2 -> #REF!
B96: =Data!#REF!*Data!#REF! -> #REF! | C96: =SQRT(B96) -> #REF! | D96: =Data!#REF! -> #REF! | E96: =D96-(C96*I$22+I$21) -> #REF! | F96: =A$1*E96/A$2 -> #REF!
A97: =Data!#REF! -> #REF! | B97: =Data!#REF!*Data!#REF! -> #REF! | C97: =SQRT(B97) -> #REF! | D97: =Data!#REF! -> #REF! | E97: =D97-(C97*I$22+I$21) -> #REF! | F97: =A$1*E97/A$2 -> #REF! | G97: =AVERAGE(F97:F99) -> #REF!
B98: =Data!#REF!*Data!#REF! -> #REF! | C98: =SQRT(B98) -> #REF! | D98: =Data!#REF! -> #REF! | E98: =D98-(C98*I$22+I$21) -> #REF! | F98: =A$1*E98/A$2 -> #REF!
B99: =Data!#REF!*Data!#REF! -> #REF! | C99: =SQRT(B99) -> #REF! | D99: =Data!#REF! -> #REF! | E99: =D99-(C99*I$22+I$21) -> #REF! | F99: =A$1*E99/A$2 -> #REF!
A100: =Data!#REF! -> #REF! | B100: =Data!#REF!*Data!#REF! -> #REF! | C100: =SQRT(B100) -> #REF! | D100: =Data!#REF! -> #REF! | E100: =D100-(C100*I$22+I$21) -> #REF! | F100: =A$1*E100/A$2 -> #REF! | G100: =AVERAGE(F100:F102) -> #REF!
B101: =Data!#REF!*Data!#REF! -> #REF! | C101: =SQRT(B101) -> #REF! | D101: =Data!#REF! -> #REF! | E101: =D101-(C101*I$22+I$21) -> #REF! | F101: =A$1*E101/A$2 -> #REF!
B102: =Data!#REF!*Data!#REF! -> #REF! | C102: =SQRT(B102) -> #REF! | D102: =Data!#REF! -> #REF! | E102: =D102-(C102*I$22+I$21) -> #REF! | F102: =A$1*E102/A$2 -> #REF!
...

Sheet 29N2
A1: ='30N2'!A1 -> 531.2 | B1: =actual N2 at 20/0
A2: ='30N2'!A2 -> #REF! | B2: =average measured N2 at 20/0
B4: x | C4: y | E4: N29 based
B5: N28 | C5: N29 | D5: Excess | E5: on N2 | G5: SUMMARY OUTPUT
A7: ='30N2'!A7 -> #REF! | B7: =Data!#REF! -> #REF! | C7: =Data!#REF! -> #REF! | D7: =C7-(B7*H$22+H$21) -> #REF! | E7: =A$1*D7/A$2 -> #REF! | G7: Regression Statistics
B8: =Data!#REF! -> #REF! | C8: =Data!#REF! -> #REF! | D8: =C8-(B8*H$22+H$21) -> #REF! | E8: =A$1*D8/A$2 -> #REF! | G8: Multiple R | H8: 0.9998193
B9: =Data!#REF! -> #REF! | C9: =Data!#REF! -> #REF! | D9: =C9-(B9*H$22+H$21) -> #REF! | E9: =A$1*D9/A$2 -> #REF! | G9: R Square | H9: 0.99963863
A10: ='30N2'!A10 -> #REF! | B10: =Data!#REF! -> #REF! | C10: =Data!#REF! -> #REF! | D10: =C10-(B10*H$22+H$21) -> #REF! | E10: =A$1*D10/A$2 -> #REF! | G10: Adjusted R Square | H10: 0.99963077
B11: =Data!#REF! -> #REF! | C11: =Data!#REF! -> #REF! | D11: =C11-(B11*H$22+H$21) -> #REF! | E11: =A$1*D11/A$2 -> #REF! | G11: Standard Error | H11: 6.367191e-13
B12: =Data!#REF! -> #REF! | C12: =Data!#REF! -> #REF! | D12: =C12-(B12*H$22+H$21) -> #REF! | E12: =A$1*D12/A$2 -> #REF! | G12: Observations | H12: 48
A13: ='30N2'!A13 -> #REF! | B13: =Data!#REF! -> #REF! | C13: =Data!#REF! -> #REF! | D13: =C13-(B13*H$22+H$21) -> #REF! | E13: =A$1*D13/A$2 -> #REF!
B14: =Data!#REF! -> #REF! | C14: =Data!#REF! -> #REF! | D14: =C14-(B14*H$22+H$21) -> #REF! | E14: =A$1*D14/A$2 -> #REF! | G14: ANOVA
B15: =Data!#REF! -> #REF! | C15: =Data!#REF! -> #REF! | D15: =C15-(B15*H$22+H$21) -> #REF! | E15: =A$1*D15/A$2 -> #REF! | H15: df | I15: SS | J15: MS | K15: F | L15: Significance F
A16: ='30N2'!A16 -> #REF! | B16: =Data!#REF! -> #REF! | C16: =Data!#REF! -> #REF! | D16: =C16-(B16*H$22+H$21) -> #REF! | E16: =A$1*D16/A$2 -> #REF! | G16: Regression | H16: 1 | I16: 5.1586937e-20 | J16: 5.1586937e-20 | K16: 127245.96 | L16: 7.9668052e-81
B17: =Data!#REF! -> #REF! | C17: =Data!#REF! -> #REF! | D17: =C17-(B17*H$22+H$21) -> #REF! | E17: =A$1*D17/A$2 -> #REF! | G17: Residual | H17: 46 | I17: 1.8648916e-23 | J17: 4.0541121e-25
B18: =Data!#REF! -> #REF! | C18: =Data!#REF! -> #REF! | D18: =C18-(B18*H$22+H$21) -> #REF! | E18: =A$1*D18/A$2 -> #REF! | G18: Total | H18: 47 | I18: 5.1605586e-20
A19: ='30N2'!A19 -> #REF! | B19: =Data!#REF! -> #REF! | C19: =Data!#REF! -> #REF! | D19: =C19-(B19*H$22+H$21) -> #REF! | E19: =A$1*D19/A$2 -> #REF!
B20: =Data!#REF! -> #REF! | C20: =Data!#REF! -> #REF! | D20: =C20-(B20*H$22+H$21) -> #REF! | E20: =A$1*D20/A$2 -> #REF! | H20: Coefficients | I20: Standard Error | J20: t Stat | K20: P-value | L20: Lower 95% | M20: Upper 95% | N20: Lower 95.0% | O20: Upper 95.0%
B21: =Data!#REF! -> #REF! | C21: =Data!#REF! -> #REF! | D21: =C21-(B21*H$22+H$21) -> #REF! | E21: =A$1*D21/A$2 -> #REF! | G21: Intercept | H21: 2.7348578e-12 | I21: 1.0787438e-12 | J21: 2.5352245 | K21: 0.014701501 | L21: 5.6345907e-13 | M21: 4.9062565e-12 | N21: 5.6345907e-13 | O21: 4.9062565e-12
A22: ='30N2'!A22 -> #REF! | B22: =Data!#REF! -> #REF! | C22: =Data!#REF! -> #REF! | D22: =C22-(B22*H$22+H$21) -> #REF! | E22: =A$1*D22/A$2 -> #REF! | G22: X Variable 1 | H22: 0.0069954418 | I22: 1.9610703e-05 | J22: 356.71551 | K22: 7.9668052e-81 | L22: 0.0069559675 | M22: 0.0070349161 | N22: 0.0069559675 | O22: 0.0070349161
B23: =Data!#REF! -> #REF! | C23: =Data!#REF! -> #REF! | D23: =C23-(B23*H$22+H$21) -> #REF! | E23: =A$1*D23/A$2 -> #REF!
B24: =Data!#REF! -> #REF! | C24: =Data!#REF! -> #REF! | D24: =C24-(B24*H$22+H$21) -> #REF! | E24: =A$1*D24/A$2 -> #REF!
A25: ='30N2'!A25 -> 30 | B25: =Data!C11 -> 1.464004e-10 | C25: =Data!D11 -> 6.847302e-11 | D25: =C25-(B25*H$22+H$21) -> 6.4714027e-11 | E25: =A$1*D25/A$2 -> #REF!
B26: =Data!C12 -> 1.463889e-10 | C26: =Data!D12 -> 6.846379e-11 | D26: =C26-(B26*H$22+H$21) -> 6.4704877e-11 | E26: =A$1*D26/A$2 -> #REF!
B27: =Data!C13 -> 1.462323e-10 | C27: =Data!D13 -> 6.839896e-11 | D27: =C27-(B27*H$22+H$21) -> 6.4641143e-11 | E27: =A$1*D27/A$2 -> #REF!
A28: ='30N2'!A28 -> Hardwoods_IN_T1_1 | B28: =Data!C14 -> 1.703647e-10 | C28: =Data!D14 -> 6.002009e-11 | D28: =C28-(B28*H$22+H$21) -> 5.6093456e-11 | E28: =A$1*D28/A$2 -> #REF!
B29: =Data!C15 -> 1.703934e-10 | C29: =Data!D15 -> 6.002097e-11 | D29: =C29-(B29*H$22+H$21) -> 5.6094135e-11 | E29: =A$1*D29/A$2 -> #REF!
B30: =Data!C16 -> 1.704076e-10 | C30: =Data!D16 -> 6.001982e-11 | D30: =C30-(B30*H$22+H$21) -> 5.6092886e-11 | E30: =A$1*D30/A$2 -> #REF!
A31: ='30N2'!A31 -> Hardwoods_13_T1_1 | B31: =Data!C17 -> 1.682895e-10 | C31: =Data!D17 -> 4.941083e-11 | D31: =C31-(B31*H$22+H$21) -> 4.5498713e-11 | E31: =A$1*D31/A$2 -> #REF!
B32: =Data!C18 -> 1.683322e-10 | C32: =Data!D18 -> 4.940059e-11 | D32: =C32-(B32*H$22+H$21) -> 4.5488174e-11 | E32: =A$1*D32/A$2 -> #REF!
B33: =Data!C19 -> 1.683272e-10 | C33: =Data!D19 -> 4.938328e-11 | D33: =C33-(B33*H$22+H$21) -> 4.5470899e-11 | E33: =A$1*D33/A$2 -> #REF!
A34: ='30N2'!A34 -> Hardwoods_14_T1_1 | B34: =Data!C20 -> 1.678446e-10 | C34: =Data!D20 -> 5.783908e-11 | D34: =C34-(B34*H$22+H$21) -> 5.3930075e-11 | E34: =A$1*D34/A$2 -> #REF!
B35: =Data!C21 -> 1.678652e-10 | C35: =Data!D21 -> 5.785856e-11 | D35: =C35-(B35*H$22+H$21) -> 5.3949411e-11 | E35: =A$1*D35/A$2 -> #REF!
B36: =Data!C22 -> 1.678641e-10 | C36: =Data!D22 -> 5.786206e-11 | D36: =C36-(B36*H$22+H$21) -> 5.3952919e-11 | E36: =A$1*D36/A$2 -> #REF!
A37: ='30N2'!A37 -> #REF! | B37: =Data!#REF! -> #REF! | C37: =Data!#REF! -> #REF! | D37: =C37-(B37*H$22+H$21) -> #REF! | E37: =A$1*D37/A$2 -> #REF!
B38: =Data!#REF! -> #REF! | C38: =Data!#REF! -> #REF! | D38: =C38-(B38*H$22+H$21) -> #REF! | E38: =A$1*D38/A$2 -> #REF!
B39: =Data!#REF! -> #REF! | C39: =Data!#REF! -> #REF! | D39: =C39-(B39*H$22+H$21) -> #REF! | E39: =A$1*D39/A$2 -> #REF!
A40: ='30N2'!A40 -> #REF! | B40: =Data!#REF! -> #REF! | C40: =Data!#REF! -> #REF! | D40: =C40-(B40*H$22+H$21) -> #REF! | E40: =A$1*D40/A$2 -> #REF!
B41: =Data!#REF! -> #REF! | C41: =Data!#REF! -> #REF! | D41: =C41-(B41*H$22+H$21) -> #REF! | E41: =A$1*D41/A$2 -> #REF!
B42: =Data!#REF! -> #REF! | C42: =Data!#REF! -> #REF! | D42: =C42-(B42*H$22+H$21) -> #REF! | E42: =A$1*D42/A$2 -> #REF!
A43: ='30N2'!A31 -> Hardwoods_13_T1_1 | B43: =Data!#REF! -> #REF! | C43: =Data!#REF! -> #REF! | D43: =C43-(B43*H$22+H$21) -> #REF! | E43: =A$1*D43/A$2 -> #REF!
B44: =Data!#REF! -> #REF! | C44: =Data!#REF! -> #REF! | D44: =C44-(B44*H$22+H$21) -> #REF! | E44: =A$1*D44/A$2 -> #REF!
B45: =Data!#REF! -> #REF! | C45: =Data!#REF! -> #REF! | D45: =C45-(B45*H$22+H$21) -> #REF! | E45: =A$1*D45/A$2 -> #REF!
A46: ='30N2'!A34 -> Hardwoods_14_T1_1 | B46: =Data!#REF! -> #REF! | C46: =Data!#REF! -> #REF! | D46: =C46-(B46*H$22+H$21) -> #REF! | E46: =A$1*D46/A$2 -> #REF!
B47: =Data!#REF! -> #REF! | C47: =Data!#REF! -> #REF! | D47: =C47-(B47*H$22+H$21) -> #REF! | E47: =A$1*D47/A$2 -> #REF!
B48: =Data!#REF! -> #REF! | C48: =Data!#REF! -> #REF! | D48: =C48-(B48*H$22+H$21) -> #REF! | E48: =A$1*D48/A$2 -> #REF!
A49: ='30N2'!A37 -> #REF! | B49: =Data!#REF! -> #REF! | C49: =Data!#REF! -> #REF! | D49: =C49-(B49*H$22+H$21) -> #REF! | E49: =A$1*D49/A$2 -> #REF!
B50: =Data!#REF! -> #REF! | C50: =Data!#REF! -> #REF! | D50: =C50-(B50*H$22+H$21) -> #REF! | E50: =A$1*D50/A$2 -> #REF!
B51: =Data!#REF! -> #REF! | C51: =Data!#REF! -> #REF! | D51: =C51-(B51*H$22+H$21) -> #REF! | E51: =A$1*D51/A$2 -> #REF!
A52: ='30N2'!A40 -> #REF! | B52: =Data!#REF! -> #REF! | C52: =Data!#REF! -> #REF! | D52: =C52-(B52*H$22+H$21) -> #REF! | E52: =A$1*D52/A$2 -> #REF!
B53: =Data!#REF! -> #REF! | C53: =Data!#REF! -> #REF! | D53: =C53-(B53*H$22+H$21) -> #REF! | E53: =A$1*D53/A$2 -> #REF!
B54: =Data!#REF! -> #REF! | C54: =Data!#REF! -> #REF! | D54: =C54-(B54*H$22+H$21) -> #REF! | E54: =A$1*D54/A$2 -> #REF!
A55: ='30N2'!A55 -> #REF! | B55: =Data!#REF! -> #REF! | C55: =Data!#REF! -> #REF! | D55: =C55-(B55*H$22+H$21) -> #REF! | E55: =A$1*D55/A$2 -> #REF! | F55: =AVERAGE(E55:E57) -> #REF!
B56: =Data!#REF! -> #REF! | C56: =Data!#REF! -> #REF! | D56: =C56-(B56*H$22+H$21) -> #REF! | E56: =A$1*D56/A$2 -> #REF!
B57: =Data!#REF! -> #REF! | C57: =Data!#REF! -> #REF! | D57: =C57-(B57*H$22+H$21) -> #REF! | E57: =A$1*D57/A$2 -> #REF!
A58: ='30N2'!A58 -> #REF! | B58: =Data!#REF! -> #REF! | C58: =Data!#REF! -> #REF! | D58: =C58-(B58*H$22+H$21) -> #REF! | E58: =A$1*D58/A$2 -> #REF! | F58: =AVERAGE(E58:E60) -> #REF!
B59: =Data!#REF! -> #REF! | C59: =Data!#REF! -> #REF! | D59: =C59-(B59*H$22+H$21) -> #REF! | E59: =A$1*D59/A$2 -> #REF!
B60: =Data!#REF! -> #REF! | C60: =Data!#REF! -> #REF! | D60: =C60-(B60*H$22+H$21) -> #REF! | E60: =A$1*D60/A$2 -> #REF!
A61: ='30N2'!A61 -> #REF! | B61: =Data!#REF! -> #REF! | C61: =Data!#REF! -> #REF! | D61: =C61-(B61*H$22+H$21) -> #REF! | E61: =A$1*D61/A$2 -> #REF! | F61: =AVERAGE(E61:E63) -> #REF!
B62: =Data!#REF! -> #REF! | C62: =Data!#REF! -> #REF! | D62: =C62-(B62*H$22+H$21) -> #REF! | E62: =A$1*D62/A$2 -> #REF!
B63: =Data!#REF! -> #REF! | C63: =Data!#REF! -> #REF! | D63: =C63-(B63*H$22+H$21) -> #REF! | E63: =A$1*D63/A$2 -> #REF!
A64: ='30N2'!A64 -> #REF! | B64: =Data!#REF! -> #REF! | C64: =Data!#REF! -> #REF! | D64: =C64-(B64*H$22+H$21) -> #REF! | E64: =A$1*D64/A$2 -> #REF! | F64: =AVERAGE(E64:E66) -> #REF!
B65: =Data!#REF! -> #REF! | C65: =Data!#REF! -> #REF! | D65: =C65-(B65*H$22+H$21) -> #REF! | E65: =A$1*D65/A$2 -> #REF!
B66: =Data!#REF! -> #REF! | C66: =Data!#REF! -> #REF! | D66: =C66-(B66*H$22+H$21) -> #REF! | E66: =A$1*D66/A$2 -> #REF!
A67: ='30N2'!A67 -> #REF! | B67: =Data!#REF! -> #REF! | C67: =Data!#REF! -> #REF! | D67: =C67-(B67*H$22+H$21) -> #REF! | E67: =A$1*D67/A$2 -> #REF! | F67: =AVERAGE(E67:E69) -> #REF!
B68: =Data!#REF! -> #REF! | C68: =Data!#REF! -> #REF! | D68: =C68-(B68*H$22+H$21) -> #REF! | E68: =A$1*D68/A$2 -> #REF!
B69: =Data!#REF! -> #REF! | C69: =Data!#REF! -> #REF! | D69: =C69-(B69*H$22+H$21) -> #REF! | E69: =A$1*D69/A$2 -> #REF!
A70: ='30N2'!A70 -> #REF! | B70: =Data!#REF! -> #REF! | C70: =Data!#REF! -> #REF! | D70: =C70-(B70*H$22+H$21) -> #REF! | E70: =A$1*D70/A$2 -> #REF! | F70: =AVERAGE(E70:E72) -> #REF!
B71: =Data!#REF! -> #REF! | C71: =Data!#REF! -> #REF! | D71: =C71-(B71*H$22+H$21) -> #REF! | E71: =A$1*D71/A$2 -> #REF!
B72: =Data!#REF! -> #REF! | C72: =Data!#REF! -> #REF! | D72: =C72-(B72*H$22+H$21) -> #REF! | E72: =A$1*D72/A$2 -> #REF!
A73: ='30N2'!A73 -> #REF! | B73: =Data!#REF! -> #REF! | C73: =Data!#REF! -> #REF! | D73: =C73-(B73*H$22+H$21) -> #REF! | E73: =A$1*D73/A$2 -> #REF! | F73: =AVERAGE(E73:E75) -> #REF!
B74: =Data!#REF! -> #REF! | C74: =Data!#REF! -> #REF! | D74: =C74-(B74*H$22+H$21) -> #REF! | E74: =A$1*D74/A$2 -> #REF!
B75: =Data!#REF! -> #REF! | C75: =Data!#REF! -> #REF! | D75: =C75-(B75*H$22+H$21) -> #REF! | E75: =A$1*D75/A$2 -> #REF!
A76: ='30N2'!A76 -> #REF! | B76: =Data!#REF! -> #REF! | C76: =Data!#REF! -> #REF! | D76: =C76-(B76*H$22+H$21) -> #REF! | E76: =A$1*D76/A$2 -> #REF! | F76: =AVERAGE(E76:E78) -> #REF!
B77: =Data!#REF! -> #REF! | C77: =Data!#REF! -> #REF! | D77: =C77-(B77*H$22+H$21) -> #REF! | E77: =A$1*D77/A$2 -> #REF!
B78: =Data!#REF! -> #REF! | C78: =Data!#REF! -> #REF! | D78: =C78-(B78*H$22+H$21) -> #REF! | E78: =A$1*D78/A$2 -> #REF!
A79: ='30N2'!A79 -> #REF! | B79: =Data!#REF! -> #REF! | C79: =Data!#REF! -> #REF! | D79: =C79-(B79*H$22+H$21) -> #REF! | E79: =A$1*D79/A$2 -> #REF! | F79: =AVERAGE(E79:E81) -> #REF!
B80: =Data!#REF! -> #REF! | C80: =Data!#REF! -> #REF! | D80: =C80-(B80*H$22+H$21) -> #REF! | E80: =A$1*D80/A$2 -> #REF!
B81: =Data!#REF! -> #REF! | C81: =Data!#REF! -> #REF! | D81: =C81-(B81*H$22+H$21) -> #REF! | E81: =A$1*D81/A$2 -> #REF!
A82: ='30N2'!A82 -> #REF! | B82: =Data!#REF! -> #REF! | C82: =Data!#REF! -> #REF! | D82: =C82-(B82*H$22+H$21) -> #REF! | E82: =A$1*D82/A$2 -> #REF! | F82: =AVERAGE(E82:E84) -> #REF!
B83: =Data!#REF! -> #REF! | C83: =Data!#REF! -> #REF! | D83: =C83-(B83*H$22+H$21) -> #REF! | E83: =A$1*D83/A$2 -> #REF!
B84: =Data!#REF! -> #REF! | C84: =Data!#REF! -> #REF! | D84: =C84-(B84*H$22+H$21) -> #REF! | E84: =A$1*D84/A$2 -> #REF!
A85: ='30N2'!A85 -> #REF! | B85: =Data!#REF! -> #REF! | C85: =Data!#REF! -> #REF! | D85: =C85-(B85*H$22+H$21) -> #REF! | E85: =A$1*D85/A$2 -> #REF! | F85: =AVERAGE(E85:E87) -> #REF!
B86: =Data!#REF! -> #REF! | C86: =Data!#REF! -> #REF! | D86: =C86-(B86*H$22+H$21) -> #REF! | E86: =A$1*D86/A$2 -> #REF!
B87: =Data!#REF! -> #REF! | C87: =Data!#REF! -> #REF! | D87: =C87-(B87*H$22+H$21) -> #REF! | E87: =A$1*D87/A$2 -> #REF!
A88: ='30N2'!A88 -> #REF! | B88: =Data!#REF! -> #REF! | C88: =Data!#REF! -> #REF! | D88: =C88-(B88*H$22+H$21) -> #REF! | E88: =A$1*D88/A$2 -> #REF! | F88: =AVERAGE(E88:E90) -> #REF!
B89: =Data!#REF! -> #REF! | C89: =Data!#REF! -> #REF! | D89: =C89-(B89*H$22+H$21) -> #REF! | E89: =A$1*D89/A$2 -> #REF!
B90: =Data!#REF! -> #REF! | C90: =Data!#REF! -> #REF! | D90: =C90-(B90*H$22+H$21) -> #REF! | E90: =A$1*D90/A$2 -> #REF!
A91: ='30N2'!A91 -> #REF! | B91: =Data!#REF! -> #REF! | C91: =Data!#REF! -> #REF! | D91: =C91-(B91*H$22+H$21) -> #REF! | E91: =A$1*D91/A$2 -> #REF! | F91: =AVERAGE(E91:E93) -> #REF!
B92: =Data!#REF! -> #REF! | C92: =Data!#REF! -> #REF! | D92: =C92-(B92*H$22+H$21) -> #REF! | E92: =A$1*D92/A$2 -> #REF!
B93: =Data!#REF! -> #REF! | C93: =Data!#REF! -> #REF! | D93: =C93-(B93*H$22+H$21) -> #REF! | E93: =A$1*D93/A$2 -> #REF!
A94: ='30N2'!A94 -> #REF! | B94: =Data!#REF! -> #REF! | C94: =Data!#REF! -> #REF! | D94: =C94-(B94*H$22+H$21) -> #REF! | E94: =A$1*D94/A$2 -> #REF! | F94: =AVERAGE(E94:E96) -> #REF!
B95: =Data!#REF! -> #REF! | C95: =Data!#REF! -> #REF! | D95: =C95-(B95*H$22+H$21) -> #REF! | E95: =A$1*D95/A$2 -> #REF!
B96: =Data!#REF! -> #REF! | C96: =Data!#REF! -> #REF! | D96: =C96-(B96*H$22+H$21) -> #REF! | E96: =A$1*D96/A$2 -> #REF!
A97: ='30N2'!A97 -> #REF! | B97: =Data!#REF! -> #REF! | C97: =Data!#REF! -> #REF! | D97: =C97-(B97*H$22+H$21) -> #REF! | E97: =A$1*D97/A$2 -> #REF! | F97: =AVERAGE(E97:E99) -> #REF!
B98: =Data!#REF! -> #REF! | C98: =Data!#REF! -> #REF! | D98: =C98-(B98*H$22+H$21) -> #REF! | E98: =A$1*D98/A$2 -> #REF!
B99: =Data!#REF! -> #REF! | C99: =Data!#REF! -> #REF! | D99: =C99-(B99*H$22+H$21) -> #REF! | E99: =A$1*D99/A$2 -> #REF!
A100: ='30N2'!A100 -> #REF! | B100: =Data!#REF! -> #REF! | C100: =Data!#REF! -> #REF! | D100: =C100-(B100*H$22+H$21) -> #REF! | E100: =A$1*D100/A$2 -> #REF! | F100: =AVERAGE(E100:E102) -> #REF!
B101: =Data!#REF! -> #REF! | C101: =Data!#REF! -> #REF! | D101: =C101-(B101*H$22+H$21) -> #REF! | E101: =A$1*D101/A$2 -> #REF!
B102: =Data!#REF! -> #REF! | C102: =Data!#REF! -> #REF! | D102: =C102-(B102*H$22+H$21) -> #REF! | E102: =A$1*D102/A$2 -> #REF!
...
