Workbook

Sheet Data
A1: 052121-Lake Superior-Cores+Respirations-May2021
A6: Sample | B6: Time | C6: N2 | D6: O2 | E6: Ar | F6: N2_Ar | G6: O2_Ar | H6: Time
A8: 20 | B8: 0.46233796 | C8: 1.799815e-10 | D8: 8.624249e-11 | E8: 6.763407e-12 | F8: 26.61107 | G8: 12.75134 | H8: =M8-M$8 -> 0 | I8: 0.46233796 | J8: 10 | K8: 16 | L8: 43 | M8: =J8*60+K8+L8/60 -> 616.71667
A9: 20 | B9: 0.46243056 | C9: 1.799493e-10 | D9: 8.622027e-11 | E9: 6.762699e-12 | F9: 26.6091 | G9: 12.74939 | H9: =M9-M$8 -> 0.13333333 | I9: 0.46243056 | J9: 10 | K9: 16 | L9: 51 | M9: =J9*60+K9+L9/60 -> 616.85
A10: 20 | B10: 0.46253472 | C10: 1.799072e-10 | D10: 8.619193e-11 | E10: 6.760184e-12 | F10: 26.61277 | G10: 12.74994 | H10: =M10-M$8 -> 0.3 | I10: 0.46253472 | J10: 10 | K10: 17 | L10: 1 | M10: =J10*60+K10+L10/60 -> 617.01667
A11: 30 | B11: 0.46653935 | C11: 1.55852e-10 | D11: 7.299936e-11 | E11: 5.707334e-12 | F11: 27.30733 | G11: 12.79045 | H11: =M11-M$8 -> 5.0833333 | I11: 0.46653935 | J11: 10 | K11: 21 | L11: 48 | M11: =J11*60+K11+L11/60 -> 621.8
A12: 30 | B12: 0.46664352 | C12: 1.558354e-10 | D12: 7.298733e-11 | E12: 5.705618e-12 | F12: 27.31262 | G12: 12.79219 | H12: =M12-M$8 -> 5.2166667 | I12: 0.46664352 | J12: 10 | K12: 21 | L12: 56 | M12: =J12*60+K12+L12/60 -> 621.93333
A13: 30 | B13: 0.46677083 | C13: 1.557933e-10 | D13: 7.295643e-11 | E13: 5.70235e-12 | F13: 27.32089 | G13: 12.7941 | H13: =M13-M$8 -> 5.35 | I13: 0.46677083 | J13: 10 | K13: 22 | L13: 4 | M13: =J13*60+K13+L13/60 -> 622.06667
A14: Openwater_IN_T1_1 | B14: 0.46967593 | C14: 1.772586e-10 | D14: 7.645243e-11 | E14: 6.610784e-12 | F14: 26.81355 | G14: 11.56481 | H14: =M14-M$8 -> 9.6833333 | I14: 0.46967593 | J14: 10 | K14: 26 | L14: 24 | M14: =J14*60+K14+L14/60 -> 626.4
A15: Openwater_IN_T1_2 | B15: 0.46969907 | C15: 1.77281e-10 | D15: 7.645484e-11 | E15: 6.61151e-12 | F15: 26.814 | G15: 11.5639 | H15: =M15-M$8 -> 9.8166667 | I15: 0.46969907 | J15: 10 | K15: 26 | L15: 32 | M15: =J15*60+K15+L15/60 -> 626.53333
A16: Openwater_IN_T1_3 | B16: 0.46976852 | C16: 1.7734e-10 | D16: 7.645477e-11 | E16: 6.613965e-12 | F16: 26.81296 | G16: 11.5596 | H16: =M16-M$8 -> 10.033333 | I16: 0.46976852 | J16: 10 | K16: 26 | L16: 45 | M16: =J16*60+K16+L16/60 -> 626.75
A17: Openwater_1_T1_1 | B17: 0.47162037 | C17: 1.781335e-10 | D17: 7.037435e-11 | E17: 6.638592e-12 | F17: 26.83303 | G17: 10.6008 | H17: =M17-M$8 -> 16.416667 | I17: 0.47162037 | J17: 10 | K17: 33 | L17: 8 | M17: =J17*60+K17+L17/60 -> 633.13333
A18: Openwater_1_T1_2 | B18: 0.47168981 | C18: 1.781614e-10 | D18: 7.035529e-11 | E18: 6.638157e-12 | F18: 26.83899 | G18: 10.59862 | H18: =M18-M$8 -> 16.55 | I18: 0.47168981 | J18: 10 | K18: 33 | L18: 16 | M18: =J18*60+K18+L18/60 -> 633.26667
A19: Openwater_1_T1_3 | B19: 0.47184028 | C19: 1.781898e-10 | D19: 7.028046e-11 | E19: 6.640424e-12 | F19: 26.8341 | G19: 10.58373 | H19: =M19-M$8 -> 16.683333 | I19: 0.47184028 | J19: 10 | K19: 33 | L19: 24 | M19: =J19*60+K19+L19/60 -> 633.4
A20: Openwater_2_T1_1 | B20: 0.47496528 | C20: 1.789278e-10 | D20: 7.041765e-11 | E20: 6.651651e-12 | F20: 26.89976 | G20: 10.58649 | H20: =M20-M$8 -> 22.2 | I20: 0.47496528 | J20: 10 | K20: 38 | L20: 55 | M20: =J20*60+K20+L20/60 -> 638.91667
A21: Openwater_2_T1_2 | B21: 0.47513889 | C21: 1.78887e-10 | D21: 7.041652e-11 | E21: 6.649463e-12 | F21: 26.90248 | G21: 10.58981 | H21: =M21-M$8 -> 22.333333 | I21: 0.47513889 | J21: 10 | K21: 39 | L21: 3 | M21: =J21*60+K21+L21/60 -> 639.05
A22: Openwater_2_T1_3 | B22: 0.47533565 | C22: 1.7881e-10 | D22: 7.039201e-11 | E22: 6.648812e-12 | F22: 26.89352 | G22: 10.58716 | H22: =M22-M$8 -> 22.466667 | I22: 0.47533565 | J22: 10 | K22: 39 | L22: 11 | M22: =J22*60+K22+L22/60 -> 639.18333
A23: 20 | B23: 0.47762731 | C23: 1.774373e-10 | D23: 8.39613e-11 | E23: 6.64823e-12 | F23: 26.68941 | G23: 12.62912 | H23: =M23-M$8 -> 28.716667 | I23: 0.47762731 | J23: 10 | K23: 45 | L23: 26 | M23: =J23*60+K23+L23/60 -> 645.43333
A24: 20 | B24: 0.47770833 | C24: 1.773901e-10 | D24: 8.398926e-11 | E24: 6.645324e-12 | F24: 26.69397 | G24: 12.63885 | H24: =M24-M$8 -> 28.8 | I24: 0.47770833 | J24: 10 | K24: 45 | L24: 31 | M24: =J24*60+K24+L24/60 -> 645.51667
A25: 20 | B25: 0.47782407 | C25: 1.773144e-10 | D25: 8.400151e-11 | E25: 6.644619e-12 | F25: 26.68541 | G25: 12.64204 | H25: =M25-M$8 -> 29.016667 | I25: 0.47782407 | J25: 10 | K25: 45 | L25: 44 | M25: =J25*60+K25+L25/60 -> 645.73333
A26: 30 | B26: 0.48113426 | C26: 1.545517e-10 | D26: 7.220345e-11 | E26: 5.654792e-12 | F26: 27.33111 | G26: 12.76854 | H26: =M26-M$8 -> 35.483333 | I26: 0.48113426 | J26: 10 | K26: 52 | L26: 12 | M26: =J26*60+K26+L26/60 -> 652.2
A27: 30 | B27: 0.48121528 | C27: 1.545312e-10 | D27: 7.219427e-11 | E27: 5.655104e-12 | F27: 27.32597 | G27: 12.76621 | H27: =M27-M$8 -> 35.616667 | I27: 0.48121528 | J27: 10 | K27: 52 | L27: 20 | M27: =J27*60+K27+L27/60 -> 652.33333
A28: 30 | B28: 0.4812963 | C28: 1.545475e-10 | D28: 7.219674e-11 | E28: 5.655472e-12 | F28: 27.32707 | G28: 12.76582 | H28: =M28-M$8 -> 35.7 | I28: 0.4812963 | J28: 10 | K28: 52 | L28: 25 | M28: =J28*60+K28+L28/60 -> 652.41667
A29: Openwater_3_T1_1 | B29: 0.48649306 | C29: 1.747079e-10 | D29: 6.95979e-11 | E29: 6.530102e-12 | F29: 26.75424 | G29: 10.65801 | H29: =M29-M$8 -> 41.183333 | I29: 0.48649306 | J29: 10 | K29: 57 | L29: 54 | M29: =J29*60+K29+L29/60 -> 657.9
A30: Openwater_3_T1_2 | B30: 0.4865625 | C30: 1.746871e-10 | D30: 6.958327e-11 | E30: 6.530384e-12 | F30: 26.7499 | G30: 10.65531 | H30: =M30-M$8 -> 41.316667 | I30: 0.4865625 | J30: 10 | K30: 58 | L30: 2 | M30: =J30*60+K30+L30/60 -> 658.03333
A31: Openwater_3_T1_3 | B31: 0.48658565 | C31: 1.746812e-10 | D31: 6.957972e-11 | E31: 6.530927e-12 | F31: 26.74677 | G31: 10.65388 | H31: =M31-M$8 -> 41.533333 | I31: 0.48658565 | J31: 10 | K31: 58 | L31: 15 | M31: =J31*60+K31+L31/60 -> 658.25
A32: Openwater_4_T1_1 | B32: 0.48915509 | C32: 1.765403e-10 | D32: 6.103694e-11 | E32: 6.606131e-12 | F32: 26.7237 | G32: 9.239438 | H32: =M32-M$8 -> 43.966667 | I32: 0.48915509 | J32: 11 | K32: 0 | L32: 41 | M32: =J32*60+K32+L32/60 -> 660.68333
A33: Openwater_4_T1_2 | B33: 0.48940972 | C33: 1.765737e-10 | D33: 6.103272e-11 | E33: 6.60907e-12 | F33: 26.71687 | G33: 9.234691 | H33: =M33-M$8 -> 44.05 | I33: 0.48940972 | J33: 11 | K33: 0 | L33: 46 | M33: =J33*60+K33+L33/60 -> 660.76667
A34: Openwater_4_T1_3 | B34: 0.48947917 | C34: 1.76558e-10 | D34: 6.100405e-11 | E34: 6.606303e-12 | F34: 26.72569 | G34: 9.234219 | H34: =M34-M$8 -> 44.183333 | I34: 0.48947917 | J34: 11 | K34: 0 | L34: 54 | M34: =J34*60+K34+L34/60 -> 660.9
A35: SAVa_IN_T1_1 | B35: 0.4921412 | C35: 1.906481e-10 | D35: 6.167105e-11 | E35: 6.853437e-12 | F35: 27.81789 | G35: 8.998558 | H35: =M35-M$8 -> 47.133333 | I35: 0.4921412 | J35: 11 | K35: 3 | L35: 51 | M35: =J35*60+K35+L35/60 -> 663.85
A36: SAVa_IN_T1_2 | B36: 0.49230324 | C36: 1.907207e-10 | D36: 6.171551e-11 | E36: 6.857506e-12 | F36: 27.81196 | G36: 8.999701 | H36: =M36-M$8 -> 47.266667 | I36: 0.49230324 | J36: 11 | K36: 3 | L36: 59 | M36: =J36*60+K36+L36/60 -> 663.98333
A37: SAVa_IN_T1_3 | B37: 0.49247685 | C37: 1.904206e-10 | D37: 6.160282e-11 | E37: 6.848078e-12 | F37: 27.80643 | G37: 8.995637 | H37: =M37-M$8 -> 47.35 | I37: 0.49247685 | J37: 11 | K37: 4 | L37: 4 | M37: =J37*60+K37+L37/60 -> 664.06667
A38: 20 | B38: 0.49517361 | C38: 1.751026e-10 | D38: 8.229256e-11 | E38: 6.558675e-12 | F38: 26.69787 | G38: 12.54713 | H38: =M38-M$8 -> 52.066667 | I38: 0.49517361 | J38: 11 | K38: 8 | L38: 47 | M38: =J38*60+K38+L38/60 -> 668.78333
A39: 20 | B39: 0.49523148 | C39: 1.750518e-10 | D39: 8.231842e-11 | E39: 6.557642e-12 | F39: 26.69432 | G39: 12.55305 | H39: =M39-M$8 -> 52.15 | I39: 0.49523148 | J39: 11 | K39: 8 | L39: 52 | M39: =J39*60+K39+L39/60 -> 668.86667
A40: 20 | B40: 0.49527778 | C40: 1.75007e-10 | D40: 8.233762e-11 | E40: 6.556164e-12 | F40: 26.6935 | G40: 12.55881 | H40: =M40-M$8 -> 52.2 | I40: 0.49527778 | J40: 11 | K40: 8 | L40: 55 | M40: =J40*60+K40+L40/60 -> 668.91667
A41: 30 | B41: 0.49792824 | C41: 1.526047e-10 | D41: 7.096176e-11 | E41: 5.582023e-12 | F41: 27.3386 | G41: 12.71255 | H41: =M41-M$8 -> 56.4 | I41: 0.49792824 | J41: 11 | K41: 13 | L41: 7 | M41: =J41*60+K41+L41/60 -> 673.11667
A42: 30 | B42: 0.49804398 | C42: 1.524989e-10 | D42: 7.092865e-11 | E42: 5.577897e-12 | F42: 27.33986 | G42: 12.71602 | H42: =M42-M$8 -> 56.483333 | I42: 0.49804398 | J42: 11 | K42: 13 | L42: 12 | M42: =J42*60+K42+L42/60 -> 673.2
A43: 30 | B43: 0.49815972 | C43: 1.523994e-10 | D43: 7.088772e-11 | E43: 5.575984e-12 | F43: 27.33139 | G43: 12.71304 | H43: =M43-M$8 -> 56.566667 | I43: 0.49815972 | J43: 11 | K43: 13 | L43: 17 | M43: =J43*60+K43+L43/60 -> 673.28333

Sheet Regs
A1: 20/0 N2 | D1: SUMMARY OUTPUT
A3: N2/Ar | B3: time(min) | D3: Regression Statistics
A4: =Data!F8 -> 26.61107 | B4: =Data!H8 -> 0 | D4: Multiple R | E4: 0.91756831
A5: =Data!F9 -> 26.6091 | B5: =Data!H9 -> 0.13333333 | D5: R Square | E5: 0.84193161
A6: =Data!F10 -> 26.61277 | B6: =Data!H10 -> 0.3 | D6: Adjusted R Square | E6: 0.81935041
A7: =Data!F23 -> 26.68941 | B7: =Data!H23 -> 28.716667 | D7: Standard Error | E7: 0.017372069
A8: =Data!F24 -> 26.69397 | B8: =Data!H24 -> 28.8 | D8: Observations | E8: 9
A9: =Data!F25 -> 26.68541 | B9: =Data!H25 -> 29.016667
A10: =Data!F38 -> 26.69787 | B10: =Data!H38 -> 52.066667 | D10: ANOVA
A11: =Data!F39 -> 26.69432 | B11: =Data!H39 -> 52.15 | E11: df | F11: SS | G11: MS | H11: F | I11: Significance F
A12: =Data!F40 -> 26.6935 | B12: =Data!H40 -> 52.2 | D12: Regression | E12: 1 | F12: 0.011252082 | G12: 0.011252082 | H12: 37.284628 | I12: 0.00048813271
A13: =Data!#REF! -> #REF! | B13: =Data!#REF! -> #REF! | D13: Residual | E13: 7 | F13: 0.0021125214 | G13: 0.00030178877
A14: =Data!#REF! -> #REF! | B14: =Data!#REF! -> #REF! | D14: Total | E14: 8 | F14: 0.013364603
A15: =Data!#REF! -> #REF! | B15: =Data!#REF! -> #REF!
A16: =Data!#REF! -> #REF! | B16: =Data!#REF! -> #REF! | E16: Coefficients | F16: Standard Error | G16: t Stat | H16: P-value | I16: Lower 95% | J16: Upper 95% | K16: Lower 95.0% | L16: Upper 95.0%
A17: =Data!#REF! -> #REF! | B17: =Data!#REF! -> #REF! | D17: Intercept | E17: 26.620304 | F17: 0.0093680234 | G17: 2841.6137 | H17: 1.7653009e-22 | I17: 26.598152 | J17: 26.642456 | K17: 26.598152 | L17: 26.642456
A18: =Data!#REF! -> #REF! | B18: =Data!#REF! -> #REF! | D18: X Variable 1 | E18: 0.001662752 | F18: 0.00027230936 | G18: 6.106114 | H18: 0.00048813271 | I18: 0.0010188427 | J18: 0.0023066613 | K18: 0.0010188427 | L18: 0.0023066613
A19: =Data!#REF! -> #REF! | B19: =Data!#REF! -> #REF!
A20: =Data!#REF! -> #REF! | B20: =Data!#REF! -> #REF!
A21: =Data!#REF! -> #REF! | B21: =Data!#REF! -> #REF!
A22: =Data!#REF! -> #REF! | B22: =Data!#REF! -> #REF!
A23: =Data!#REF! -> #REF! | B23: =Data!#REF! -> #REF!
A24: =Data!#REF! -> #REF! | B24: =Data!#REF! -> #REF!
A28: =Data!C235/Data!F235 -> #DIV/0! | B28: =Data!H235 -> 0
A29: =Data!C236/Data!F236 -> #DIV/0! | B29: =Data!H236 -> 0
A30: =Data!C237/Data!F237 -> #DIV/0! | B30: =Data!H237 -> 0
A31: =Data!C361/Data!F361 -> #DIV/0! | B31: =Data!H361 -> 0
A32: =Data!C362/Data!F362 -> #DIV/0! | B32: =Data!H362 -> 0
A33: =Data!C363/Data!F363 -> #DIV/0! | B33: =Data!H363 -> 0
A34: =Data!C427/Data!F427 -> #DIV/0! | B34: =Data!H427 -> 0
A35: =Data!C428/Data!F428 -> #DIV/0! | B35: =Data!H428 -> 0
A36: =Data!C429/Data!F429 -> #DIV/0! | B36: =Data!H429 -> 0
A37: =Data!C433/Data!F433 -> #DIV/0! | B37: =Data!H433 -> 0
A38: =Data!C434/Data!F434 -> #DIV/0! | B38: =Data!H434 -> 0
A39: =Data!C435/Data!F435 -> #DIV/0! | B39: =Data!H435 -> 0
A41: 30/0 N2 | D41: SUMMARY OUTPUT
A43: N2/Ar | B43: time(min) | D43: Regression Statistics
A44: 27.30733 | B44: =Data!H11 -> 5.0833333 | D44: Multiple R | E44: 0.91835525
A45: 27.31262 | B45: =Data!H12 -> 5.2166667 | D45: R Square | E45: 0.84337637
A46: 27.32089 | B46: =Data!H13 -> 5.35 | D46: Adjusted R Square | E46: 0.82100157
A47: 27.33111 | B47: 35.483333 | D47: Standard Error | E47: 0.0046365543
A48: 27.32597 | B48: 35.616667 | D48: Observations | E48: 9
A49: 27.32707 | B49: 35.7
A50: 27.3386 | B50: 56.4 | D50: ANOVA
A51: 27.33986 | B51: 56.483333 | E51: df | F51: SS | G51: MS | H51: F | I51: Significance F
A52: 27.33139 | B52: 56.566667 | D52: Regression | E52: 1 | F52: 0.00081031315 | G52: 0.00081031315 | H52: 37.693129 | I52: 0.00047238857
A53: =Data!#REF!/Data!#REF! -> #REF! | B53: =Data!#REF! -> #REF! | D53: Residual | E53: 7 | F53: 0.00015048345 | G53: 2.1497636e-05
A54: =Data!#REF!/Data!#REF! -> #REF! | B54: =Data!#REF! -> #REF! | D54: Total | E54: 8 | F54: 0.0009607966
A55: =Data!#REF!/Data!#REF! -> #REF! | B55: =Data!#REF! -> #REF!
A56: =Data!#REF!/Data!#REF! -> #REF! | B56: =Data!#REF! -> #REF! | E56: Coefficients | F56: Standard Error | G56: t Stat | H56: P-value | I56: Lower 95% | J56: Upper 95% | K56: Lower 95.0% | L56: Upper 95.0%
A57: =Data!#REF!/Data!#REF! -> #REF! | B57: =Data!#REF! -> #REF! | D57: Intercept | E57: 27.311473 | F57: 0.0028389529 | G57: 9620.2628 | H57: 3.463112e-26 | I57: 27.30476 | J57: 27.318186 | K57: 27.30476 | L57: 27.318186
A58: =Data!#REF!/Data!#REF! -> #REF! | B58: =Data!#REF! -> #REF! | D58: X Variable 1 | E58: 0.00045078596 | F58: 7.342421e-05 | G58: 6.139473 | H58: 0.00047238857 | I58: 0.00027716529 | J58: 0.00062440662 | K58: 0.00027716529 | L58: 0.00062440662
A59: =Data!#REF!/Data!#REF! -> #REF! | B59: =Data!#REF! -> #REF!
A60: =Data!#REF!/Data!#REF! -> #REF! | B60: =Data!#REF! -> #REF!
A61: =Data!#REF!/Data!#REF! -> #REF! | B61: =Data!#REF! -> #REF!
A62: =Data!#REF!/Data!#REF! -> #REF! | B62: =Data!#REF! -> #REF!
A63: =Data!#REF!/Data!#REF! -> #REF! | B63: =Data!#REF! -> #REF!
A64: =Data!#REF!/Data!#REF! -> #REF! | B64: =Data!#REF! -> #REF!
A65: =Data!#REF!/Data!#REF! -> #REF! | B65: =Data!#REF! -> #REF!
A66: =Data!#REF!/Data!#REF! -> #REF! | B66: =Data!#REF! -> #REF!
A67: =Data!#REF!/Data!#REF! -> #REF! | B67: =Data!#REF! -> #REF!
A68: =Data!C238/Data!F238 -> #DIV/0! | B68: =Data!H238 -> 0
A69: =Data!C239/Data!F239 -> #DIV/0! | B69: =Data!H239 -> 0
A70: =Data!C240/Data!F240 -> #DIV/0! | B70: =Data!H240 -> 0
A71: =Data!C364/Data!F364 -> #DIV/0! | B71: =Data!H364 -> 0
A72: =Data!C365/Data!F365 -> #DIV/0! | B72: =Data!H365 -> 0
A73: =Data!C366/Data!F366 -> #DIV/0! | B73: =Data!H366 -> 0
A74: =Data!C430/Data!F430 -> #DIV/0! | B74: =Data!H430 -> 0
A75: =Data!C431/Data!F431 -> #DIV/0! | B75: =Data!H431 -> 0
A76: =Data!C432/Data!F432 -> #DIV/0! | B76: =Data!H432 -> 0
A77: =Data!C436/Data!F436 -> #DIV/0! | B77: =Data!H436 -> 0
A78: =Data!C437/Data!F437 -> #DIV/0! | B78: =Data!H437 -> 0
A79: =Data!C438/Data!F438 -> #DIV/0! | B79: =Data!H438 -> 0
A81: 20/0 O2 | D81: SUMMARY OUTPUT
A83: O2/Ar | B83: Time(min) | D83: Regression Statistics
A84: =Data!G8/Data!F8 -> 0.47917427 | B84: =Data!H8 -> 0 | D84: Multiple R | E84: 0.047939097
A85: =Data!G9/Data!F9 -> 0.47913646 | B85: =Data!H9 -> 0.13333333 | D85: R Square | E85: 0.002298157
A86: =Data!G10/Data!F10 -> 0.47909105 | B86: =Data!H10 -> 0.3 | D86: Adjusted R Square | E86: -0.043051927
A87: =Data!G14/Data!F14 -> 0.43130469 | B87: =Data!H14 -> 9.6833333 | D87: Standard Error | E87: 0.056283918
A88: =Data!G15/Data!F15 -> 0.43126352 | B88: =Data!H15 -> 9.8166667 | D88: Observations | E88: 24
A89: =Data!G16/Data!F16 -> 0.43111988 | B89: =Data!H16 -> 10.033333
A90: =Data!#REF!/Data!#REF! -> #REF! | B90: =Data!#REF! -> #REF! | D90: ANOVA
A91: =Data!#REF!/Data!#REF! -> #REF! | B91: =Data!#REF! -> #REF! | E91: df | F91: SS | G91: MS | H91: F | I91: Significance F
A92: =Data!#REF!/Data!#REF! -> #REF! | B92: =Data!#REF! -> #REF! | D92: Regression | E92: 1 | F92: 0.00016053519 | G92: 0.00016053519 | H92: 0.050675915 | I92: 0.82396916
A93: =Data!#REF!/Data!#REF! -> #REF! | B93: =Data!#REF! -> #REF! | D93: Residual | E93: 22 | F93: 0.069693347 | G93: 0.0031678794
A94: =Data!#REF!/Data!#REF! -> #REF! | B94: =Data!#REF! -> #REF! | D94: Total | E94: 23 | F94: 0.069853882
A95: =Data!#REF!/Data!#REF! -> #REF! | B95: =Data!#REF! -> #REF!
A96: =Data!#REF!/Data!#REF! -> #REF! | B96: =Data!#REF! -> #REF! | E96: Coefficients | F96: Standard Error | G96: t Stat | H96: P-value | I96: Lower 95% | J96: Upper 95% | K96: Lower 95.0% | L96: Upper 95.0%
A97: =Data!#REF!/Data!#REF! -> #REF! | B97: =Data!#REF! -> #REF! | D97: Intercept | E97: 24.408931 | F97: 0.018270073 | G97: 1336.0062 | H97: 1.6772655e-55 | I97: 24.371041 | J97: 24.446821 | K97: 24.371041 | L97: 24.446821
A98: =Data!#REF!/Data!#REF! -> #REF! | B98: =Data!#REF! -> #REF! | D98: X Variable 1 | E98: -1.8582266e-05 | F98: 8.2546349e-05 | G98: -0.22511312 | H98: 0.82396916 | I98: -0.00018977292 | J98: 0.00015260838 | K98: -0.00018977292 | L98: 0.00015260838
A99: =Data!#REF!/Data!#REF! -> #REF! | B99: =Data!#REF! -> #REF!
A100: =Data!#REF!/Data!#REF! -> #REF! | B100: =Data!#REF! -> #REF!
A101: =Data!#REF!/Data!#REF! -> #REF! | B101: =Data!#REF! -> #REF!
A102: =Data!#REF!/Data!#REF! -> #REF! | B102: =Data!#REF! -> #REF!
A103: =Data!#REF!/Data!#REF! -> #REF! | B103: =Data!#REF! -> #REF!
A104: =Data!#REF!/Data!#REF! -> #REF! | B104: =Data!#REF! -> #REF!
A105: =Data!#REF!/Data!#REF! -> #REF! | B105: =Data!#REF! -> #REF!
A106: =Data!#REF!/Data!#REF! -> #REF! | B106: =Data!#REF! -> #REF!
A107: =Data!#REF!/Data!#REF! -> #REF! | B107: =Data!#REF! -> #REF!
A108: =Data!G235/Data!F235 -> #DIV/0! | B108: =Data!H235 -> 0
...

Sheet 28N2-O2
C1: Actual | G1: N2(20/0) | H1: O2(20/0)
B2: N2/Ar | C2: O2/Ar | D2: Ar | F2: r2 | G2: =Regs!E5 -> 0.84193161 | H2: =Regs!E85 -> 0.002298157
A3: 20/0 | B3: 38.187 | C3: 20.393 | D3: 13.9 | F3: intercept | G3: =Regs!E17 -> 26.620304 | H3: =Regs!E97 -> 24.408931
A4: 30/0 | B4: 38.861 | C4: 20.38 | D4: 11.6 | F4: slope | G4: =Regs!E18 -> 0.001662752 | H4: =Regs!E98 -> -1.8582266e-05
A6: D= | B6: =(Regs!E57+Regs!E58*(Data!H43/2))-(Regs!E17+Regs!E18*(Data!H43/2)) -> 0.65689064
A7: Avg CF= | B7: =AVERAGE(D13:D15,D28:D30,D43:D45) -> 1.4320906 | C7: =AVERAGE(F13:F15,F19:F21,#REF!,#REF!,#REF!,#REF!,#REF!,#REF!) -> #REF!
A8: Adj. D= | B8: =B6*B7 -> 0.94072688
A9: Factor= | B9: =B8/(B4-B3) -> 1.3957372
E11: Measured | J11: Actual
A12: Sample ID | B12: time (min) | C12: N2/Ar | D12: CF | E12: O2/Ar | F12: CF | G12: N2 D | H12: O2 D | I12: N2/Ar | J12: O2/Ar | K12: N2 | L12: O2 | M12: Avg N2 | N12: Avg O2 | O12: Sample ID
A13: =Data!A8 -> 20 | B13: =Data!H8 -> 0 | C13: 26.61107 | D13: =B$3/C13 -> 1.4350043 | E13: =Data!G8/Data!F8 -> 0.47917427 | F13: =C$3/E13 -> 42.558629 | G13: =C13-(G$3+G$4*B13) -> -0.0092337641 | H13: =E13-(H$3+H$4*B13) -> -23.929757 | I13: =G13*(B$7/B$9)+B$3 -> 38.177526 | J13: =H13*(C$7)+C$3 -> #REF! | K13: =I13*D$3 -> 530.66761 | L13: =J13*D$3 -> #REF! | O13: =Data!A8 -> 20
B14: =Data!H9 -> 0.13333333 | C14: 26.6091 | D14: =B$3/C14 -> 1.4351105 | E14: =Data!G9/Data!F9 -> 0.47913646 | F14: =C$3/E14 -> 42.561987 | G14: =C14-(G$3+G$4*B14) -> -0.011425464 | H14: =E14-(H$3+H$4*B14) -> -23.929792 | I14: =G14*(B$7/B$9)+B$3 -> 38.175277 | J14: =H14*(C$7)+C$3 -> #REF! | K14: =I14*D$3 -> 530.63635 | L14: =J14*D$3 -> #REF!
B15: =Data!H10 -> 0.3 | C15: 26.61277 | D15: =B$3/C15 -> 1.4349126 | E15: =Data!G10/Data!F10 -> 0.47909105 | F15: =C$3/E15 -> 42.566021 | G15: =C15-(G$3+G$4*B15) -> -0.0080325897 | H15: =E15-(H$3+H$4*B15) -> -23.929834 | I15: =G15*(B$7/B$9)+B$3 -> 38.178758 | J15: =H15*(C$7)+C$3 -> #REF! | K15: =I15*D$3 -> 530.68474 | L15: =J15*D$3 -> #REF!
A16: =Data!A11 -> 30 | B16: =Data!H11 -> 5.0833333 | C16: 27.30733 | D16: =B$4/C16 -> 1.4230978 | E16: =Data!G11/Data!F11 -> 0.46838889 | F16: =C$4/E16 -> 43.510853 | G16: =C16-(G$3+G$4*B16) -> 0.67857391 | H16: =E16-(H$3+H$4*B16) -> -23.940448 | I16: =G16*(B$7/B$9)+B$3 -> 38.883248 | J16: =H16*(C$7)+C$3 -> #REF! | K16: =I16*D$3 -> 540.47715 | L16: =J16*D$3 -> #REF! | O16: =Data!A11 -> 30
B17: =Data!H12 -> 5.2166667 | C17: 27.31262 | D17: =B$4/C17 -> 1.4228221 | E17: =Data!G12/Data!F12 -> 0.46836188 | F17: =C$4/E17 -> 43.513362 | G17: =C17-(G$3+G$4*B17) -> 0.68364221 | H17: =E17-(H$3+H$4*B17) -> -23.940472 | I17: =G17*(B$7/B$9)+B$3 -> 38.888448 | J17: =H17*(C$7)+C$3 -> #REF! | K17: =I17*D$3 -> 540.54943 | L17: =J17*D$3 -> #REF!
B18: =Data!H13 -> 5.35 | C18: 27.32089 | D18: =B$4/C18 -> 1.4223914 | E18: =Data!G13/Data!F13 -> 0.46829002 | F18: =C$4/E18 -> 43.52004 | G18: =C18-(G$3+G$4*B18) -> 0.69169051 | H18: =E18-(H$3+H$4*B18) -> -23.940542 | I18: =G18*(B$7/B$9)+B$3 -> 38.896706 | J18: =H18*(C$7)+C$3 -> #REF! | K18: =I18*D$3 -> 540.66422 | L18: =J18*D$3 -> #REF!
A19: =Data!A14 -> Openwater_IN_T1_1 | B19: =Data!H14 -> 9.6833333 | C19: 26.81355 | E19: =Data!G14/Data!F14 -> 0.43130469 | F19: =C$3/E19 -> 47.282119 | G19: =C19-(G$3+G$4*B19) -> 0.17714525 | H19: =E19-(H$3+H$4*B19) -> -23.977446 | I19: =G19*(B$7/B$9)+B$3 -> 38.368759 | J19: =H19*(C$7)+C$3 -> #REF! | K19: =I19*D$3 -> 533.32575 | L19: =J19*D$3 -> #REF! | O19: =Data!A14 -> Openwater_IN_T1_1
B20: =Data!H15 -> 9.8166667 | C20: 26.814 | E20: =Data!G15/Data!F15 -> 0.43126352 | F20: =C$3/E20 -> 47.286634 | G20: =C20-(G$3+G$4*B20) -> 0.17737355 | H20: =E20-(H$3+H$4*B20) -> -23.977485 | I20: =G20*(B$7/B$9)+B$3 -> 38.368993 | J20: =H20*(C$7)+C$3 -> #REF! | K20: =I20*D$3 -> 533.32901 | L20: =J20*D$3 -> #REF!
B21: =Data!H16 -> 10.033333 | C21: 26.81296 | E21: =Data!G16/Data!F16 -> 0.43111988 | F21: =C$3/E21 -> 47.302389 | G21: =C21-(G$3+G$4*B21) -> 0.17597329 | H21: =E21-(H$3+H$4*B21) -> -23.977625 | I21: =G21*(B$7/B$9)+B$3 -> 38.367557 | J21: =H21*(C$7)+C$3 -> #REF! | K21: =I21*D$3 -> 533.30904 | L21: =J21*D$3 -> #REF!
A22: =Data!A17 -> Openwater_1_T1_1 | B22: =Data!H17 -> 16.416667 | C22: 26.83303 | E22: =Data!G17/Data!F17 -> 0.39506534 | F22: =C$4/E22 -> 51.586404 | G22: =C22-(G$3+G$4*B22) -> 0.18542939 | H22: =E22-(H$3+H$4*B22) -> -24.013561 | I22: =G22*(B$7/B$9)+B$3 -> 38.377259 | J22: =H22*(C$7)+C$3 -> #REF! | K22: =I22*D$3 -> 533.4439 | L22: =J22*D$3 -> #REF! | O22: =Data!A17 -> Openwater_1_T1_1
B23: =Data!H18 -> 16.55 | C23: 26.83899 | E23: =Data!G18/Data!F18 -> 0.39489638 | F23: =C$4/E23 -> 51.608475 | G23: =C23-(G$3+G$4*B23) -> 0.19116769 | H23: =E23-(H$3+H$4*B23) -> -24.013727 | I23: =G23*(B$7/B$9)+B$3 -> 38.383147 | J23: =H23*(C$7)+C$3 -> #REF! | K23: =I23*D$3 -> 533.52574 | L23: =J23*D$3 -> #REF!
B24: =Data!H19 -> 16.683333 | C24: 26.8341 | E24: =Data!G19/Data!F19 -> 0.39441345 | F24: =C$4/E24 -> 51.671666 | G24: =C24-(G$3+G$4*B24) -> 0.18605599 | H24: =E24-(H$3+H$4*B24) -> -24.014207 | I24: =G24*(B$7/B$9)+B$3 -> 38.377902 | J24: =H24*(C$7)+C$3 -> #REF! | K24: =I24*D$3 -> 533.45284 | L24: =J24*D$3 -> #REF!
A25: =Data!A20 -> Openwater_2_T1_1 | B25: =Data!H20 -> 22.2 | C25: 26.89976 | E25: =Data!G20/Data!F20 -> 0.39355333 | G25: =C25-(G$3+G$4*B25) -> 0.24254314 | H25: =E25-(H$3+H$4*B25) -> -24.014965 | I25: =G25*(B$7/B$9)+B$3 -> 38.43586 | J25: =H25*(C$7)+C$3 -> #REF! | K25: =I25*D$3 -> 534.25846 | L25: =J25*D$3 -> #REF! | M25: =AVERAGE(K25:K27) -> 534.23856 | N25: =AVERAGE(L25:L27) -> #REF! | O25: =Data!A20 -> Openwater_2_T1_1
B26: =Data!H21 -> 22.333333 | C26: 26.90248 | E26: =Data!G21/Data!F21 -> 0.39363694 | G26: =C26-(G$3+G$4*B26) -> 0.24504144 | H26: =E26-(H$3+H$4*B26) -> -24.014879 | I26: =G26*(B$7/B$9)+B$3 -> 38.438424 | J26: =H26*(C$7)+C$3 -> #REF! | K26: =I26*D$3 -> 534.29409 | L26: =J26*D$3 -> #REF!
B27: =Data!H22 -> 22.466667 | C27: 26.89352 | E27: =Data!G22/Data!F22 -> 0.39366955 | G27: =C27-(G$3+G$4*B27) -> 0.23585974 | H27: =E27-(H$3+H$4*B27) -> -24.014844 | I27: =G27*(B$7/B$9)+B$3 -> 38.429003 | J27: =H27*(C$7)+C$3 -> #REF! | K27: =I27*D$3 -> 534.16314 | L27: =J27*D$3 -> #REF!
A28: =Data!A23 -> 20 | B28: =Data!H23 -> 28.716667 | C28: 26.68941 | D28: =B3/C28 -> 1.4307922 | E28: =Data!G23/Data!F23 -> 0.47318843 | G28: =C28-(G$3+G$4*B28) -> 0.021357541 | H28: =E28-(H$3+H$4*B28) -> -23.935209 | I28: =G28*(B$7/B$9)+B$3 -> 38.208914 | J28: =H28*(C$7)+C$3 -> #REF! | K28: =I28*D$3 -> 531.1039 | L28: =J28*D$3 -> #REF! | M28: =AVERAGE(K28:K29) -> 531.13543 | N28: =AVERAGE(L28:L30) -> #REF! | O28: =Data!A23 -> 20
B29: =Data!H24 -> 28.8 | C29: 26.69397 | D29: =B3/C29 -> 1.4305478 | E29: =Data!G24/Data!F24 -> 0.4734721 | G29: =C29-(G$3+G$4*B29) -> 0.025778978 | H29: =E29-(H$3+H$4*B29) -> -23.934924 | I29: =G29*(B$7/B$9)+B$3 -> 38.21345 | J29: =H29*(C$7)+C$3 -> #REF! | K29: =I29*D$3 -> 531.16696 | L29: =J29*D$3 -> #REF!
B30: =Data!H25 -> 29.016667 | C30: 26.68541 | D30: =B3/C30 -> 1.4310067 | E30: =Data!G25/Data!F25 -> 0.47374352 | G30: =C30-(G$3+G$4*B30) -> 0.016858716 | H30: =E30-(H$3+H$4*B30) -> -23.934648 | I30: =G30*(B$7/B$9)+B$3 -> 38.204298 | J30: =H30*(C$7)+C$3 -> #REF! | K30: =I30*D$3 -> 531.03974 | L30: =J30*D$3 -> #REF!
A31: =Data!A26 -> 30 | B31: =Data!H26 -> 35.483333 | C31: 27.33111 | D31: =B4/C31 -> 1.4218596 | E31: =Data!G26/Data!F26 -> 0.46717971 | G31: =C31-(G$3+G$4*B31) -> 0.65180625 | H31: =E31-(H$3+H$4*B31) -> -23.941092 | I31: =G31*(B$7/B$9)+B$3 -> 38.855783 | J31: =H31*(C$7)+C$3 -> #REF! | K31: =I31*D$3 -> 540.09539 | L31: =J31*D$3 -> #REF! | M31: =AVERAGE(K31:K33) -> 540.04898 | N31: =AVERAGE(L31:L33) -> #REF! | O31: =Data!A26 -> 30
B32: =Data!H27 -> 35.616667 | C32: 27.32597 | D32: =B4/C32 -> 1.422127 | E32: =Data!G27/Data!F27 -> 0.46718232 | G32: =C32-(G$3+G$4*B32) -> 0.64644455 | H32: =E32-(H$3+H$4*B32) -> -23.941087 | I32: =G32*(B$7/B$9)+B$3 -> 38.850282 | J32: =H32*(C$7)+C$3 -> #REF! | K32: =I32*D$3 -> 540.01892 | L32: =J32*D$3 -> #REF!
B33: =Data!H28 -> 35.7 | C33: 27.32707 | D33: =B4/C33 -> 1.4220698 | E33: =Data!G28/Data!F28 -> 0.46714924 | G33: =C33-(G$3+G$4*B33) -> 0.64740599 | H33: =E33-(H$3+H$4*B33) -> -23.941118 | I33: =G33*(B$7/B$9)+B$3 -> 38.851268 | J33: =H33*(C$7)+C$3 -> #REF! | K33: =I33*D$3 -> 540.03263 | L33: =J33*D$3 -> #REF!
A34: =Data!A29 -> Openwater_3_T1_1 | B34: =Data!H29 -> 41.183333 | C34: 26.75424 | E34: =Data!G29/Data!F29 -> 0.39836714 | G34: =C34-(G$3+G$4*B34) -> 0.065458566 | H34: =E34-(H$3+H$4*B34) -> -24.009799 | I34: =G34*(B$7/B$9)+B$3 -> 38.254163 | J34: =H34*(C$7)+C$3 -> #REF! | K34: =I34*D$3 -> 531.73287 | L34: =J34*D$3 -> #REF! | M34: =AVERAGE(K34:K36) -> 531.67291 | N34: =AVERAGE(L34:L36) -> #REF! | O34: =Data!A29 -> Openwater_3_T1_1
B35: =Data!H30 -> 41.316667 | C35: 26.7499 | E35: =Data!G30/Data!F30 -> 0.39833083 | G35: =C35-(G$3+G$4*B35) -> 0.060896866 | H35: =E35-(H$3+H$4*B35) -> -24.009832 | I35: =G35*(B$7/B$9)+B$3 -> 38.249483 | J35: =H35*(C$7)+C$3 -> #REF! | K35: =I35*D$3 -> 531.66781 | L35: =J35*D$3 -> #REF!
B36: =Data!H31 -> 41.533333 | C36: 26.74677 | E36: =Data!G31/Data!F31 -> 0.39832398 | G36: =C36-(G$3+G$4*B36) -> 0.057406603 | H36: =E36-(H$3+H$4*B36) -> -24.009835 | I36: =G36*(B$7/B$9)+B$3 -> 38.245902 | J36: =H36*(C$7)+C$3 -> #REF! | K36: =I36*D$3 -> 531.61804 | L36: =J36*D$3 -> #REF!
A37: =Data!A32 -> Openwater_4_T1_1 | B37: =Data!H32 -> 43.966667 | C37: 26.7237 | E37: =Data!G32/Data!F32 -> 0.34573947 | G37: =C37-(G$3+G$4*B37) -> 0.030290573 | H37: =E37-(H$3+H$4*B37) -> -24.062374 | I37: =G37*(B$7/B$9)+B$3 -> 38.21808 | J37: =H37*(C$7)+C$3 -> #REF! | K37: =I37*D$3 -> 531.23131 | L37: =J37*D$3 -> #REF! | M37: =AVERAGE(K37:K39) -> 531.20592 | N37: =AVERAGE(L37:L39) -> #REF! | O37: =Data!A32 -> Openwater_4_T1_1
B38: =Data!H33 -> 44.05 | C38: 26.71687 | E38: =Data!G33/Data!F33 -> 0.34565018 | G38: =C38-(G$3+G$4*B38) -> 0.02332201 | H38: =E38-(H$3+H$4*B38) -> -24.062462 | I38: =G38*(B$7/B$9)+B$3 -> 38.210929 | J38: =H38*(C$7)+C$3 -> #REF! | K38: =I38*D$3 -> 531.13192 | L38: =J38*D$3 -> #REF!
B39: =Data!H34 -> 44.183333 | C39: 26.72569 | E39: =Data!G34/Data!F34 -> 0.34551845 | G39: =C39-(G$3+G$4*B39) -> 0.03192031 | H39: =E39-(H$3+H$4*B39) -> -24.062591 | I39: =G39*(B$7/B$9)+B$3 -> 38.219752 | J39: =H39*(C$7)+C$3 -> #REF! | K39: =I39*D$3 -> 531.25455 | L39: =J39*D$3 -> #REF!
A40: =Data!A35 -> SAVa_IN_T1_1 | B40: =Data!H35 -> 47.133333 | C40: 27.81789 | E40: =Data!G35/Data!F35 -> 0.32348097 | G40: =C40-(G$3+G$4*B40) -> 1.1192152 | H40: =E40-(H$3+H$4*B40) -> -24.084574 | I40: =G40*(B$7/B$9)+B$3 -> 39.335366 | J40: =H40*(C$7)+C$3 -> #REF! | K40: =I40*D$3 -> 546.76159 | L40: =J40*D$3 -> #REF! | M40: =AVERAGE(K40:K42) -> 546.67615 | N40: =AVERAGE(L40:L42) -> #REF! | O40: =Data!A35 -> SAVa_IN_T1_1
B41: =Data!H36 -> 47.266667 | C41: 27.81196 | E41: =Data!G36/Data!F36 -> 0.32359104 | G41: =C41-(G$3+G$4*B41) -> 1.1130635 | H41: =E41-(H$3+H$4*B41) -> -24.084462 | I41: =G41*(B$7/B$9)+B$3 -> 39.329054 | J41: =H41*(C$7)+C$3 -> #REF! | K41: =I41*D$3 -> 546.67386 | L41: =J41*D$3 -> #REF!
B42: =Data!H37 -> 47.35 | C42: 27.80643 | E42: =Data!G37/Data!F37 -> 0.32350924 | G42: =C42-(G$3+G$4*B42) -> 1.1073949 | H42: =E42-(H$3+H$4*B42) -> -24.084542 | I42: =G42*(B$7/B$9)+B$3 -> 39.323238 | J42: =H42*(C$7)+C$3 -> #REF! | K42: =I42*D$3 -> 546.59301 | L42: =J42*D$3 -> #REF!
A43: =Data!A38 -> 20 | B43: =Data!H38 -> 52.066667 | C43: 26.69787 | D43: =B3/C43 -> 1.4303388 | E43: =Data!G38/Data!F38 -> 0.46996745 | G43: =C43-(G$3+G$4*B43) -> -0.009007718 | H43: =E43-(H$3+H$4*B43) -> -23.937996 | I43: =G43*(B$7/B$9)+B$3 -> 38.177758 | J43: =H43*(C$7)+C$3 -> #REF! | K43: =I43*D$3 -> 530.67083 | L43: =J43*D$3 -> #REF! | M43: =AVERAGE(K43:K45) -> 530.63147 | N43: =AVERAGE(L43:L45) -> #REF! | O43: =Data!A38 -> 20
B44: =Data!H39 -> 52.15 | C44: 26.69432 | D44: =B3/C44 -> 1.430529 | E44: =Data!G39/Data!F39 -> 0.47025172 | G44: =C44-(G$3+G$4*B44) -> -0.012696281 | H44: =E44-(H$3+H$4*B44) -> -23.93771 | I44: =G44*(B$7/B$9)+B$3 -> 38.173973 | J44: =H44*(C$7)+C$3 -> #REF! | K44: =I44*D$3 -> 530.61823 | L44: =J44*D$3 -> #REF!
B45: =Data!H40 -> 52.2 | C45: 26.6935 | D45: =B3/C45 -> 1.430573 | E45: =Data!G40/Data!F40 -> 0.47048195 | G45: =C45-(G$3+G$4*B45) -> -0.013599418 | H45: =E45-(H$3+H$4*B45) -> -23.937479 | I45: =G45*(B$7/B$9)+B$3 -> 38.173046 | J45: =H45*(C$7)+C$3 -> #REF! | K45: =I45*D$3 -> 530.60534 | L45: =J45*D$3 -> #REF!
A46: =Data!A41 -> 30 | B46: =Data!H41 -> 56.4 | C46: 27.3386 | D46: =B4/C46 -> 1.42147 | E46: =Data!G41/Data!F41 -> 0.46500369 | G46: =C46-(G$3+G$4*B46) -> 0.62451702 | H46: =E46-(H$3+H$4*B46) -> -23.942879 | I46: =G46*(B$7/B$9)+B$3 -> 38.827783 | J46: =H46*(C$7)+C$3 -> #REF! | K46: =I46*D$3 -> 539.70619 | L46: =J46*D$3 -> #REF! | M46: =AVERAGE(K46:K48) -> 539.67592 | N46: =AVERAGE(L46:L48) -> #REF! | O46: =Data!A41 -> 30
B47: =Data!H42 -> 56.483333 | C47: 27.33986 | D47: =B4/C47 -> 1.4214045 | E47: =Data!G42/Data!F42 -> 0.46510918 | G47: =C47-(G$3+G$4*B47) -> 0.62563846 | H47: =E47-(H$3+H$4*B47) -> -23.942772 | I47: =G47*(B$7/B$9)+B$3 -> 38.828934 | J47: =H47*(C$7)+C$3 -> #REF! | K47: =I47*D$3 -> 539.72218 | L47: =J47*D$3 -> #REF!
B48: =Data!H43 -> 56.566667 | C48: 27.33139 | D48: =B4/C48 -> 1.421845 | E48: =Data!G43/Data!F43 -> 0.46514429 | G48: =C48-(G$3+G$4*B48) -> 0.6170299 | H48: =E48-(H$3+H$4*B48) -> -23.942736 | I48: =G48*(B$7/B$9)+B$3 -> 38.820101 | J48: =H48*(C$7)+C$3 -> #REF! | K48: =I48*D$3 -> 539.5994 | L48: =J48*D$3 -> #REF!

Sheet mimsy_check
A1: sample_id | B1: N2_ws | C1: N2_mimsy | D1: difference
A2: 20 | B2: 530.66761 | C2: 537.44507 | D2: =B2-C2 -> -6.7774575
A3: 20 | B3: 530.63635 | C3: 537.39569 | D3: =B3-C3 -> -6.7593423
A4: 20 | B4: 530.68474 | C4: 537.45902 | D4: =B4-C4 -> -6.7742858
A5: 30 | B5: 540.47715 | C5: 457.72944 | D5: =B5-C5 -> 82.747706
A6: 30 | B6: 540.54943 | C6: 457.81647 | D6: =B6-C6 -> 82.732967
A7: 30 | B7: 540.66422 | C7: 457.95307 | D7: =B7-C7 -> 82.711144
A8: Openwater_IN_T1_1 | B8: 533.32575 | C8: 540.76884 | D8: =B8-C8 -> -7.4430884
A9: Openwater_IN_T1_2 | B9: 533.32901 | C9: 540.7755 | D9: =B9-C9 -> -7.4464928
A10: Openwater_IN_T1_3 | B10: 533.30904 | C10: 540.74728 | D10: =B10-C10 -> -7.438244
A11: Openwater_1_T1_1 | B11: 533.4439 | C11: 540.9587 | D11: =B11-C11 -> -7.5147959
A12: Openwater_1_T1_2 | B12: 533.52574 | C12: 541.0716 | D12: =B12-C12 -> -7.5458587
A13: Openwater_1_T1_3 | B13: 533.45284 | C13: 540.95731 | D13: =B13-C13 -> -7.5044702
A14: Openwater_2_T1_1 | B14: 534.25846 | C14: 541.95389 | D14: =B14-C14 -> -7.6954296
A15: Openwater_2_T1_2 | B15: 534.29409 | C15: 541.99052 | D15: =B15-C15 -> -7.6964261
A16: Openwater_2_T1_3 | B16: 534.16314 | C16: 541.78942 | D16: =B16-C16 -> -7.6262742
A17: 20 | B17: 531.1039 | C17: 537.43949 | D17: =B17-C17 -> -6.3355865
A18: 20 | B18: 531.16696 | C18: 537.53079 | D18: =B18-C18 -> -6.3638279
A19: 20 | B19: 531.03974 | C19: 537.35767 | D19: =B19-C19 -> -6.3179301
A20: 30 | B20: 540.09539 | C20: 457.92382 | D20: =B20-C20 -> 82.171562
A21: 30 | B21: 540.01892 | C21: 457.83704 | D21: =B21-C21 -> 82.181875
A22: 30 | B22: 540.03263 | C22: 457.85481 | D22: =B22-C22 -> 82.177819
A23: Openwater_3_T1_1 | B23: 531.73287 | C23: 538.68751 | D23: =B23-C23 -> -6.9546412
A24: Openwater_3_T1_2 | B24: 531.66781 | C24: 538.59968 | D24: =B24-C24 -> -6.931866
A25: Openwater_3_T1_3 | B25: 531.61804 | C25: 538.53651 | D25: =B25-C25 -> -6.9184729
A26: Openwater_4_T1_1 | B26: 531.23131 | C26: 538.05537 | D26: =B26-C26 -> -6.8240675
A27: Openwater_4_T1_2 | B27: 531.13192 | C27: 537.91621 | D27: =B27-C27 -> -6.7842905
A28: Openwater_4_T1_3 | B28: 531.25455 | C28: 538.09334 | D28: =B28-C28 -> -6.8387932
A29: SAVa_IN_T1_1 | B29: 546.76159 | C29: 560.06569 | D29: =B29-C29 -> -13.304102
A30: SAVa_IN_T1_2 | B30: 546.67386 | C30: 559.94521 | D30: =B30-C30 -> -13.271356
A31: SAVa_IN_T1_3 | B31: 546.59301 | C31: 559.83271 | D31: =B31-C31 -> -13.239696
A32: 20 | B32: 530.67083 | C32: 537.4964 | D32: =B32-C32 -> -6.8255659
A33: 20 | B33: 530.61823 | C33: 537.43027 | D33: =B33-C33 -> -6.8120471
A34: 20 | B34: 530.60534 | C34: 537.41804 | D34: =B34-C34 -> -6.812695
A35: 30 | B35: 539.70619 | C35: 457.89603 | D35: =B35-C35 -> 81.810157
A36: 30 | B36: 539.72218 | C36: 457.91552 | D36: =B36-C36 -> 81.806662
A37: 30 | B37: 539.5994 | C37: 457.77204 | D37: =B37-C37 -> 81.827365

Sheet 30N2
A1: 531.2 | B1: =actual N2 at 20/0
A2: =AVERAGE(Data!C8:C10,Data!C14:C16,Data!#REF!,Data!#REF!,Data!#REF!,Data!#REF!,Data!#REF!,Data!#REF!) -> #REF! | B2: =average measured N2 at 20/0
C4: x | D4: y | F4: N30 based
B5: N2*O2 | C5: SQRT | D5: N30 | E5: Excess | F5: on N2 | H5: SUMMARY OUTPUT
A7: =Data!A8 -> 20 | B7: =Data!C8*Data!G8 -> 2.2950053e-09 | C7: =SQRT(B7) -> 4.7906214e-05 | D7: =Data!E8 -> 6.763407e-12 | E7: =D7-(C7*I$22+I$21) -> -8.3145515e-09 | F7: =A$1*E7/A$2 -> #REF! | H7: Regression Statistics
B8: =Data!C9*Data!G9 -> 2.2942438e-09 | C8: =SQRT(B8) -> 4.7898265e-05 | D8: =Data!E9 -> 6.762699e-12 | E8: =D8-(C8*I$22+I$21) -> -8.3131722e-09 | F8: =A$1*E8/A$2 -> #REF! | H8: Multiple R | I8: 0.92521334
B9: =Data!C10*Data!G10 -> 2.293806e-09 | C9: =SQRT(B9) -> 4.7893695e-05 | D9: =Data!E10 -> 6.760184e-12 | E9: =D9-(C9*I$22+I$21) -> -8.3123812e-09 | F9: =A$1*E9/A$2 -> #REF! | H9: R Square | I9: 0.85601973
A10: =Data!A11 -> 30 | B10: =Data!C11*Data!G11 -> 1.9934172e-09 | C10: =SQRT(B10) -> 4.4647701e-05 | D10: =Data!E11 -> 5.707334e-12 | E10: =D10-(C10*I$22+I$21) -> -7.7498599e-09 | F10: =A$1*E10/A$2 -> #REF! | H10: Adjusted R Square | I10: 0.85288973
B11: =Data!C12*Data!G12 -> 1.993476e-09 | C11: =SQRT(B11) -> 4.464836e-05 | D11: =Data!E12 -> 5.705618e-12 | E11: =D11-(C11*I$22+I$21) -> -7.749976e-09 | F11: =A$1*E11/A$2 -> #REF! | H11: Standard Error | I11: 2.4535244e-13
B12: =Data!C13*Data!G13 -> 1.9932351e-09 | C12: =SQRT(B12) -> 4.4645661e-05 | D12: =Data!E13 -> 5.70235e-12 | E12: =D12-(C12*I$22+I$21) -> -7.7495107e-09 | F12: =A$1*E12/A$2 -> #REF! | H12: Observations | I12: 48
A13: =Data!A14 -> Openwater_IN_T1_1 | B13: =Data!C14*Data!G14 -> 2.049962e-09 | C13: =SQRT(B13) -> 4.5276506e-05 | D13: =Data!E14 -> 6.610784e-12 | E13: =D13-(C13*I$22+I$21) -> -7.8581306e-09 | F13: =A$1*E13/A$2 -> #REF!
B14: =Data!C15*Data!G15 -> 2.0500598e-09 | C14: =SQRT(B14) -> 4.5277586e-05 | D14: =Data!E15 -> 6.61151e-12 | E14: =D14-(C14*I$22+I$21) -> -7.8583172e-09 | F14: =A$1*E14/A$2 -> #REF! | H14: ANOVA
B15: =Data!C16*Data!G16 -> 2.0499795e-09 | C15: =SQRT(B15) -> 4.5276699e-05 | D15: =Data!E16 -> 6.613965e-12 | E15: =D15-(C15*I$22+I$21) -> -7.8581608e-09 | F15: =A$1*E15/A$2 -> #REF! | I15: df | J15: SS | K15: MS | L15: F | M15: Significance F
A16: =Data!A17 -> Openwater_1_T1_1 | B16: =Data!C17*Data!G17 -> 1.8883576e-09 | C16: =SQRT(B16) -> 4.3455237e-05 | D16: =Data!E17 -> 6.638592e-12 | E16: =D16-(C16*I$22+I$21) -> -7.5418913e-09 | F16: =A$1*E16/A$2 -> #REF! | H16: Regression | I16: 1 | J16: 1.6463395e-23 | K16: 1.6463395e-23 | L16: 273.48823 | M16: 5.5133839e-21
B17: =Data!C18*Data!G18 -> 1.888265e-09 | C17: =SQRT(B17) -> 4.3454171e-05 | D17: =Data!E18 -> 6.638157e-12 | E17: =D17-(C17*I$22+I$21) -> -7.5417067e-09 | F17: =A$1*E17/A$2 -> #REF! | H17: Residual | I17: 46 | J17: 2.7690996e-24 | K17: 6.0197818e-26
B18: =Data!C19*Data!G19 -> 1.8859127e-09 | C18: =SQRT(B18) -> 4.3427097e-05 | D18: =Data!E19 -> 6.640424e-12 | E18: =D18-(C18*I$22+I$21) -> -7.5370037e-09 | F18: =A$1*E18/A$2 -> #REF! | H18: Total | I18: 47 | J18: 1.9232494e-23
A19: =Data!#REF! -> #REF! | B19: =Data!#REF!*Data!#REF! -> #REF! | C19: =SQRT(B19) -> #REF! | D19: =Data!#REF! -> #REF! | E19: =D19-(C19*I$22+I$21) -> #REF! | F19: =A$1*E19/A$2 -> #REF!
B20: =Data!#REF!*Data!#REF! -> #REF! | C20: =SQRT(B20) -> #REF! | D20: =Data!#REF! -> #REF! | E20: =D20-(C20*I$22+I$21) -> #REF! | F20: =A$1*E20/A$2 -> #REF! | I20: Coefficients | J20: Standard Error | K20: t Stat | L20: P-value | M20: Lower 95% | N20: Upper 95% | O20: Lower 95.0% | P20: Upper 95.0%
B21: =Data!#REF!*Data!#REF! -> #REF! | C21: =SQRT(B21) -> #REF! | D21: =Data!#REF! -> #REF! | E21: =D21-(C21*I$22+I$21) -> #REF! | F21: =A$1*E21/A$2 -> #REF! | H21: Intercept | I21: 3.7685473e-12 | J21: 3.9988768e-13 | K21: 9.4240145 | L21: 2.5937484e-12 | M21: 2.9636152e-12 | N21: 4.5734795e-12 | O21: 2.9636152e-12 | P21: 4.5734795e-12
A22: =Data!#REF! -> #REF! | B22: =Data!#REF!*Data!#REF! -> #REF! | C22: =SQRT(B22) -> #REF! | D22: =Data!#REF! -> #REF! | E22: =D22-(C22*I$22+I$21) -> #REF! | F22: =A$1*E22/A$2 -> #REF! | H22: X Variable 1 | I22: 0.00017362145 | J22: 1.0498665e-05 | K22: 16.537479 | L22: 5.5133839e-21 | M22: 0.00015248874 | N22: 0.00019475417 | O22: 0.00015248874 | P22: 0.00019475417
B23: =Data!#REF!*Data!#REF! -> #REF! | C23: =SQRT(B23) -> #REF! | D23: =Data!#REF! -> #REF! | E23: =D23-(C23*I$22+I$21) -> #REF! | F23: =A$1*E23/A$2 -> #REF!
B24: =Data!#REF!*Data!#REF! -> #REF! | C24: =SQRT(B24) -> #REF! | D24: =Data!#REF! -> #REF! | E24: =D24-(C24*I$22+I$21) -> #REF! | F24: =A$1*E24/A$2 -> #REF!
A25: =Data!#REF! -> #REF! | B25: =Data!#REF!*Data!#REF! -> #REF! | C25: =SQRT(B25) -> #REF! | D25: =Data!#REF! -> #REF! | E25: =D25-(C25*I$22+I$21) -> #REF! | F25: =A$1*E25/A$2 -> #REF!
B26: =Data!#REF!*Data!#REF! -> #REF! | C26: =SQRT(B26) -> #REF! | D26: =Data!#REF! -> #REF! | E26: =D26-(C26*I$22+I$21) -> #REF! | F26: =A$1*E26/A$2 -> #REF!
B27: =Data!#REF!*Data!#REF! -> #REF! | C27: =SQRT(B27) -> #REF! | D27: =Data!#REF! -> #REF! | E27: =D27-(C27*I$22+I$21) -> #REF! | F27: =A$1*E27/A$2 -> #REF!
A28: =Data!#REF! -> #REF! | B28: =Data!#REF!*Data!#REF! -> #REF! | C28: =SQRT(B28) -> #REF! | D28: =Data!#REF! -> #REF! | E28: =D28-(C28*I$22+I$21) -> #REF! | F28: =A$1*E28/A$2 -> #REF!
B29: =Data!#REF!*Data!#REF! -> #REF! | C29: =SQRT(B29) -> #REF! | D29: =Data!#REF! -> #REF! | E29: =D29-(C29*I$22+I$21) -> #REF! | F29: =A$1*E29/A$2 -> #REF!
B30: =Data!#REF!*Data!#REF! -> #REF! | C30: =SQRT(B30) -> #REF! | D30: =Data!#REF! -> #REF! | E30: =D30-(C30*I$22+I$21) -> #REF! | F30: =A$1*E30/A$2 -> #REF!
A31: =Data!#REF! -> #REF! | B31: =Data!#REF!*Data!#REF! -> #REF! | C31: =SQRT(B31) -> #REF! | D31: =Data!#REF! -> #REF! | E31: =D31-(C31*I$22+I$21) -> #REF! | F31: =A$1*E31/A$2 -> #REF!
B32: =Data!#REF!*Data!#REF! -> #REF! | C32: =SQRT(B32) -> #REF! | D32: =Data!#REF! -> #REF! | E32: =D32-(C32*I$22+I$21) -> #REF! | F32: =A$1*E32/A$2 -> #REF!
B33: =Data!#REF!*Data!#REF! -> #REF! | C33: =SQRT(B33) -> #REF! | D33: =Data!#REF! -> #REF! | E33: =D33-(C33*I$22+I$21) -> #REF! | F33: =A$1*E33/A$2 -> #REF!
A34: =Data!#REF! -> #REF! | B34: =Data!#REF!*Data!#REF! -> #REF! | C34: =SQRT(B34) -> #REF! | D34: =Data!#REF! -> #REF! | E34: =D34-(C34*I$22+I$21) -> #REF! | F34: =A$1*E34/A$2 -> #REF!
B35: =Data!#REF!*Data!#REF! -> #REF! | C35: =SQRT(B35) -> #REF! | D35: =Data!#REF! -> #REF! | E35: =D35-(C35*I$22+I$21) -> #REF! | F35: =A$1*E35/A$2 -> #REF!
B36: =Data!#REF!*Data!#REF! -> #REF! | C36: =SQRT(B36) -> #REF! | D36: =Data!#REF! -> #REF! | E36: =D36-(C36*I$22+I$21) -> #REF! | F36: =A$1*E36/A$2 -> #REF!
A37: =Data!#REF! -> #REF! | B37: =Data!#REF!*Data!#REF! -> #REF! | C37: =SQRT(B37) -> #REF! | D37: =Data!#REF! -> #REF! | E37: =D37-(C37*I$22+I$21) -> #REF! | F37: =A$1*E37/A$2 -> #REF!
B38: =Data!#REF!*Data!#REF! -> #REF! | C38: =SQRT(B38) -> #REF! | D38: =Data!#REF! -> #REF! | E38: =D38-(C38*I$22+I$21) -> #REF! | F38: =A$1*E38/A$2 -> #REF!
B39: =Data!#REF!*Data!#REF! -> #REF! | C39: =SQRT(B39) -> #REF! | D39: =Data!#REF! -> #REF! | E39: =D39-(C39*I$22+I$21) -> #REF! | F39: =A$1*E39/A$2 -> #REF!
A40: =Data!#REF! -> #REF! | B40: =Data!#REF!*Data!#REF! -> #REF! | C40: =SQRT(B40) -> #REF! | D40: =Data!#REF! -> #REF! | E40: =D40-(C40*I$22+I$21) -> #REF! | F40: =A$1*E40/A$2 -> #REF!
B41: =Data!#REF!*Data!#REF! -> #REF! | C41: =SQRT(B41) -> #REF! | D41: =Data!#REF! -> #REF! | E41: =D41-(C41*I$22+I$21) -> #REF! | F41: =A$1*E41/A$2 -> #REF!
B42: =Data!#REF!*Data!#REF! -> #REF! | C42: =SQRT(B42) -> #REF! | D42: =Data!#REF! -> #REF! | E42: =D42-(C42*I$22+I$21) -> #REF! | F42: =A$1*E42/A$2 -> #REF!
A43: =Data!#REF! -> #REF! | B43: =Data!#REF!*Data!#REF! -> #REF! | C43: =SQRT(B43) -> #REF! | D43: =Data!#REF! -> #REF! | E43: =D43-(C43*I$22+I$21) -> #REF! | F43: =A$1*E43/A$2 -> #REF!
B44: =Data!#REF!*Data!#REF! -> #REF! | C44: =SQRT(B44) -> #REF! | D44: =Data!#REF! -> #REF! | E44: =D44-(C44*I$22+I$21) -> #REF! | F44: =A$1*E44/A$2 -> #REF!
B45: =Data!#REF!*Data!#REF! -> #REF! | C45: =SQRT(B45) -> #REF! | D45: =Data!#REF! -> #REF! | E45: =D45-(C45*I$22+I$21) -> #REF! | F45: =A$1*E45/A$2 -> #REF!
A46: =Data!#REF! -> #REF! | B46: =Data!#REF!*Data!#REF! -> #REF! | C46: =SQRT(B46) -> #REF! | D46: =Data!#REF! -> #REF! | E46: =D46-(C46*I$22+I$21) -> #REF! | F46: =A$1*E46/A$2 -> #REF!
B47: =Data!#REF!*Data!#REF! -> #REF! | C47: =SQRT(B47) -> #REF! | D47: =Data!#REF! -> #REF! | E47: =D47-(C47*I$22+I$21) -> #REF! | F47: =A$1*E47/A$2 -> #REF!
B48: =Data!#REF!*Data!#REF! -> #REF! | C48: =SQRT(B48) -> #REF! | D48: =Data!#REF! -> #REF! | E48: =D48-(C48*I$22+I$21) -> #REF! | F48: =A$1*E48/A$2 -> #REF!
A49: =Data!#REF! -> #REF! | B49: =Data!#REF!*Data!#REF! -> #REF! | C49: =SQRT(B49) -> #REF! | D49: =Data!#REF! -> #REF! | E49: =D49-(C49*I$22+I$21) -> #REF! | F49: =A$1*E49/A$2 -> #REF!
B50: =Data!#REF!*Data!#REF! -> #REF! | C50: =SQRT(B50) -> #REF! | D50: =Data!#REF! -> #REF! | E50: =D50-(C50*I$22+I$21) -> #REF! | F50: =A$1*E50/A$2 -> #REF!
B51: =Data!#REF!*Data!#REF! -> #REF! | C51: =SQRT(B51) -> #REF! | D51: =Data!#REF! -> #REF! | E51: =D51-(C51*I$22+I$21) -> #REF! | F51: =A$1*E51/A$2 -> #REF!
A52: =Data!#REF! -> #REF! | B52: =Data!#REF!*Data!#REF! -> #REF! | C52: =SQRT(B52) -> #REF! | D52: =Data!#REF! -> #REF! | E52: =D52-(C52*I$22+I$21) -> #REF! | F52: =A$1*E52/A$2 -> #REF!
B53: =Data!#REF!*Data!#REF! -> #REF! | C53: =SQRT(B53) -> #REF! | D53: =Data!#REF! -> #REF! | E53: =D53-(C53*I$22+I$21) -> #REF! | F53: =A$1*E53/A$2 -> #REF!
B54: =Data!#REF!*Data!#REF! -> #REF! | C54: =SQRT(B54) -> #REF! | D54: =Data!#REF! -> #REF! | E54: =D54-(C54*I$22+I$21) -> #REF! | F54: =A$1*E54/A$2 -> #REF!
A55: =Data!A20 -> Openwater_2_T1_1 | B55: =Data!C20*Data!G20 -> 1.8942174e-09 | C55: =SQRT(B55) -> 4.3522608e-05 | D55: =Data!E20 -> 6.651651e-12 | E55: =D55-(C55*I$22+I$21) -> -7.5535752e-09 | F55: =A$1*E55/A$2 -> #REF! | G55: =AVERAGE(F55:F57) -> #REF!
B56: =Data!C21*Data!G21 -> 1.8943793e-09 | C56: =SQRT(B56) -> 4.3524468e-05 | D56: =Data!E21 -> 6.649463e-12 | E56: =D56-(C56*I$22+I$21) -> -7.5539005e-09 | F56: =A$1*E56/A$2 -> #REF!
B57: =Data!C22*Data!G22 -> 1.8930901e-09 | C57: =SQRT(B57) -> 4.3509655e-05 | D57: =Data!E22 -> 6.648812e-12 | E57: =D57-(C57*I$22+I$21) -> -7.5513292e-09 | F57: =A$1*E57/A$2 -> #REF!
A58: =Data!A23 -> 20 | B58: =Data!C23*Data!G23 -> 2.240877e-09 | C58: =SQRT(B58) -> 4.7337902e-05 | D58: =Data!E23 -> 6.64823e-12 | E58: =D58-(C58*I$22+I$21) -> -8.2159956e-09 | F58: =A$1*E58/A$2 -> #REF! | G58: =AVERAGE(F58:F60) -> #REF!
B59: =Data!C24*Data!G24 -> 2.2420069e-09 | C59: =SQRT(B59) -> 4.7349835e-05 | D59: =Data!E24 -> 6.645324e-12 | E59: =D59-(C59*I$22+I$21) -> -8.2180703e-09 | F59: =A$1*E59/A$2 -> #REF!
B60: =Data!C25*Data!G25 -> 2.2416157e-09 | C60: =SQRT(B60) -> 4.7345705e-05 | D60: =Data!E25 -> 6.644619e-12 | E60: =D60-(C60*I$22+I$21) -> -8.2173539e-09 | F60: =A$1*E60/A$2 -> #REF!
A61: =Data!A26 -> 30 | B61: =Data!C26*Data!G26 -> 1.9733996e-09 | C61: =SQRT(B61) -> 4.4422962e-05 | D61: =Data!E26 -> 5.654792e-12 | E61: =D61-(C61*I$22+I$21) -> -7.710893e-09 | F61: =A$1*E61/A$2 -> #REF! | G61: =AVERAGE(F61:F63) -> #REF!
B62: =Data!C27*Data!G27 -> 1.9727778e-09 | C62: =SQRT(B62) -> 4.4415963e-05 | D62: =Data!E27 -> 5.655104e-12 | E62: =D62-(C62*I$22+I$21) -> -7.7096774e-09 | F62: =A$1*E62/A$2 -> #REF!
B63: =Data!C28*Data!G28 -> 1.9729256e-09 | C63: =SQRT(B63) -> 4.4417627e-05 | D63: =Data!E28 -> 5.655472e-12 | E63: =D63-(C63*I$22+I$21) -> -7.709966e-09 | F63: =A$1*E63/A$2 -> #REF!
A64: =Data!A29 -> Openwater_3_T1_1 | B64: =Data!C29*Data!G29 -> 1.8620385e-09 | C64: =SQRT(B64) -> 4.3151345e-05 | D64: =Data!E29 -> 6.530102e-12 | E64: =D64-(C64*I$22+I$21) -> -7.4892376e-09 | F64: =A$1*E64/A$2 -> #REF! | G64: =AVERAGE(F64:F66) -> #REF!
B65: =Data!C30*Data!G30 -> 1.8613452e-09 | C65: =SQRT(B65) -> 4.314331e-05 | D65: =Data!E30 -> 6.530384e-12 | E65: =D65-(C65*I$22+I$21) -> -7.4878423e-09 | F65: =A$1*E65/A$2 -> #REF!
B66: =Data!C31*Data!G31 -> 1.8610325e-09 | C66: =SQRT(B66) -> 4.3139686e-05 | D66: =Data!E31 -> 6.530927e-12 | E66: =D66-(C66*I$22+I$21) -> -7.4872126e-09 | F66: =A$1*E66/A$2 -> #REF!
A67: =Data!A32 -> Openwater_4_T1_1 | B67: =Data!C32*Data!G32 -> 1.6311332e-09 | C67: =SQRT(B67) -> 4.038729e-05 | D67: =Data!E32 -> 6.606131e-12 | E67: =D67-(C67*I$22+I$21) -> -7.0092623e-09 | F67: =A$1*E67/A$2 -> #REF! | G67: =AVERAGE(F67:F69) -> #REF!
B68: =Data!C33*Data!G33 -> 1.6306036e-09 | C68: =SQRT(B68) -> 4.0380733e-05 | D68: =Data!E33 -> 6.60907e-12 | E68: =D68-(C68*I$22+I$21) -> -7.0081209e-09 | F68: =A$1*E68/A$2 -> #REF!
B69: =Data!C34*Data!G34 -> 1.6303752e-09 | C69: =SQRT(B69) -> 4.0377905e-05 | D69: =Data!E34 -> 6.606303e-12 | E69: =D69-(C69*I$22+I$21) -> -7.0076328e-09 | F69: =A$1*E69/A$2 -> #REF!
A70: =Data!A35 -> SAVa_IN_T1_1 | B70: =Data!C35*Data!G35 -> 1.715558e-09 | C70: =SQRT(B70) -> 4.1419295e-05 | D70: =Data!E35 -> 6.853437e-12 | E70: =D70-(C70*I$22+I$21) -> -7.1881932e-09 | F70: =A$1*E70/A$2 -> #REF! | G70: =AVERAGE(F70:F72) -> #REF!
B71: =Data!C36*Data!G36 -> 1.7164293e-09 | C71: =SQRT(B71) -> 4.1429811e-05 | D71: =Data!E36 -> 6.857506e-12 | E71: =D71-(C71*I$22+I$21) -> -7.1900151e-09 | F71: =A$1*E71/A$2 -> #REF!
B72: =Data!C37*Data!G37 -> 1.7129546e-09 | C72: =SQRT(B72) -> 4.1387856e-05 | D72: =Data!E37 -> 6.848078e-12 | E72: =D72-(C72*I$22+I$21) -> -7.1827401e-09 | F72: =A$1*E72/A$2 -> #REF!
A73: =Data!A38 -> 20 | B73: =Data!C38*Data!G38 -> 2.1970351e-09 | C73: =SQRT(B73) -> 4.6872541e-05 | D73: =Data!E38 -> 6.558675e-12 | E73: =D73-(C73*I$22+I$21) -> -8.1352885e-09 | F73: =A$1*E73/A$2 -> #REF! | G73: =AVERAGE(F73:F75) -> #REF!
B74: =Data!C39*Data!G39 -> 2.197434e-09 | C74: =SQRT(B74) -> 4.6876796e-05 | D74: =Data!E39 -> 6.557642e-12 | E74: =D74-(C74*I$22+I$21) -> -8.1360283e-09 | F74: =A$1*E74/A$2 -> #REF!
B75: =Data!C40*Data!G40 -> 2.1978797e-09 | C75: =SQRT(B75) -> 4.6881549e-05 | D75: =Data!E40 -> 6.556164e-12 | E75: =D75-(C75*I$22+I$21) -> -8.1368551e-09 | F75: =A$1*E75/A$2 -> #REF!
A76: =Data!A41 -> 30 | B76: =Data!C41*Data!G41 -> 1.9399949e-09 | C76: =SQRT(B76) -> 4.4045373e-05 | D76: =Data!E41 -> 5.582023e-12 | E76: =D76-(C76*I$22+I$21) -> -7.6454082e-09 | F76: =A$1*E76/A$2 -> #REF! | G76: =AVERAGE(F76:F78) -> #REF!
B77: =Data!C42*Data!G42 -> 1.9391791e-09 | C77: =SQRT(B77) -> 4.4036111e-05 | D77: =Data!E42 -> 5.577897e-12 | E77: =D77-(C77*I$22+I$21) -> -7.6438042e-09 | F77: =A$1*E77/A$2 -> #REF!
B78: =Data!C43*Data!G43 -> 1.9374597e-09 | C78: =SQRT(B78) -> 4.4016584e-05 | D78: =Data!E43 -> 5.575984e-12 | E78: =D78-(C78*I$22+I$21) -> -7.6404158e-09 | F78: =A$1*E78/A$2 -> #REF!
A79: =Data!#REF! -> #REF! | B79: =Data!#REF!*Data!#REF! -> #REF! | C79: =SQRT(B79) -> #REF! | D79: =Data!#REF! -> #REF! | E79: =D79-(C79*I$22+I$21) -> #REF! | F79: =A$1*E79/A$2 -> #REF! | G79: =AVERAGE(F79:F81) -> #REF!
B80: =Data!#REF!*Data!#REF! -> #REF! | C80: =SQRT(B80) -> #REF! | D80: =Data!#REF! -> #REF! | E80: =D80-(C80*I$22+I$21) -> #REF! | F80: =A$1*E80/A$2 -> #REF!
B81: =Data!#REF!*Data!#REF! -> #REF! | C81: =SQRT(B81) -> #REF! | D81: =Data!#REF! -> #REF! | E81: =D81-(C81*I$22+I$21) -> #REF! | F81: =A$1*E81/A$2 -> #REF!
A82: =Data!#REF! -> #REF! | B82: =Data!#REF!*Data!#REF! -> #REF! | C82: =SQRT(B82) -> #REF! | D82: =Data!#REF! -> #REF! | E82: =D82-(C82*I$22+I$21) -> #REF! | F82: =A$1*E82/A$2 -> #REF! | G82: =AVERAGE(F82:F84) -> #REF!
B83: =Data!#REF!*Data!#REF! -> #REF! | C83: =SQRT(B83) -> #REF! | D83: =Data!#REF! -> #REF! | E83: =D83-(C83*I$22+I$21) -> #REF! | F83: =A$1*E83/A$2 -> #REF!
B84: =Data!#REF!*Data!#REF! -> #REF! | C84: =SQRT(B84) -> #REF! | D84: =Data!#REF! -> #REF! | E84: =D84-(C84*I$22+I$21) -> #REF! | F84: =A$1*E84/A$2 -> #REF!
A85: =Data!#REF! -> #REF! | B85: =Data!#REF!*Data!#REF! -> #REF! | C85: =SQRT(B85) -> #REF! | D85: =Data!#REF! -> #REF! | E85: =D85-(C85*I$22+I$21) -> #REF! | F85: =A$1*E85/A$2 -> #REF! | G85: =AVERAGE(F85:F87) -> #REF!
B86: =Data!#REF!*Data!#REF! -> #REF! | C86: =SQRT(B86) -> #REF! | D86: =Data!#REF! -> #REF! | E86: =D86-(C86*I$22+I$21) -> #REF! | F86: =A$1*E86/A$2 -> #REF!
B87: =Data!#REF!*Data!#REF! -> #REF! | C87: =SQRT(B87) -> #REF! | D87: =Data!#REF! -> #REF! | E87: =D87-(C87*I$22+I$21) -> #REF! | F87: =A$1*E87/A$2 -> #REF!
A88: =Data!#REF! -> #REF! | B88: =Data!#REF!*Data!#REF! -> #REF! | C88: =SQRT(B88) -> #REF! | D88: =Data!#REF! -> #REF! | E88: =D88-(C88*I$22+I$21) -> #REF! | F88: =A$1*E88/A$2 -> #REF! | G88: =AVERAGE(F88:F90) -> #REF!
B89: =Data!#REF!*Data!#REF! -> #REF! | C89: =SQRT(B89) -> #REF! | D89: =Data!#REF! -> #REF! | E89: =D89-(C89*I$22+I$21) -> #REF! | F89: =A$1*E89/A$2 -> #REF!
B90: =Data!#REF!*Data!#REF! -> #REF! | C90: =SQRT(B90) -> #REF! | D90: =Data!#REF! -> #REF! | E90: =D90-(C90*I$22+I$21) -> #REF! | F90: =A$1*E90/A$2 -> #REF!
A91: =Data!#REF! -> #REF! | B91: =Data!#REF!*Data!#REF! -> #REF! | C91: =SQRT(B91) -> #REF! | D91: =Data!#REF! -> #REF! | E91: =D91-(C91*I$22+I$21) -> #REF! | F91: =A$1*E91/A$2 -> #REF! | G91: =AVERAGE(F91:F93) -> #REF!
B92: =Data!#REF!*Data!#REF! -> #REF! | C92: =SQRT(B92) -> #REF! | D92: =Data!#REF! -> #REF! | E92: =D92-(C92*I$22+I$21) -> #REF! | F92: =A$1*E92/A$2 -> #REF!
B93: =Data!#REF!*Data!#REF! -> #REF! | C93: =SQRT(B93) -> #REF! | D93: =Data!#REF! -> #REF! | E93: =D93-(C93*I$22+I$21) -> #REF! | F93: =A$1*E93/A$2 -> #REF!
A94: =Data!#REF! -> #REF! | B94: =Data!#REF!*Data!#REF! -> #REF! | C94: =SQRT(B94) -> #REF! | D94: =Data!#REF! -> #REF! | E94: =D94-(C94*I$22+I$21) -> #REF! | F94: =A$1*E94/A$2 -> #REF! | G94: =AVERAGE(F94:F96) -> #REF!
B95: =Data!#REF!*Data!#REF! -> #REF! | C95: =SQRT(B95) -> #REF! | D95: =Data!#REF! -> #REF! | E95: =D95-(C95*I$22+I$21) -> #REF! | F95: =A$1*E95/A$2 -> #REF!
B96: =Data!#REF!*Data!#REF! -> #REF! | C96: =SQRT(B96) -> #REF! | D96: =Data!#REF! -> #REF! | E96: =D96-(C96*I$22+I$21) -> #REF! | F96: =A$1*E96/A$2 -> #REF!
A97: =Data!#REF! -> #REF! | B97: =Data!#REF!*Data!#REF! -> #REF! | C97: =SQRT(B97) -> #REF! | D97: =Data!#REF! -> #REF! | E97: =D97-(C97*I$22+I$21) -> #REF! | F97: =A$1*E97/A$2 -> #REF! | G97: =AVERAGE(F97:F99) -> #REF!
B98: =Data!#REF!*Data!#REF! -> #REF! | C98: =SQRT(B98) -> #REF! | D98: =Data!#REF! -> #REF! | E98: =D98-(C98*I$22+I$21) -> #REF! | F98: =A$1*E98/A$2 -> #REF!
B99: =Data!#REF!*Data!#REF! -> #REF! | C99: =SQRT(B99) -> #REF! | D99: =Data!#REF! -> #REF! | E99: =D99-(C99*I$22+I$21) -> #REF! | F99: =A$1*E99/A$2 -> #REF!
A100: =Data!#REF! -> #REF! | B100: =Data!#REF!*Data!#REF! -> #REF! | C100: =SQRT(B100) -> #REF! | D100: =Data!#REF! -> #REF! | E100: =D100-(C100*I$22+I$21) -> #REF! | F100: =A$1*E100/A$2 -> #REF! | G100: =AVERAGE(F100:F102) -> #REF!
B101: =Data!#REF!*Data!#REF! -> #REF! | C101: =SQRT(B101) -> #REF! | D101: =Data!#REF! -> #REF! | E101: =D101-(C101*I$22+I$21) -> #REF! | F101: =A$1*E101/A$2 -> #REF!
B102: =Data!#REF!*Data!#REF! -> #REF! | C102: =SQRT(B102) -> #REF! | D102: =Data!#REF! -> #REF! | E102: =D102-(C102*I$22+I$21) -> #REF! | F102: =A$1*E102/A$2 -> #REF!
...

Sheet 29N2
A1: ='30N2'!A1 -> 531.2 | B1: =actual N2 at 20/0
A2: ='30N2'!A2 -> #REF! | B2: =average measured N2 at 20/0
B4: x | C4: y | E4: N29 based
B5: N28 | C5: N29 | D5: Excess | E5: on N2 | G5: SUMMARY OUTPUT
A7: ='30N2'!A7 -> 20 | B7: =Data!C8 -> 1.799815e-10 | C7: =Data!D8 -> 8.624249e-11 | D7: =C7-(B7*H$22+H$21) -> 8.2248582e-11 | E7: =A$1*D7/A$2 -> #REF! | G7: Regression Statistics
B8: =Data!C9 -> 1.799493e-10 | C8: =Data!D9 -> 8.622027e-11 | D8: =C8-(B8*H$22+H$21) -> 8.2226587e-11 | E8: =A$1*D8/A$2 -> #REF! | G8: Multiple R | H8: 0.9998193
B9: =Data!C10 -> 1.799072e-10 | C9: =Data!D10 -> 8.619193e-11 | D9: =C9-(B9*H$22+H$21) -> 8.2198542e-11 | E9: =A$1*D9/A$2 -> #REF! | G9: R Square | H9: 0.99963863
A10: ='30N2'!A10 -> 30 | B10: =Data!C11 -> 1.55852e-10 | C10: =Data!D11 -> 7.299936e-11 | D10: =C10-(B10*H$22+H$21) -> 6.9174249e-11 | E10: =A$1*D10/A$2 -> #REF! | G10: Adjusted R Square | H10: 0.99963077
B11: =Data!C12 -> 1.558354e-10 | C11: =Data!D12 -> 7.298733e-11 | D11: =C11-(B11*H$22+H$21) -> 6.9162335e-11 | E11: =A$1*D11/A$2 -> #REF! | G11: Standard Error | H11: 6.367191e-13
B12: =Data!C13 -> 1.557933e-10 | C12: =Data!D13 -> 7.295643e-11 | D12: =C12-(B12*H$22+H$21) -> 6.9131729e-11 | E12: =A$1*D12/A$2 -> #REF! | G12: Observations | H12: 48
A13: ='30N2'!A13 -> Openwater_IN_T1_1 | B13: =Data!C14 -> 1.772586e-10 | C13: =Data!D14 -> 7.645243e-11 | D13: =C13-(B13*H$22+H$21) -> 7.247757e-11 | E13: =A$1*D13/A$2 -> #REF!
B14: =Data!C15 -> 1.77281e-10 | C14: =Data!D15 -> 7.645484e-11 | D14: =C14-(B14*H$22+H$21) -> 7.2479823e-11 | E14: =A$1*D14/A$2 -> #REF! | G14: ANOVA
B15: =Data!C16 -> 1.7734e-10 | C15: =Data!D16 -> 7.645477e-11 | D15: =C15-(B15*H$22+H$21) -> 7.2479341e-11 | E15: =A$1*D15/A$2 -> #REF! | H15: df | I15: SS | J15: MS | K15: F | L15: Significance F
A16: ='30N2'!A16 -> Openwater_1_T1_1 | B16: =Data!C17 -> 1.781335e-10 | C16: =Data!D17 -> 7.037435e-11 | D16: =C16-(B16*H$22+H$21) -> 6.639337e-11 | E16: =A$1*D16/A$2 -> #REF! | G16: Regression | H16: 1 | I16: 5.1586937e-20 | J16: 5.1586937e-20 | K16: 127245.96 | L16: 7.9668052e-81
B17: =Data!C18 -> 1.781614e-10 | C17: =Data!D18 -> 7.035529e-11 | D17: =C17-(B17*H$22+H$21) -> 6.6374115e-11 | E17: =A$1*D17/A$2 -> #REF! | G17: Residual | H17: 46 | I17: 1.8648916e-23 | J17: 4.0541121e-25
B18: =Data!C19 -> 1.781898e-10 | C18: =Data!D19 -> 7.028046e-11 | D18: =C18-(B18*H$22+H$21) -> 6.6299086e-11 | E18: =A$1*D18/A$2 -> #REF! | G18: Total | H18: 47 | I18: 5.1605586e-20
A19: ='30N2'!A19 -> #REF! | B19: =Data!#REF! -> #REF! | C19: =Data!#REF! -> #REF! | D19: =C19-(B19*H$22+H$21) -> #REF! | E19: =A$1*D19/A$2 -> #REF!
B20: =Data!#REF! -> #REF! | C20: =Data!#REF! -> #REF! | D20: =C20-(B20*H$22+H$21) -> #REF! | E20: =A$1*D20/A$2 -> #REF! | H20: Coefficients | I20: Standard Error | J20: t Stat | K20: P-value | L20: Lower 95% | M20: Upper 95% | N20: Lower 95.0% | O20: Upper 95.0%
B21: =Data!#REF! -> #REF! | C21: =Data!#REF! -> #REF! | D21: =C21-(B21*H$22+H$21) -> #REF! | E21: =A$1*D21/A$2 -> #REF! | G21: Intercept | H21: 2.7348578e-12 | I21: 1.0787438e-12 | J21: 2.5352245 | K21: 0.014701501 | L21: 5.6345907e-13 | M21: 4.9062565e-12 | N21: 5.6345907e-13 | O21: 4.9062565e-12
A22: ='30N2'!A22 -> #REF! | B22: =Data!#REF! -> #REF! | C22: =Data!#REF! -> #REF! | D22: =C22-(B22*H$22+H$21) -> #REF! | E22: =A$1*D22/A$2 -> #REF! | G22: X Variable 1 | H22: 0.0069954418 | I22: 1.9610703e-05 | J22: 356.71551 | K22: 7.9668052e-81 | L22: 0.0069559675 | M22: 0.0070349161 | N22: 0.0069559675 | O22: 0.0070349161
B23: =Data!#REF! -> #REF! | C23: =Data!#REF! -> #REF! | D23: =C23-(B23*H$22+H$21) -> #REF! | E23: =A$1*D23/A$2 -> #REF!
B24: =Data!#REF! -> #REF! | C24: =Data!#REF! -> #REF! | D24: =C24-(B24*H$22+H$21) -> #REF! | E24: =A$1*D24/A$2 -> #REF!
A25: ='30N2'!A25 -> #REF! | B25: =Data!#REF! -> #REF! | C25: =Data!#REF! -> #REF! | D25: =C25-(B25*H$22+H$21) -> #REF! | E25: =A$1*D25/A$2 -> #REF!
B26: =Data!#REF! -> #REF! | C26: =Data!#REF! -> #REF! | D26: =C26-(B26*H$22+H$21) -> #REF! | E26: =A$1*D26/A$2 -> #REF!
B27: =Data!#REF! -> #REF! | C27: =Data!#REF! -> #REF! | D27: =C27-(B27*H$22+H$21) -> #REF! | E27: =A$1*D27/A$2 -> #REF!
A28: ='30N2'!A28 -> #REF! | B28: =Data!#REF! -> #REF! | C28: =Data!#REF! -> #REF! | D28: =C28-(B28*H$22+H$21) -> #REF! | E28: =A$1*D28/A$2 -> #REF!
B29: =Data!#REF! -> #REF! | C29: =Data!#REF! -> #REF! | D29: =C29-(B29*H$22+H$21) -> #REF! | E29: =A$1*D29/A$2 -> #REF!
B30: =Data!#REF! -> #REF! | C30: =Data!#REF! -> #REF! | D30: =C30-(B30*H$22+H$21) -> #REF! | E30: =A$1*D30/A$2 -> #REF!
A31: ='30N2'!A31 -> #REF! | B31: =Data!#REF! -> #REF! | C31: =Data!#REF! -> #REF! | D31: =C31-(B31*H$22+H$21) -> #REF! | E31: =A$1*D31/A$2 -> #REF!
B32: =Data!#REF! -> #REF! | C32: =Data!#REF! -> #REF! | D32: =C32-(B32*H$22+H$21) -> #REF! | E32: =A$1*D32/A$2 -> #REF!
B33: =Data!#REF! -> #REF! | C33: =Data!#REF! -> #REF! | D33: =C33-(B33*H$22+H$21) -> #REF! | E33: =A$1*D33/A$2 -> #REF!
A34: ='30N2'!A34 -> #REF! | B34: =Data!#REF! -> #REF! | C34: =Data!#REF! -> #REF! | D34: =C34-(B34*H$22+H$21) -> #REF! | E34: =A$1*D34/A$2 -> #REF!
B35: =Data!#REF! -> #REF! | C35: =Data!#REF! -> #REF! | D35: =C35-(B35*H$22+H$21) -> #REF! | E35: =A$1*D35/A$2 -> #REF!
B36: =Data!#REF! -> #REF! | C36: =Data!#REF! -> #REF! | D36: =C36-(B36*H$22+H$21) -> #REF! | E36: =A$1*D36/A$2 -> #REF!
A37: ='30N2'!A37 -> #REF! | B37: =Data!#REF! -> #REF! | C37: =Data!#REF! -> #REF! | D37: =C37-(B37*H$22+H$21) -> #REF! | E37: =A$1*D37/A$2 -> #REF!
B38: =Data!#REF! -> #REF! | C38: =Data!#REF! -> #REF! | D38: =C38-(B38*H$22+H$21) -> #REF! | E38: =A$1*D38/A$2 -> #REF!
B39: =Data!#REF! -> #REF! | C39: =Data!#REF! -> #REF! | D39: =C39-(B39*H$22+H$21) -> #REF! | E39: =A$1*D39/A$2 -> #REF!
A40: ='30N2'!A40 -> #REF! | B40: =Data!#REF! -> #REF! | C40: =Data!#REF! -> #REF! | D40: =C40-(B40*H$22+H$21) -> #REF! | E40: =A$1*D40/A$2 -> #REF!
B41: =Data!#REF! -> #REF! | C41: =Data!#REF! -> #REF! | D41: =C41-(B41*H$22+H$21) -> #REF! | E41: =A$1*D41/A$2 -> #REF!
B42: =Data!#REF! -> #REF! | C42: =Data!#REF! -> #REF! | D42: =C42-(B42*H$22+H$21) -> #REF! | E42: =A$1*D42/A$2 -> #REF!
A43: ='30N2'!A31 -> #REF! | B43: =Data!#REF! -> #REF! | C43: =Data!#REF! -> #REF! | D43: =C43-(B43*H$22+H$21) -> #REF! | E43: =A$1*D43/A$2 -> #REF!
B44: =Data!#REF! -> #REF! | C44: =Data!#REF! -> #REF! | D44: =C44-(B44*H$22+H$21) -> #REF! | E44: =A$1*D44/A$2 -> #REF!
B45: =Data!#REF! -> #REF! | C45: =Data!#REF! -> #REF! | D45: =C45-(B45*H$22+H$21) -> #REF! | E45: =A$1*D45/A$2 -> #REF!
A46: ='30N2'!A34 -> #REF! | B46: =Data!#REF! -> #REF! | C46: =Data!#REF! -> #REF! | D46: =C46-(B46*H$22+H$21) -> #REF! | E46: =A$1*D46/A$2 -> #REF!
B47: =Data!#REF! -> #REF! | C47: =Data!#REF! -> #REF! | D47: =C47-(B47*H$22+H$21) -> #REF! | E47: =A$1*D47/A$2 -> #REF!
B48: =Data!#REF! -> #REF! | C48: =Data!#REF! -> #REF! | D48: =C48-(B48*H$22+H$21) -> #REF! | E48: =A$1*D48/A$2 -> #REF!
A49: ='30N2'!A37 -> #REF! | B49: =Data!#REF! -> #REF! | C49: =Data!#REF! -> #REF! | D49: =C49-(B49*H$22+H$21) -> #REF! | E49: =A$1*D49/A$2 -> #REF!
B50: =Data!#REF! -> #REF! | C50: =Data!#REF! -> #REF! | D50: =C50-(B50*H$22+H$21) -> #REF! | E50: =A$1*D50/A$2 -> #REF!
B51: =Data!#REF! -> #REF! | C51: =Data!#REF! -> #REF! | D51: =C51-(B51*H$22+H$21) -> #REF! | E51: =A$1*D51/A$2 -> #REF!
A52: ='30N2'!A40 -> #REF! | B52: =Data!#REF! -> #REF! | C52: =Data!#REF! -> #REF! | D52: =C52-(B52*H$22+H$21) -> #REF! | E52: =A$1*D52/A$2 -> #REF!
B53: =Data!#REF! -> #REF! | C53: =Data!#REF! -> #REF! | D53: =C53-(B53*H$22+H$21) -> #REF! | E53: =A$1*D53/A$2 -> #REF!
B54: =Data!#REF! -> #REF! | C54: =Data!#REF! -> #REF! | D54: =C54-(B54*H$22+H$21) -> #REF! | E54: =A$1*D54/A$2 -> #REF!
A55: ='30N2'!A55 -> Openwater_2_T1_1 | B55: =Data!C20 -> 1.789278e-10 | C55: =Data!D20 -> 7.041765e-11 | D55: =C55-(B55*H$22+H$21) -> 6.6431113e-11 | E55: =A$1*D55/A$2 -> #REF! | F55: =AVERAGE(E55:E57) -> #REF!
B56: =Data!C21 -> 1.78887e-10 | C56: =Data!D21 -> 7.041652e-11 | D56: =C56-(B56*H$22+H$21) -> 6.6430269e-11 | E56: =A$1*D56/A$2 -> #REF!
B57: =Data!C22 -> 1.7881e-10 | C57: =Data!D22 -> 7.039201e-11 | D57: =C57-(B57*H$22+H$21) -> 6.6406297e-11 | E57: =A$1*D57/A$2 -> #REF!
A58: ='30N2'!A58 -> 20 | B58: =Data!C23 -> 1.774373e-10 | C58: =Data!D23 -> 8.39613e-11 | D58: =C58-(B58*H$22+H$21) -> 7.998519e-11 | E58: =A$1*D58/A$2 -> #REF! | F58: =AVERAGE(E58:E60) -> #REF!
B59: =Data!C24 -> 1.773901e-10 | C59: =Data!D24 -> 8.398926e-11 | D59: =C59-(B59*H$22+H$21) -> 8.001348e-11 | E59: =A$1*D59/A$2 -> #REF!
B60: =Data!C25 -> 1.773144e-10 | C60: =Data!D25 -> 8.400151e-11 | D60: =C60-(B60*H$22+H$21) -> 8.002626e-11 | E60: =A$1*D60/A$2 -> #REF!
A61: ='30N2'!A61 -> 30 | B61: =Data!C26 -> 1.545517e-10 | C61: =Data!D26 -> 7.220345e-11 | D61: =C61-(B61*H$22+H$21) -> 6.8387435e-11 | E61: =A$1*D61/A$2 -> #REF! | F61: =AVERAGE(E61:E63) -> #REF!
B62: =Data!C27 -> 1.545312e-10 | C62: =Data!D27 -> 7.219427e-11 | D62: =C62-(B62*H$22+H$21) -> 6.8378398e-11 | E62: =A$1*D62/A$2 -> #REF!
B63: =Data!C28 -> 1.545475e-10 | C63: =Data!D28 -> 7.219674e-11 | D63: =C63-(B63*H$22+H$21) -> 6.8380754e-11 | E63: =A$1*D63/A$2 -> #REF!
A64: ='30N2'!A64 -> Openwater_3_T1_1 | B64: =Data!C29 -> 1.747079e-10 | C64: =Data!D29 -> 6.95979e-11 | D64: =C64-(B64*H$22+H$21) -> 6.5640883e-11 | E64: =A$1*D64/A$2 -> #REF! | F64: =AVERAGE(E64:E66) -> #REF!
B65: =Data!C30 -> 1.746871e-10 | C65: =Data!D30 -> 6.958327e-11 | D65: =C65-(B65*H$22+H$21) -> 6.5626399e-11 | E65: =A$1*D65/A$2 -> #REF!
B66: =Data!C31 -> 1.746812e-10 | C66: =Data!D31 -> 6.957972e-11 | D66: =C66-(B66*H$22+H$21) -> 6.562289e-11 | E66: =A$1*D66/A$2 -> #REF!
A67: ='30N2'!A67 -> Openwater_4_T1_1 | B67: =Data!C32 -> 1.765403e-10 | C67: =Data!D32 -> 6.103694e-11 | D67: =C67-(B67*H$22+H$21) -> 5.7067105e-11 | E67: =A$1*D67/A$2 -> #REF! | F67: =AVERAGE(E67:E69) -> #REF!
B68: =Data!C33 -> 1.765737e-10 | C68: =Data!D33 -> 6.103272e-11 | D68: =C68-(B68*H$22+H$21) -> 5.7062651e-11 | E68: =A$1*D68/A$2 -> #REF!
B69: =Data!C34 -> 1.76558e-10 | C69: =Data!D34 -> 6.100405e-11 | D69: =C69-(B69*H$22+H$21) -> 5.7034091e-11 | E69: =A$1*D69/A$2 -> #REF!
A70: ='30N2'!A70 -> SAVa_IN_T1_1 | B70: =Data!C35 -> 1.906481e-10 | C70: =Data!D35 -> 6.167105e-11 | D70: =C70-(B70*H$22+H$21) -> 5.7602525e-11 | E70: =A$1*D70/A$2 -> #REF! | F70: =AVERAGE(E70:E72) -> #REF!
B71: =Data!C36 -> 1.907207e-10 | C71: =Data!D36 -> 6.171551e-11 | D71: =C71-(B71*H$22+H$21) -> 5.7646477e-11 | E71: =A$1*D71/A$2 -> #REF!
B72: =Data!C37 -> 1.904206e-10 | C72: =Data!D37 -> 6.160282e-11 | D72: =C72-(B72*H$22+H$21) -> 5.7535886e-11 | E72: =A$1*D72/A$2 -> #REF!
A73: ='30N2'!A73 -> 20 | B73: =Data!C38 -> 1.751026e-10 | C73: =Data!D38 -> 8.229256e-11 | D73: =C73-(B73*H$22+H$21) -> 7.8332782e-11 | E73: =A$1*D73/A$2 -> #REF! | F73: =AVERAGE(E73:E75) -> #REF!
B74: =Data!C39 -> 1.750518e-10 | C74: =Data!D39 -> 8.231842e-11 | D74: =C74-(B74*H$22+H$21) -> 7.8358998e-11 | E74: =A$1*D74/A$2 -> #REF!
B75: =Data!C40 -> 1.75007e-10 | C75: =Data!D40 -> 8.233762e-11 | D75: =C75-(B75*H$22+H$21) -> 7.8378511e-11 | E75: =A$1*D75/A$2 -> #REF!
A76: ='30N2'!A76 -> 30 | B76: =Data!C41 -> 1.526047e-10 | C76: =Data!D41 -> 7.096176e-11 | D76: =C76-(B76*H$22+H$21) -> 6.7159365e-11 | E76: =A$1*D76/A$2 -> #REF! | F76: =AVERAGE(E76:E78) -> #REF!
B77: =Data!C42 -> 1.524989e-10 | C77: =Data!D42 -> 7.092865e-11 | D77: =C77-(B77*H$22+H$21) -> 6.7126995e-11 | E77: =A$1*D77/A$2 -> #REF!
B78: =Data!C43 -> 1.523994e-10 | C78: =Data!D43 -> 7.088772e-11 | D78: =C78-(B78*H$22+H$21) -> 6.7086761e-11 | E78: =A$1*D78/A$2 -> #REF!
A79: ='30N2'!A79 -> #REF! | B79: =Data!#REF! -> #REF! | C79: =Data!#REF! -> #REF! | D79: =C79-(B79*H$22+H$21) -> #REF! | E79: =A$1*D79/A$2 -> #REF! | F79: =AVERAGE(E79:E81) -> #REF!
B80: =Data!#REF! -> #REF! | C80: =Data!#REF! -> #REF! | D80: =C80-(B80*H$22+H$21) -> #REF! | E80: =A$1*D80/A$2 -> #REF!
B81: =Data!#REF! -> #REF! | C81: =Data!#REF! -> #REF! | D81: =C81-(B81*H$22+H$21) -> #REF! | E81: =A$1*D81/A$2 -> #REF!
A82: ='30N2'!A82 -> #REF! | B82: =Data!#REF! -> #REF! | C82: =Data!#REF! -> #REF! | D82: =C82-(B82*H$22+H$21) -> #REF! | E82: =A$1*D82/A$2 -> #REF! | F82: =AVERAGE(E82:E84) -> #REF!
B83: =Data!#REF! -> #REF! | C83: =Data!#REF! -> #REF! | D83: =C83-(B83*H$22+H$21) -> #REF! | E83: =A$1*D83/A$2 -> #REF!
B84: =Data!#REF! -> #REF! | C84: =Data!#REF! -> #REF! | D84: =C84-(B84*H$22+H$21) -> #REF! | E84: =A$1*D84/A$2 -> #REF!
A85: ='30N2'!A85 -> #REF! | B85: =Data!#REF! -> #REF! | C85: =Data!#REF! -> #REF! | D85: =C85-(B85*H$22+H$21) -> #REF! | E85: =A$1*D85/A$2 -> #REF! | F85: =AVERAGE(E85:E87) -> #REF!
B86: =Data!#REF! -> #REF! | C86: =Data!#REF! -> #REF! | D86: =C86-(B86*H$22+H$21) -> #REF! | E86: =A$1*D86/A$2 -> #REF!
B87: =Data!#REF! -> #REF! | C87: =Data!#REF! -> #REF! | D87: =C87-(B87*H$22+H$21) -> #REF! | E87: =A$1*D87/A$2 -> #REF!
A88: ='30N2'!A88 -> #REF! | B88: =Data!#REF! -> #REF! | C88: =Data!#REF! -> #REF! | D88: =C88-(B88*H$22+H$21) -> #REF! | E88: =A$1*D88/A$2 -> #REF! | F88: =AVERAGE(E88:E90) -> #REF!
B89: =Data!#REF! -> #REF! | C89: =Data!#REF! -> #REF! | D89: =C89-(B89*H$22+H$21) -> #REF! | E89: =A$1*D89/A$2 -> #REF!
B90: =Data!#REF! -> #REF! | C90: =Data!#REF! -> #REF! | D90: =C90-(B90*H$22+H$21) -> #REF! | E90: =A$1*D90/A$2 -> #REF!
A91: ='30N2'!A91 -> #REF! | B91: =Data!#REF! -> #REF! | C91: =Data!#REF! -> #REF! | D91: =C91-(B91*H$22+H$21) -> #REF! | E91: =A$1*D91/A$2 -> #REF! | F91: =AVERAGE(E91:E93) -> #REF!
B92: =Data!#REF! -> #REF! | C92: =Data!#REF! -> #REF! | D92: =C92-(B92*H$22+H$21) -> #REF! | E92: =A$1*D92/A$2 -> #REF!
B93: =Data!#REF! -> #REF! | C93: =Data!#REF! -> #REF! | D93: =C93-(B93*H$22+H$21) -> #REF! | E93: =A$1*D93/A$2 -> #REF!
A94: ='30N2'!A94 -> #REF! | B94: =Data!#REF! -> #REF! | C94: =Data!#REF! -> #REF! | D94: =C94-(B94*H$22+H$21) -> #REF! | E94: =A$1*D94/A$2 -> #REF! | F94: =AVERAGE(E94:E96) -> #REF!
B95: =Data!#REF! -> #REF! | C95: =Data!#REF! -> #REF! | D95: =C95-(B95*H$22+H$21) -> #REF! | E95: =A$1*D95/A$2 -> #REF!
B96: =Data!#REF! -> #REF! | C96: =Data!#REF! -> #REF! | D96: =C96-(B96*H$22+H$21) -> #REF! | E96: =A$1*D96/A$2 -> #REF!
A97: ='30N2'!A97 -> #REF! | B97: =Data!#REF! -> #REF! | C97: =Data!#REF! -> #REF! | D97: =C97-(B97*H$22+H$21) -> #REF! | E97: =A$1*D97/A$2 -> #REF! | F97: =AVERAGE(E97:E99) -> #REF!
B98: =Data!#REF! -> #REF! | C98: =Data!#REF! -> #REF! | D98: =C98-(B98*H$22+H$21) -> #REF! | E98: =A$1*D98/A$2 -> #REF!
B99: =Data!#REF! -> #REF! | C99: =Data!#REF! -> #REF! | D99: =C99-(B99*H$22+H$21) -> #REF! | E99: =A$1*D99/A$2 -> #REF!
A100: ='30N2'!A100 -> #REF! | B100: =Data!#REF! -> #REF! | C100: =Data!#REF! -> #REF! | D100: =C100-(B100*H$22+H$21) -> #REF! | E100: =A$1*D100/A$2 -> #REF! | F100: =AVERAGE(E100:E102) -> #REF!
B101: =Data!#REF! -> #REF! | C101: =Data!#REF! -> #REF! | D101: =C101-(B101*H$22+H$21) -> #REF! | E101: =A$1*D101/A$2 -> #REF!
B102: =Data!#REF! -> #REF! | C102: =Data!#REF! -> #REF! | D102: =C102-(B102*H$22+H$21) -> #REF! | E102: =A$1*D102/A$2 -> #REF!
...
